run_id,frame_number,timestamp,source,state,previous_state,transition_reason,target_present,ground_truth_x,ground_truth_y,ideal_projected_x,ideal_projected_y,rendered_centroid_x,rendered_centroid_y,estimated_centroid_x,estimated_centroid_y,centroid_error_ideal,centroid_error_rendered,tracking_error,detection_confidence,candidate_count,detection_valid,pan_angle,tilt_angle,pan_command,tilt_command,processing_time_ms,fps
run_1788625614,0,0.0,SIMULATION,SEARCHING,SEARCHING,Reset,False,752.7679466197553,1893.5928379936115,,,,,,,,,,0.0,0,False,-0.03333333333333333,-0.025,-1.0,-0.75,12.61799999338109,79.25186246033927
run_1788625614,1,0.03333333333333333,SIMULATION,SEARCHING,SEARCHING,Reset,False,753.9464579217329,1894.771349295589,,,,,,,,,,0.0,0,False,-0.06666666666666667,-0.05,-1.0,-0.75,7.952800006023608,125.74187697950158
run_1788625614,2,0.06666666666666667,SIMULATION,SEARCHING,SEARCHING,Reset,False,755.1249692237104,1895.9498605975666,,,,,,,,,,0.0,0,False,-0.1,-0.07500000000000001,-1.0,-0.75,5.725000009988435,174.6724887782175
run_1788625614,3,0.1,SIMULATION,SEARCHING,SEARCHING,Reset,False,756.303480525688,1897.1283718995442,,,,,,,,,,0.0,0,False,-0.13333333333333333,-0.1,-1.0,-0.75,7.401700000627898,135.10409769582236
run_1788625614,4,0.13333333333333333,SIMULATION,SEARCHING,SEARCHING,Reset,False,757.4819918276655,1898.3068832015217,,,,,,,,,,0.0,0,False,-0.16666666666666666,-0.125,-1.0,-0.75,7.996700005605817,125.05158369064536
run_1788625614,5,0.16666666666666666,SIMULATION,SEARCHING,SEARCHING,Reset,False,758.6605031296431,1899.4853945034993,,,,,,,,,,0.0,0,False,-0.19999999999999998,-0.15,-1.0,-0.75,8.390499991946854,119.18240879086984
run_1788625614,6,0.19999999999999998,SIMULATION,SEARCHING,SEARCHING,Reset,False,759.8390144316206,1900.6639058054768,,,,,,,,,,0.0,0,False,-0.2333333333333333,-0.175,-1.0,-0.75,5.79680000373628,172.508970355275
run_1788625614,7,0.2333333333333333,SIMULATION,SEARCHING,SEARCHING,Reset,False,761.0175257335982,1901.8424171074544,,,,,,,,,,0.0,0,False,-0.26666666666666666,-0.19999999999999998,-1.0,-0.75,4.4421999918995425,225.11368282011702
run_1788625614,8,0.26666666666666666,SIMULATION,SEARCHING,SEARCHING,Reset,False,762.1960370355757,1903.020928409432,,,,,,,,,,0.0,0,False,-0.3,-0.22499999999999998,-1.0,-0.75,5.041800002800301,198.34186192323835
run_1788625614,9,0.3,SIMULATION,SEARCHING,SEARCHING,Reset,False,763.3745483375533,1904.1994397114095,,,,,,,,,,0.0,0,False,-0.3333333333333333,-0.24999999999999997,-1.0,-0.75,5.297299998346716,188.77541394901164
run_1788625614,10,0.3333333333333333,SIMULATION,SEARCHING,SEARCHING,Reset,False,764.5530596395308,1905.377951013387,,,,,,,,,,0.0,0,False,-0.36666666666666664,-0.27499999999999997,-1.0,-0.75,5.285800012643449,189.1861208536144
run_1788625614,11,0.36666666666666664,SIMULATION,SEARCHING,SEARCHING,Reset,False,765.7315709415084,1906.5564623153646,,,,,,,,,,0.0,0,False,-0.39999999999999997,-0.3,-1.0,-0.75,5.726799994590692,174.61758764834818
run_1788625614,12,0.39999999999999997,SIMULATION,SEARCHING,SEARCHING,Reset,False,766.9100822434859,1907.7349736173421,,,,,,,,,,0.0,0,False,-0.4333333333333333,-0.325,-1.0,-0.75,8.543399992049672,117.04941837331522
run_1788625614,13,0.4333333333333333,SIMULATION,SEARCHING,SEARCHING,Reset,False,768.0885935454635,1908.9134849193197,,,,,,,,,,0.0,0,False,-0.4666666666666666,-0.35000000000000003,-1.0,-0.75,8.13919999927748,122.86219776990004
run_1788625614,14,0.4666666666666666,SIMULATION,SEARCHING,SEARCHING,Reset,False,769.267104847441,1910.0919962212972,,,,,,,,,,0.0,0,False,-0.49999999999999994,-0.37500000000000006,-1.0,-0.75,5.970400001388043,167.49296525651758
run_1788625614,15,0.49999999999999994,SIMULATION,SEARCHING,SEARCHING,Reset,False,770.4456161494186,1911.2705075232748,,,,,,,,,,0.0,0,False,-0.5333333333333333,-0.4000000000000001,-1.0,-0.75,5.915699992328882,169.04170280723142
run_1788625614,16,0.5333333333333333,SIMULATION,SEARCHING,SEARCHING,Reset,False,771.6241274513961,1912.4490188252523,,,,,,,,,,0.0,0,False,-0.5666666666666667,-0.4250000000000001,-1.0,-0.75,7.921500000520609,126.23871740633453
run_1788625614,17,0.5666666666666667,SIMULATION,SEARCHING,SEARCHING,Reset,False,772.8026387533737,1913.6275301272299,,,,,,,,,,0.0,0,False,-0.6,-0.4500000000000001,-1.0,-0.75,6.696500000543892,149.3317404493063
run_1788625614,18,0.6,SIMULATION,SEARCHING,SEARCHING,Reset,False,773.9811500553512,1914.8060414292074,,,,,,,,,,0.0,0,False,-0.6333333333333333,-0.47500000000000014,-1.0,-0.75,9.61930000630673,103.95766836925421
run_1788625614,19,0.6333333333333333,SIMULATION,SEARCHING,SEARCHING,Reset,False,775.1596613573288,1915.984552731185,,,,,,,,,,0.0,0,False,-0.6666666666666666,-0.5000000000000001,-1.0,-0.75,8.246400000643916,121.26503685510228
run_1788625614,20,0.6666666666666666,SIMULATION,SEARCHING,SEARCHING,Reset,False,776.3381726593063,1917.1630640331625,,,,,,,,,,0.0,0,False,-0.7,-0.5250000000000001,-1.0,-0.75,11.007900000549853,90.8438485042605
run_1788625614,21,0.7,SIMULATION,SEARCHING,SEARCHING,Reset,False,777.5166839612839,1918.34157533514,,,,,,,,,,0.0,0,False,-0.7333333333333333,-0.5500000000000002,-1.0,-0.75,10.472599999047816,95.48727155538467
run_1788625614,22,0.7333333333333333,SIMULATION,SEARCHING,SEARCHING,Reset,False,778.6951952632614,1919.5200866371176,,,,,,,,,,0.0,0,False,-0.7666666666666666,-0.5750000000000002,-1.0,-0.75,9.521400002995506,105.02657168960366
run_1788625614,23,0.7666666666666666,SIMULATION,SEARCHING,SEARCHING,Reset,False,779.873706565239,1920.6985979390952,,,,,,,,,,0.0,0,False,-0.7999999999999999,-0.6000000000000002,-1.0,-0.75,12.17369998630602,82.1442947604165
run_1788625614,24,0.7999999999999999,SIMULATION,SEARCHING,SEARCHING,Reset,False,781.0522178672165,1921.8771092410727,,,,,,,,,,0.0,0,False,-0.8333333333333333,-0.6250000000000002,-1.0,-0.75,9.38970000424888,106.49967512779915
run_1788625614,25,0.8333333333333333,SIMULATION,SEARCHING,SEARCHING,Reset,False,782.2307291691941,1923.0556205430503,,,,,,,,,,0.0,0,False,-0.8666666666666666,-0.6500000000000002,-1.0,-0.75,9.751799996593036,102.54517118371662
run_1788625614,26,0.8666666666666666,SIMULATION,SEARCHING,SEARCHING,Reset,False,783.4092404711716,1924.2341318450278,,,,,,,,,,0.0,0,False,-0.8999999999999999,-0.6750000000000003,-1.0,-0.75,10.407499998109415,96.08455442533327
run_1788625614,27,0.8999999999999999,SIMULATION,SEARCHING,SEARCHING,Reset,False,784.5877517731492,1925.4126431470054,,,,,,,,,,0.0,0,False,-0.9333333333333332,-0.7000000000000003,-1.0,-0.75,9.185200004139915,108.87079209481385
run_1788625614,28,0.9333333333333332,SIMULATION,SEARCHING,SEARCHING,Reset,False,785.7662630751267,1926.591154448983,,,,,,,,,,0.0,0,False,-0.9666666666666666,-0.7250000000000003,-1.0,-0.75,9.236900004907511,108.26142964292195
run_1788625614,29,0.9666666666666666,SIMULATION,SEARCHING,SEARCHING,Reset,False,786.9447743771043,1927.7696657509605,,,,,,,,,,0.0,0,False,-0.9999999999999999,-0.7500000000000003,-1.0,-0.75,7.10429999162443,140.75982168249422
run_1788625614,30,0.9999999999999999,SIMULATION,SEARCHING,SEARCHING,Reset,False,788.1232856790818,1928.948177052938,,,,,,,,,,0.0,0,False,-1.0333333333333332,-0.7750000000000004,-1.0,-0.75,6.550000005518086,152.67175559657161
run_1788625614,31,1.0333333333333332,SIMULATION,SEARCHING,SEARCHING,Reset,False,789.3017969810594,1930.1266883549156,,,,,,,,,,0.0,0,False,-1.0666666666666667,-0.8000000000000004,-1.0,-0.75,5.2509000088321045,190.44354269134487
run_1788625614,32,1.0666666666666667,SIMULATION,SEARCHING,SEARCHING,Reset,False,790.480308283037,1931.3051996568931,,,,,,,,,,0.0,0,False,-1.1,-0.8250000000000004,-1.0,-0.75,6.922200002009049,144.46274301663738
run_1788625614,33,1.1,SIMULATION,SEARCHING,SEARCHING,Reset,False,791.6588195850145,1932.4837109588707,,,,,,,,,,0.0,0,False,-1.1333333333333335,-0.8500000000000004,-1.0,-0.75,6.561899994267151,152.39488576077918
run_1788625614,34,1.1333333333333335,SIMULATION,SEARCHING,SEARCHING,Reset,False,792.837330886992,1933.6622222608482,,,,,,,,,,0.0,0,False,-1.166666666666667,-0.8750000000000004,-1.0,-0.75,10.406900008092634,96.09009399748032
run_1788625614,35,1.166666666666667,SIMULATION,SEARCHING,SEARCHING,Reset,False,794.0158421889696,1934.8407335628258,,,,,,,,,,0.0,0,False,-1.2000000000000004,-0.9000000000000005,-1.0,-0.75,5.863699989276938,170.54078514056303
run_1788625614,36,1.2000000000000004,SIMULATION,SEARCHING,SEARCHING,Reset,False,795.1943534909472,1936.0192448648033,,,,,,,,,,0.0,0,False,-1.2333333333333338,-0.9250000000000005,-1.0,-0.75,6.20939998771064,161.04615614699557
run_1788625614,37,1.2333333333333338,SIMULATION,SEARCHING,SEARCHING,Reset,False,796.3728647929247,1937.197756166781,,,,,,,,,,0.0,0,False,-1.2666666666666673,-0.9500000000000005,-1.0,-0.75,7.125499992980622,140.34102883799127
run_1788625614,38,1.2666666666666673,SIMULATION,SEARCHING,SEARCHING,Reset,False,797.5513760949023,1938.3762674687584,,,,,,,,,,0.0,0,False,-1.3000000000000007,-0.9750000000000005,-1.0,-0.75,6.404800005839206,156.13290018241128
run_1788625614,39,1.3000000000000007,SIMULATION,SEARCHING,SEARCHING,Reset,False,798.7298873968798,1939.554778770736,,,,,,,,,,0.0,0,False,-1.3333333333333341,-1.0000000000000004,-1.0,-0.75,8.56430000567343,116.76377512902967
run_1788625614,40,1.3333333333333341,SIMULATION,SEARCHING,SEARCHING,Reset,False,799.9083986988574,1940.7332900727135,,,,,,,,,,0.0,0,False,-1.3666666666666676,-1.0250000000000004,-1.0,-0.75,6.716599993524142,148.88485259865962
run_1788625614,41,1.3666666666666676,SIMULATION,SEARCHING,SEARCHING,Reset,False,801.0869100008349,1941.911801374691,,,,,,,,,,0.0,0,False,-1.400000000000001,-1.0500000000000003,-1.0,-0.75,5.794400000013411,172.58042247647478
run_1788625614,42,1.400000000000001,SIMULATION,SEARCHING,SEARCHING,Reset,False,802.2654213028125,1943.0903126766686,,,,,,,,,,0.0,0,False,-1.4333333333333345,-1.0750000000000002,-1.0,-0.75,6.105000007664785,163.80016359451383
run_1788625614,43,1.4333333333333345,SIMULATION,SEARCHING,SEARCHING,Reset,False,803.44393260479,1944.2688239786462,,,,,,,,,,0.0,0,False,-1.466666666666668,-1.1,-1.0,-0.75,5.840800004079938,171.20942324706823
run_1788625614,44,1.466666666666668,SIMULATION,SEARCHING,SEARCHING,Reset,False,804.6224439067676,1945.4473352806237,,,,,,,,,,0.0,0,False,-1.5000000000000013,-1.125,-1.0,-0.75,4.86270000692457,205.6470682081935
run_1788625614,45,1.5000000000000013,SIMULATION,SEARCHING,SEARCHING,Reset,False,805.8009552087451,1946.6258465826013,,,,,,,,,,0.0,0,False,-1.5333333333333348,-1.15,-1.0,-0.75,5.084599994006567,196.67230483789135
run_1788625614,46,1.5333333333333348,SIMULATION,SEARCHING,SEARCHING,Reset,False,806.9794665107227,1947.8043578845788,,,,,,,,,,0.0,0,False,-1.5666666666666682,-1.1749999999999998,-1.0,-0.75,6.151599998702295,162.55933419125984
run_1788625614,47,1.5666666666666682,SIMULATION,SEARCHING,SEARCHING,Reset,False,808.1579778127002,1948.9828691865564,,,,,,,,,,0.0,0,False,-1.6000000000000016,-1.1999999999999997,-1.0,-0.75,6.82950000918936,146.42360328786307
run_1788625614,48,1.6000000000000016,SIMULATION,SEARCHING,SEARCHING,Reset,False,809.3364891146778,1950.161380488534,,,,,,,,,,0.0,0,False,-1.633333333333335,-1.2249999999999996,-1.0,-0.75,5.703699993318878,175.32478937731057
run_1788625614,49,1.633333333333335,SIMULATION,SEARCHING,SEARCHING,Reset,False,810.5150004166553,1951.3398917905115,,,,,,,,,,0.0,0,False,-1.6666666666666685,-1.2499999999999996,-1.0,-0.75,5.6748999923001975,176.21455908594288
run_1788625614,50,1.6666666666666685,SIMULATION,SEARCHING,SEARCHING,Reset,False,811.6935117186329,1952.518403092489,,,,,,,,,,0.0,0,False,-1.700000000000002,-1.2749999999999995,-1.0,-0.75,10.312300000805408,96.97157762302282
run_1788625614,51,1.700000000000002,SIMULATION,SEARCHING,SEARCHING,Reset,False,812.8720230206104,1953.6969143944666,,,,,,,,,,0.0,0,False,-1.7333333333333354,-1.2999999999999994,-1.0,-0.75,8.803099990473129,113.59634686442477
run_1788625614,52,1.7333333333333354,SIMULATION,SEARCHING,SEARCHING,Reset,False,814.050534322588,1954.8754256964442,,,,,,,,,,0.0,0,False,-1.7666666666666688,-1.3249999999999993,-1.0,-0.75,9.183999995002523,108.88501748085261
run_1788625614,53,1.7666666666666688,SIMULATION,SEARCHING,SEARCHING,Reset,False,815.2290456245655,1956.0539369984217,,,,,,,,,,0.0,0,False,-1.8000000000000023,-1.3499999999999992,-1.0,-0.75,8.834400010528043,113.1938783401578
run_1788625614,54,1.8000000000000023,SIMULATION,SEARCHING,SEARCHING,Reset,False,816.4075569265431,1957.2324483003993,,,,,,,,,,0.0,0,False,-1.8333333333333357,-1.3749999999999991,-1.0,-0.75,11.053199996240437,90.47153768502636
run_1788625614,55,1.8333333333333357,SIMULATION,SEARCHING,SEARCHING,Reset,False,817.5860682285206,1958.4109596023768,,,,,,,,,,0.0,0,False,-1.8666666666666691,-1.399999999999999,-1.0,-0.75,9.17469999694731,108.99538953129029
run_1788625614,56,1.8666666666666691,SIMULATION,SEARCHING,SEARCHING,Reset,False,818.7645795304982,1959.5894709043544,,,,,,,,,,0.0,0,False,-1.9000000000000026,-1.424999999999999,-1.0,-0.75,8.73840000713244,114.43742552226745
run_1788625614,57,1.9000000000000026,SIMULATION,SEARCHING,SEARCHING,Reset,False,819.9430908324757,1960.767982206332,,,,,,,,,,0.0,0,False,-1.933333333333336,-1.4499999999999988,-1.0,-0.75,8.204900004784577,121.87838967164298
run_1788625614,58,1.933333333333336,SIMULATION,SEARCHING,SEARCHING,Reset,False,821.1216021344533,1961.9464935083095,,,,,,,,,,0.0,0,False,-1.9666666666666694,-1.4749999999999988,-1.0,-0.75,11.463800008641556,87.23111003735127
run_1788625614,59,1.9666666666666694,SIMULATION,SEARCHING,SEARCHING,Reset,False,822.3001134364308,1963.125004810287,,,,,,,,,,0.0,0,False,-2.0000000000000027,-1.4999999999999987,-1.0,-0.75,9.390699997311458,106.4883342334755
run_1788625614,60,2.0000000000000027,SIMULATION,SEARCHING,SEARCHING,Reset,False,823.4786247384084,1964.3035161122646,,,,,,,,,,0.0,0,False,-2.033333333333336,-1.5249999999999986,-1.0,-0.75,10.72990000830032,93.19751341824536
run_1788625614,61,2.033333333333336,SIMULATION,SEARCHING,SEARCHING,Reset,False,824.6571360403859,1965.482027414242,,,,,,,,,,0.0,0,False,-2.066666666666669,-1.5499999999999985,-1.0,-0.75,9.041799989063293,110.59744754468932
run_1788625614,62,2.066666666666669,SIMULATION,SEARCHING,SEARCHING,Reset,False,825.8356473423635,1966.6605387162197,,,,,,,,,,0.0,0,False,-2.1000000000000023,-1.5749999999999984,-1.0,-0.75,6.4258000056724995,155.6226460700972
run_1788625614,63,2.1000000000000023,SIMULATION,SEARCHING,SEARCHING,Reset,False,827.014158644341,1967.8390500181972,,,,,,,,,,0.0,0,False,-2.1333333333333355,-1.5999999999999983,-1.0,-0.75,10.339700005715713,96.71460481901865
run_1788625614,64,2.1333333333333355,SIMULATION,SEARCHING,SEARCHING,Reset,False,828.1926699463186,1969.0175613201748,,,,,,,,,,0.0,0,False,-2.1666666666666687,-1.6249999999999982,-1.0,-0.75,7.755900005577132,128.93410168786568
run_1788625614,65,2.1666666666666687,SIMULATION,SEARCHING,SEARCHING,Reset,False,829.3711812482961,1970.1960726221523,,,,,,,,,,0.0,0,False,-2.200000000000002,-1.6499999999999981,-1.0,-0.75,10.593400002107956,94.3983989843688
run_1788625614,66,2.200000000000002,SIMULATION,SEARCHING,SEARCHING,Reset,False,830.5496925502737,1971.3745839241299,,,,,,,,,,0.0,0,False,-2.233333333333335,-1.674999999999998,-1.0,-0.75,9.428499994101003,106.06140962249096
run_1788625614,67,2.233333333333335,SIMULATION,SEARCHING,SEARCHING,Reset,False,831.7282038522512,1972.5530952261074,,,,,,,,,,0.0,0,False,-2.2666666666666684,-1.699999999999998,-1.0,-0.75,11.167599994223565,89.54475451460023
run_1788625614,68,2.2666666666666684,SIMULATION,SEARCHING,SEARCHING,Reset,False,832.9067151542288,1973.731606528085,,,,,,,,,,0.0,0,False,-2.3000000000000016,-1.7249999999999979,-1.0,-0.75,12.038000000757165,83.07027744950175
run_1788625614,69,2.3000000000000016,SIMULATION,SEARCHING,SEARCHING,Reset,False,834.0852264562063,1974.9101178300625,,,,,,,,,,0.0,0,False,-2.333333333333335,-1.7499999999999978,-1.0,-0.75,23.979600009624846,41.70211344637207
run_1788625614,70,2.333333333333335,SIMULATION,SEARCHING,SEARCHING,Reset,False,835.2637377581839,1976.08862913204,,,,,,,,,,0.0,0,False,-2.366666666666668,-1.7749999999999977,-1.0,-0.75,18.66310001059901,53.581666466561686
run_1788625614,71,2.366666666666668,SIMULATION,SEARCHING,SEARCHING,Reset,False,836.4422490601614,1977.2671404340176,,,,,,,,,,0.0,0,False,-2.4000000000000012,-1.7999999999999976,-1.0,-0.75,18.29209999414161,54.66840878413462
run_1788625614,72,2.4000000000000012,SIMULATION,SEARCHING,SEARCHING,Reset,False,837.620760362139,1978.4456517359952,,,,,,,,,,0.0,0,False,-2.4333333333333345,-1.8249999999999975,-1.0,-0.75,11.953399996855296,83.65820605543864
run_1788625614,73,2.4333333333333345,SIMULATION,SEARCHING,SEARCHING,Reset,False,838.7992716641165,1979.6241630379727,,,,,,,,,,0.0,0,False,-2.4666666666666677,-1.8499999999999974,-1.0,-0.75,9.536300000036135,104.8624728664378
run_1788625614,74,2.4666666666666677,SIMULATION,SEARCHING,SEARCHING,Reset,False,839.9777829660941,1980.8026743399503,,,,,,,,,,0.0,0,False,-2.500000000000001,-1.8749999999999973,-1.0,-0.75,12.312500010011718,81.21827404563375
run_1788625614,75,2.500000000000001,SIMULATION,SEARCHING,SEARCHING,Reset,False,841.1562942680716,1981.9811856419278,,,,,,,,,,0.0,0,False,-2.533333333333334,-1.8999999999999972,-1.0,-0.75,8.707700006198138,114.84088786800191
run_1788625614,76,2.533333333333334,SIMULATION,SEARCHING,SEARCHING,Reset,False,842.3348055700492,1983.1596969439054,,,,,,,,,,0.0,0,False,-2.5666666666666673,-1.9249999999999972,-1.0,-0.75,7.071300002280623,141.4167125814888
run_1788625614,77,2.5666666666666673,SIMULATION,SEARCHING,SEARCHING,Reset,False,843.5133168720267,1984.338208245883,,,,,,,,,,0.0,0,False,-2.6000000000000005,-1.949999999999997,-1.0,-0.75,9.863600003882311,101.38286220106251
run_1788625614,78,2.6000000000000005,SIMULATION,SEARCHING,SEARCHING,Reset,False,844.6918281740043,1985.5167195478605,,,,,,,,,,0.0,0,False,-2.6333333333333337,-1.974999999999997,-1.0,-0.75,8.42430000193417,118.70422465610268
run_1788625614,79,2.6333333333333337,SIMULATION,SEARCHING,SEARCHING,Reset,False,845.8703394759818,1986.695230849838,,,,,,,,,,0.0,0,False,-2.666666666666667,-1.999999999999997,-1.0,-0.75,5.215400000452064,191.73984735846173
run_1788625614,80,2.666666666666667,SIMULATION,SEARCHING,SEARCHING,Reset,False,847.0488507779594,1987.8737421518156,,,,,,,,,,0.0,0,False,-2.7,-2.024999999999997,-1.0,-0.75,6.121500002336688,163.35865386233468
run_1788625614,81,2.7,SIMULATION,SEARCHING,SEARCHING,Reset,False,848.2273620799369,1989.0522534537931,,,,,,,,,,0.0,0,False,-2.7333333333333334,-2.0499999999999967,-1.0,-0.75,5.925100005697459,168.77352264745232
run_1788625614,82,2.7333333333333334,SIMULATION,SEARCHING,SEARCHING,Reset,False,849.4058733819145,1989.7692352442293,,,,,,,,,,0.0,0,False,-2.7666666666666666,-2.0749999999999966,-1.0,-0.75,6.569899996975437,152.20931832453564
run_1788625614,83,2.7666666666666666,SIMULATION,SEARCHING,SEARCHING,Reset,False,850.584384683892,1988.5907239422518,,,,,,,,,,0.0,0,False,-2.8,-2.0999999999999965,-1.0,-0.75,5.572399997618049,179.45588981901068
run_1788625614,84,2.8,SIMULATION,SEARCHING,SEARCHING,Reset,False,851.7628959858696,1987.4122126402742,,,,,,,,,,0.0,0,False,-2.833333333333333,-2.1249999999999964,-1.0,-0.75,6.197700000484474,161.35017827933427
run_1788625614,85,2.833333333333333,SIMULATION,SEARCHING,SEARCHING,Reset,False,852.9414072878471,1986.2337013382967,,,,,,,,,,0.0,0,False,-2.8666666666666663,-2.1499999999999964,-1.0,-0.75,5.532800001674332,180.74031226456418
run_1788625614,86,2.8666666666666663,SIMULATION,SEARCHING,SEARCHING,Reset,False,854.1199185898247,1985.0551900363191,,,,,,,,,,0.0,0,False,-2.8999999999999995,-2.1749999999999963,-1.0,-0.75,6.50050000695046,153.83432027240684
run_1788625614,87,2.8999999999999995,SIMULATION,SEARCHING,SEARCHING,Reset,False,855.2984298918022,1983.8766787343416,,,,,,,,,,0.0,0,False,-2.9333333333333327,-2.199999999999996,-1.0,-0.75,5.588499989244156,178.938892712649
run_1788625614,88,2.9333333333333327,SIMULATION,SEARCHING,SEARCHING,Reset,False,856.4769411937798,1982.698167432364,,,,,,,,,,0.0,0,False,-2.966666666666666,-2.224999999999996,-1.0,-0.75,6.798900009016506,147.08261611052208
run_1788625614,89,2.966666666666666,SIMULATION,SEARCHING,SEARCHING,Reset,False,857.6554524957573,1981.5196561303865,,,,,,,,,,0.0,0,False,-2.999999999999999,-2.249999999999996,-1.0,-0.75,7.659399998374283,130.55852941643616
run_1788625614,90,2.999999999999999,SIMULATION,SEARCHING,SEARCHING,Reset,False,858.8339637977349,1980.341144828409,,,,,,,,,,0.0,0,False,-3.0333333333333323,-2.274999999999996,-1.0,-0.75,7.868899992899969,127.08256565749852
run_1788625614,91,3.0333333333333323,SIMULATION,SEARCHING,SEARCHING,Reset,False,860.0124750997124,1979.1626335264314,,,,,,,,,,0.0,0,False,-3.0666666666666655,-2.299999999999996,-1.0,-0.75,4.960100006428547,201.6088382701857
run_1788625614,92,3.0666666666666655,SIMULATION,SEARCHING,SEARCHING,Reset,False,861.19098640169,1977.9841222244538,,,,,,,,,,0.0,0,False,-3.0999999999999988,-2.3249999999999957,-1.0,-0.75,11.737099994206801,85.19992165812509
run_1788625614,93,3.0999999999999988,SIMULATION,SEARCHING,SEARCHING,Reset,False,862.3694977036675,1976.8056109224763,,,,,,,,,,0.0,0,False,-3.133333333333332,-2.3499999999999956,-1.0,-0.75,9.623999998439103,103.90689943497381
run_1788625614,94,3.133333333333332,SIMULATION,SEARCHING,SEARCHING,Reset,False,863.5480090056451,1975.6270996204987,,,,,,,,,,0.0,0,False,-3.166666666666665,-2.3749999999999956,-1.0,-0.75,11.589500005356967,86.28499931297934
run_1788625614,95,3.166666666666665,SIMULATION,SEARCHING,SEARCHING,Reset,False,864.7265203076226,1974.4485883185212,,,,,,,,,,0.0,0,False,-3.1999999999999984,-2.3999999999999955,-1.0,-0.75,10.639599990099669,93.988495895571
run_1788625614,96,3.1999999999999984,SIMULATION,SEARCHING,SEARCHING,Reset,False,865.9050316096002,1973.2700770165436,,,,,,,,,,0.0,0,False,-3.2333333333333316,-2.4249999999999954,-1.0,-0.75,9.978500005672686,100.21546318900728
run_1788625614,97,3.2333333333333316,SIMULATION,SEARCHING,SEARCHING,Reset,False,867.0835429115778,1972.091565714566,,,,,,,,,,0.0,0,False,-3.266666666666665,-2.4499999999999953,-1.0,-0.75,8.74360000307206,114.36936726847641
run_1788625614,98,3.266666666666665,SIMULATION,SEARCHING,SEARCHING,Reset,False,868.2620542135553,1970.9130544125885,,,,,,,,,,0.0,0,False,-3.299999999999998,-2.474999999999995,-1.0,-0.75,9.059000003617257,110.38745994046806
run_1788625614,99,3.299999999999998,SIMULATION,SEARCHING,SEARCHING,Reset,False,869.4405655155329,1969.734543110611,,,,,,,,,,0.0,0,False,-3.3333333333333313,-2.499999999999995,-1.0,-0.75,7.1764999884180725,139.34369143926267
run_1788625614,100,3.3333333333333313,SIMULATION,SEARCHING,SEARCHING,Reset,False,870.6190768175104,1968.5560318086334,,,,,,,,,,0.0,0,False,-3.3666666666666645,-2.524999999999995,-1.0,-0.75,9.0970000019297,109.9263493226201
run_1788625614,101,3.3666666666666645,SIMULATION,SEARCHING,SEARCHING,Reset,False,871.797588119488,1967.3775205066559,,,,,,,,,,0.0,0,False,-3.3999999999999977,-2.549999999999995,-1.0,-0.75,9.788899988052435,102.15652435110397
run_1788625614,102,3.3999999999999977,SIMULATION,SEARCHING,SEARCHING,Reset,False,872.9760994214655,1966.1990092046783,,,,,,,,,,0.0,0,False,-3.433333333333331,-2.574999999999995,-1.0,-0.75,9.792400000151247,102.120011435864
run_1788625614,103,3.433333333333331,SIMULATION,SEARCHING,SEARCHING,Reset,False,874.154610723443,1965.0204979027008,,,,,,,,,,0.0,0,False,-3.466666666666664,-2.5999999999999948,-1.0,-0.75,9.139499990851618,109.41517599441674
run_1788625614,104,3.466666666666664,SIMULATION,SEARCHING,SEARCHING,Reset,False,875.3331220254206,1963.8419866007232,,,,,,,,,,0.0,0,False,-3.4999999999999973,-2.6249999999999947,-1.0,-0.75,5.866499996045604,170.45938816569742
run_1788625614,105,3.4999999999999973,SIMULATION,SEARCHING,SEARCHING,Reset,False,876.5116333273982,1962.6634752987457,,,,,,,,,,0.0,0,False,-3.5333333333333306,-2.6499999999999946,-1.0,-0.75,6.182700002682395,161.7416338438134
run_1788625614,106,3.5333333333333306,SIMULATION,SEARCHING,SEARCHING,Reset,False,877.6901446293757,1961.484963996768,,,,,,,,,,0.0,0,False,-3.5666666666666638,-2.6749999999999945,-1.0,-0.75,6.999999997788109,142.8571429022835
run_1788625614,107,3.5666666666666638,SIMULATION,SEARCHING,SEARCHING,Reset,False,878.8686559313533,1960.3064526947906,,,,,,,,,,0.0,0,False,-3.599999999999997,-2.6999999999999944,-1.0,-0.75,6.955800010473467,143.76491539352523
run_1788625614,108,3.599999999999997,SIMULATION,SEARCHING,SEARCHING,Reset,False,880.0471672333308,1959.127941392813,,,,,,,,,,0.0,0,False,-3.63333333333333,-2.7249999999999943,-1.0,-0.75,10.535199995501898,94.91988765538
run_1788625614,109,3.63333333333333,SIMULATION,SEARCHING,SEARCHING,Reset,False,881.2256785353084,1957.9494300908354,,,,,,,,,,0.0,0,False,-3.6666666666666634,-2.7499999999999942,-1.0,-0.75,7.2616999968886375,137.70880102847295
run_1788625614,110,3.6666666666666634,SIMULATION,SEARCHING,SEARCHING,Reset,False,882.4041898372859,1956.770918788858,,,,,,,,,,0.0,0,False,-3.6999999999999966,-2.774999999999994,-1.0,-0.75,6.601300003239885,151.48531342450806
run_1788625614,111,3.6999999999999966,SIMULATION,SEARCHING,SEARCHING,Reset,False,883.5827011392635,1955.5924074868803,,,,,,,,,,0.0,0,False,-3.73333333333333,-2.799999999999994,-1.0,-0.75,8.77780000155326,113.92376219816433
run_1788625614,112,3.73333333333333,SIMULATION,SEARCHING,SEARCHING,Reset,False,884.761212441241,1954.4138961849028,,,,,,,,,,0.0,0,False,-3.766666666666663,-2.824999999999994,-1.0,-0.75,5.402500013587996,185.0994905108503
run_1788625614,113,3.766666666666663,SIMULATION,SEARCHING,SEARCHING,Reset,False,885.9397237432186,1953.2353848829252,,,,,,,,,,0.0,0,False,-3.7999999999999963,-2.849999999999994,-1.0,-0.75,6.684700012556277,149.59534431188226
run_1788625614,114,3.7999999999999963,SIMULATION,SEARCHING,SEARCHING,Reset,False,887.1182350451961,1952.0568735809477,,,,,,,,,,0.0,0,False,-3.8333333333333295,-2.874999999999994,-1.0,-0.75,4.792499996256083,208.65936375194644
run_1788625614,115,3.8333333333333295,SIMULATION,SEARCHING,SEARCHING,Reset,False,888.2967463471737,1950.8783622789701,,,,,,,,,,0.0,0,False,-3.8666666666666627,-2.8999999999999937,-1.0,-0.75,4.9928000080399215,200.28841499553295
run_1788625614,116,3.8666666666666627,SIMULATION,SEARCHING,SEARCHING,Reset,False,889.4752576491512,1949.6998509769926,,,,,,,,,,0.0,0,False,-3.899999999999996,-2.9249999999999936,-1.0,-0.75,7.224400003906339,138.41979949328461
run_1788625614,117,3.899999999999996,SIMULATION,SEARCHING,SEARCHING,Reset,False,890.6537689511288,1948.521339675015,,,,,,,,,,0.0,0,False,-3.933333333333329,-2.9499999999999935,-1.0,-0.75,6.213999993633479,160.92693933449385
run_1788625614,118,3.933333333333329,SIMULATION,SEARCHING,SEARCHING,Reset,False,891.8322802531063,1947.3428283730375,,,,,,,,,,0.0,0,False,-3.9666666666666623,-2.9749999999999934,-1.0,-0.75,7.600800003274344,131.56509835401675
run_1788625614,119,3.9666666666666623,SIMULATION,SEARCHING,SEARCHING,Reset,False,893.0107915550839,1946.16431707106,,,,,,,,,,0.0,0,False,-3.9999999999999956,-2.9999999999999933,-1.0,-0.75,6.8749999918509275,145.4545456269556
run_1788625614,120,3.9999999999999956,SIMULATION,SEARCHING,SEARCHING,Reset,False,894.1893028570614,1944.9858057690824,,,,,,,,,,0.0,0,False,-4.033333333333329,-3.0249999999999932,-1.0,-0.75,7.256200013216585,137.81318020156286
run_1788625614,121,4.033333333333329,SIMULATION,SEARCHING,SEARCHING,Reset,False,895.367814159039,1943.8072944671048,,,,,,,,,,0.0,0,False,-4.066666666666662,-3.049999999999993,-1.0,-0.75,7.913800000096671,126.36154565288287
run_1788625614,122,4.066666666666662,SIMULATION,SEARCHING,SEARCHING,Reset,False,896.5463254610165,1942.6287831651273,,,,,,,,,,0.0,0,False,-4.099999999999995,-3.074999999999993,-1.0,-0.75,7.74210000236053,129.1639218939441
run_1788625614,123,4.099999999999995,SIMULATION,SEARCHING,SEARCHING,Reset,False,897.7248367629941,1941.4502718631497,,,,,,,,,,0.0,0,False,-4.133333333333328,-3.099999999999993,-1.0,-0.75,7.864900006097741,127.14719821290662
run_1788625614,124,4.133333333333328,SIMULATION,SEARCHING,SEARCHING,Reset,False,898.9033480649716,1940.2717605611722,,,,,,,,,,0.0,0,False,-4.166666666666662,-3.124999999999993,-1.0,-0.75,7.386700002825819,135.37845040646636
run_1788625614,125,4.166666666666662,SIMULATION,SEARCHING,SEARCHING,Reset,False,900.0818593669492,1939.0932492591946,,,,,,,,,,0.0,0,False,-4.199999999999995,-3.149999999999993,-1.0,-0.75,8.642900007544085,115.70190550939326
run_1788625614,126,4.199999999999995,SIMULATION,SEARCHING,SEARCHING,Reset,False,901.2603706689267,1937.914737957217,,,,,,,,,,0.0,0,False,-4.233333333333328,-3.1749999999999927,-1.0,-0.75,10.397999998531304,96.17234084836007
run_1788625614,127,4.233333333333328,SIMULATION,SEARCHING,SEARCHING,Reset,False,902.4388819709043,1936.7362266552395,,,,,,,,,,0.0,0,False,-4.266666666666661,-3.1999999999999926,-1.0,-0.75,9.52089999918826,105.03208731162587
run_1788625614,128,4.266666666666661,SIMULATION,SEARCHING,SEARCHING,Reset,False,903.6173932728818,1935.557715353262,,,,,,,,,,0.0,0,False,-4.2999999999999945,-3.2249999999999925,-1.0,-0.75,9.437500004423782,105.9602648509939
run_1788625614,129,4.2999999999999945,SIMULATION,SEARCHING,SEARCHING,Reset,False,904.7959045748594,1934.3792040512844,,,,,,,,,,0.0,0,False,-4.333333333333328,-3.2499999999999925,-1.0,-0.75,7.291100002476014,137.15351588380435
run_1788625614,130,4.333333333333328,SIMULATION,SEARCHING,SEARCHING,Reset,False,905.9744158768369,1933.2006927493069,,,,,,,,,,0.0,0,False,-4.366666666666661,-3.2749999999999924,-1.0,-0.75,8.994300005724654,111.1815260068626
run_1788625614,131,4.366666666666661,SIMULATION,SEARCHING,SEARCHING,Reset,False,907.1529271788145,1932.0221814473293,,,,,,,,,,0.0,0,False,-4.399999999999994,-3.2999999999999923,-1.0,-0.75,7.825100008631125,127.793893866787
run_1788625614,132,4.399999999999994,SIMULATION,SEARCHING,SEARCHING,Reset,False,908.331438480792,1930.8436701453518,,,,,,,,,,0.0,0,False,-4.433333333333327,-3.324999999999992,-1.0,-0.75,7.756699997116812,128.92080399805369
run_1788625614,133,4.433333333333327,SIMULATION,SEARCHING,SEARCHING,Reset,False,909.5099497827696,1929.6651588433742,,,,,,,,,,0.0,0,False,-4.466666666666661,-3.349999999999992,-1.0,-0.75,8.689700000104494,115.0787714176525
run_1788625614,134,4.466666666666661,SIMULATION,SEARCHING,SEARCHING,Reset,False,910.6884610847471,1928.4866475413967,,,,,,,,,,0.0,0,False,-4.499999999999994,-3.374999999999992,-1.0,-0.75,5.899199997656979,169.51451050942094
run_1788625614,135,4.499999999999994,SIMULATION,SEARCHING,SEARCHING,Reset,False,911.8669723867247,1927.3081362394191,,,,,,,,,,0.0,0,False,-4.533333333333327,-3.399999999999992,-1.0,-0.75,7.385599994449876,135.3986136199468
run_1788625614,136,4.533333333333327,SIMULATION,SEARCHING,SEARCHING,Reset,False,913.0454836887022,1926.1296249374416,,,,,,,,,,0.0,0,False,-4.56666666666666,-3.424999999999992,-1.0,-0.75,5.925299992668442,168.76782631045364
run_1788625614,137,4.56666666666666,SIMULATION,SEARCHING,SEARCHING,Reset,False,914.2239949906798,1924.951113635464,,,,,,,,,,0.0,0,False,-4.599999999999993,-3.4499999999999917,-1.0,-0.75,6.159299999126233,162.35611191886437
run_1788625614,138,4.599999999999993,SIMULATION,SEARCHING,SEARCHING,Reset,False,915.4025062926573,1923.7726023334865,,,,,,,,,,0.0,0,False,-4.633333333333327,-3.4749999999999917,-1.0,-0.75,4.656000004615635,214.77663208949087
run_1788625614,139,4.633333333333327,SIMULATION,SEARCHING,SEARCHING,Reset,False,916.5810175946349,1922.594091031509,,,,,,,,,,0.0,0,False,-4.66666666666666,-3.4999999999999916,-1.0,-0.75,6.888400006573647,145.1715926841782
run_1788625614,140,4.66666666666666,SIMULATION,SEARCHING,SEARCHING,Reset,False,917.7595288966124,1921.4155797295314,,,,,,,,,,0.0,0,False,-4.699999999999993,-3.5249999999999915,-1.0,-0.75,5.390000005718321,185.52875676049854
run_1788625614,141,4.699999999999993,SIMULATION,SEARCHING,SEARCHING,Reset,False,918.93804019859,1920.2370684275538,,,,,,,,,,0.0,0,False,-4.733333333333326,-3.5499999999999914,-1.0,-0.75,8.411499991780147,118.88486012925352
run_1788625614,142,4.733333333333326,SIMULATION,SEARCHING,SEARCHING,Reset,False,920.1165515005675,1919.0585571255763,,,,,,,,,,0.0,0,False,-4.7666666666666595,-3.5749999999999913,-1.0,-0.75,6.643599990638904,150.5208021869227
run_1788625614,143,4.7666666666666595,SIMULATION,SEARCHING,SEARCHING,Reset,False,921.2950628025451,1917.8800458235987,,,,,,,,,,0.0,0,False,-4.799999999999993,-3.599999999999991,-1.0,-0.75,6.68500000028871,149.58863125756355
run_1788625614,144,4.799999999999993,SIMULATION,SEARCHING,SEARCHING,Reset,False,922.4735741045226,1916.7015345216212,,,,,,,,,,0.0,0,False,-4.833333333333326,-3.624999999999991,-1.0,-0.75,4.987200009054504,200.5133137200135
run_1788625614,145,4.833333333333326,SIMULATION,SEARCHING,SEARCHING,Reset,False,923.6520854065002,1915.5230232196436,,,,,,,,,,0.0,0,False,-4.866666666666659,-3.649999999999991,-1.0,-0.75,6.277099993894808,159.30923531130833
run_1788625614,146,4.866666666666659,SIMULATION,SEARCHING,SEARCHING,Reset,False,924.8305967084777,1914.344511917666,,,,,,,,,,0.0,0,False,-4.899999999999992,-3.674999999999991,-1.0,-0.75,5.35449999733828,186.75880110133525
run_1788625614,147,4.899999999999992,SIMULATION,SEARCHING,SEARCHING,Reset,False,926.0091080104553,1913.1660006156885,,,,,,,,,,0.0,0,False,-4.933333333333326,-3.699999999999991,-1.0,-0.75,4.830799996852875,207.00505105810026
run_1788625614,148,4.933333333333326,SIMULATION,SEARCHING,SEARCHING,Reset,False,927.1876193124328,1911.987489313711,,,,,,,,,,0.0,0,False,-4.966666666666659,-3.7249999999999908,-1.0,-0.75,5.21600000502076,191.71779122650133
run_1788625614,149,4.966666666666659,SIMULATION,SEARCHING,SEARCHING,Reset,False,928.3661306144104,1910.8089780117334,,,,,,,,,,0.0,0,False,-4.999999999999992,-3.7499999999999907,-1.0,-0.75,5.569200002355501,179.55900301247013
run_1788625614,150,4.999999999999992,SIMULATION,SEARCHING,SEARCHING,Reset,False,929.544641916388,1909.6304667097559,,,,,,,,,,0.0,0,False,-5.033333333333325,-3.7749999999999906,-1.0,-0.75,7.753599988063797,128.97234852706356
run_1788625614,151,5.033333333333325,SIMULATION,SEARCHING,SEARCHING,Reset,False,930.7231532183655,1908.4519554077783,,,,,,,,,,0.0,0,False,-5.066666666666658,-3.7999999999999905,-1.0,-0.75,9.668299986515194,103.4307997677714
run_1788625614,152,5.066666666666658,SIMULATION,SEARCHING,SEARCHING,Reset,False,931.901664520343,1907.2734441058008,,,,,,,,,,0.0,0,False,-5.099999999999992,-3.8249999999999904,-1.0,-0.75,8.086500005447306,123.66289486506776
run_1788625614,153,5.099999999999992,SIMULATION,SEARCHING,SEARCHING,Reset,False,933.0801758223206,1906.0949328038232,,,,,,,,,,0.0,0,False,-5.133333333333325,-3.8499999999999903,-1.0,-0.75,8.355400001164526,119.68307918958111
run_1788625614,154,5.133333333333325,SIMULATION,SEARCHING,SEARCHING,Reset,False,934.2586871242981,1904.9164215018457,,,,,,,,,,0.0,0,False,-5.166666666666658,-3.8749999999999902,-1.0,-0.75,10.886299991398118,91.85857461122296
run_1788625614,155,5.166666666666658,SIMULATION,SEARCHING,SEARCHING,Reset,False,935.4371984262757,1903.737910199868,,,,,,,,,,0.0,0,False,-5.199999999999991,-3.89999999999999,-1.0,-0.75,9.464200004003942,105.66133424662814
run_1788625614,156,5.199999999999991,SIMULATION,SEARCHING,SEARCHING,Reset,False,936.6157097282533,1902.5593988978906,,,,,,,,,,0.0,0,False,-5.2333333333333245,-3.92499999999999,-1.0,-0.75,9.71929999650456,102.88806810774841
run_1788625614,157,5.2333333333333245,SIMULATION,SEARCHING,SEARCHING,Reset,False,937.7942210302308,1901.380887595913,,,,,,,,,,0.0,0,False,-5.266666666666658,-3.94999999999999,-1.0,-0.75,8.75790001009591,114.18262355669997
run_1788625614,158,5.266666666666658,SIMULATION,SEARCHING,SEARCHING,Reset,False,938.9727323322084,1900.2023762939355,,,,,,,,,,0.0,0,False,-5.299999999999991,-3.97499999999999,-1.0,-0.75,8.844500000122935,113.06461642671722
run_1788625614,159,5.299999999999991,SIMULATION,SEARCHING,SEARCHING,Reset,False,940.1512436341859,1899.023864991958,,,,,,,,,,0.0,0,False,-5.333333333333324,-3.99999999999999,-1.0,-0.75,8.343699999386445,119.8509054824041
run_1788625614,160,5.333333333333324,SIMULATION,SEARCHING,SEARCHING,Reset,False,941.3297549361635,1897.8453536899804,,,,,,,,,,0.0,0,False,-5.366666666666657,-4.02499999999999,-1.0,-0.75,9.235999998054467,108.27197923458712
run_1788625614,161,5.366666666666657,SIMULATION,SEARCHING,SEARCHING,Reset,False,942.508266238141,1896.6668423880028,,,,,,,,,,0.0,0,False,-5.399999999999991,-4.04999999999999,-1.0,-0.75,10.825699995621108,92.37277962667453
run_1788625614,162,5.399999999999991,SIMULATION,SEARCHING,SEARCHING,Reset,False,943.6867775401186,1895.4883310860253,,,,,,,,,,0.0,0,False,-5.433333333333324,-4.07499999999999,-1.0,-0.75,9.565599990310147,104.54127300043798
run_1788625614,163,5.433333333333324,SIMULATION,SEARCHING,SEARCHING,Reset,False,944.8652888420961,1894.3098197840477,,,,,,,,,,0.0,0,False,-5.466666666666657,-4.099999999999991,-1.0,-0.75,10.579199995845556,94.5251059052385
run_1788625614,164,5.466666666666657,SIMULATION,SEARCHING,SEARCHING,Reset,False,946.0438001440737,1893.1313084820702,,,,,,,,,,0.0,0,False,-5.49999999999999,-4.124999999999991,-1.0,-0.75,9.48150000476744,105.46854395371882
run_1788625614,165,5.49999999999999,SIMULATION,SEARCHING,SEARCHING,Reset,False,947.2223114460512,1891.9527971800926,,,,,,,,,,0.0,0,False,-5.5333333333333234,-4.1499999999999915,-1.0,-0.75,9.863899991614744,101.37977887550517
run_1788625614,166,5.5333333333333234,SIMULATION,SEARCHING,SEARCHING,Reset,False,948.4008227480288,1890.774285878115,,,,,,,,,,0.0,0,False,-5.566666666666657,-4.174999999999992,-1.0,-0.75,9.648600011132658,103.64197902765058
run_1788625614,167,5.566666666666657,SIMULATION,SEARCHING,SEARCHING,Reset,False,949.5793340500063,1889.5957745761375,,,,,,,,,,0.0,0,False,-5.59999999999999,-4.199999999999992,-1.0,-0.75,11.662100005196407,85.74784983445684
run_1788625614,168,5.59999999999999,SIMULATION,SEARCHING,SEARCHING,Reset,False,950.7578453519839,1888.41726327416,,,,,,,,,,0.0,0,False,-5.633333333333323,-4.2249999999999925,-1.0,-0.75,8.123599996906705,123.09813387916427
run_1788625614,169,5.633333333333323,SIMULATION,SEARCHING,SEARCHING,Reset,False,951.9363566539614,1887.2387519721824,,,,,,,,,,0.0,0,False,-5.666666666666656,-4.249999999999993,-1.0,-0.75,8.601000008638948,116.26555040060317
run_1788625614,170,5.666666666666656,SIMULATION,SEARCHING,SEARCHING,Reset,False,953.114867955939,1886.0602406702048,,,,,,,,,,0.0,0,False,-5.6999999999999895,-4.274999999999993,-1.0,-0.75,10.763300000689924,92.9083087840997
run_1788625614,171,5.6999999999999895,SIMULATION,SEARCHING,SEARCHING,Reset,False,954.2933792579165,1884.8817293682273,,,,,,,,,,0.0,0,False,-5.733333333333323,-4.299999999999994,-1.0,-0.75,10.710799993830733,93.36370771333473
run_1788625614,172,5.733333333333323,SIMULATION,SEARCHING,SEARCHING,Reset,False,955.4718905598941,1883.7032180662497,,,,,,,,,,0.0,0,False,-5.766666666666656,-4.324999999999994,-1.0,-0.75,10.324299990315922,96.85886703582702
run_1788625614,173,5.766666666666656,SIMULATION,SEARCHING,SEARCHING,Reset,False,956.6504018618716,1882.5247067642722,,,,,,,,,,0.0,0,False,-5.799999999999989,-4.349999999999994,-1.0,-0.75,8.944999994128011,111.79429856416488
run_1788625614,174,5.799999999999989,SIMULATION,SEARCHING,SEARCHING,Reset,False,957.8289131638492,1881.3461954622946,,,,,,,,,,0.0,0,False,-5.833333333333322,-4.374999999999995,-1.0,-0.75,8.647199996630661,115.64437047710763
run_1788625614,175,5.833333333333322,SIMULATION,SEARCHING,SEARCHING,Reset,False,959.0074244658267,1880.167684160317,,,,,,,,,,0.0,0,False,-5.866666666666656,-4.399999999999995,-1.0,-0.75,7.768199997371994,128.72995035378892
run_1788625614,176,5.866666666666656,SIMULATION,SEARCHING,SEARCHING,Reset,False,960.1859357678043,1878.9891728583395,,,,,,,,,,0.0,0,False,-5.899999999999989,-4.424999999999995,-1.0,-0.75,6.509599988930859,153.61927026244828
run_1788625614,177,5.899999999999989,SIMULATION,SEARCHING,SEARCHING,Reset,False,961.3644470697818,1877.810661556362,,,,,,,,,,0.0,0,False,-5.933333333333322,-4.449999999999996,-1.0,-0.75,6.910800002515316,144.7010475829182
run_1788625614,178,5.933333333333322,SIMULATION,SEARCHING,SEARCHING,Reset,False,962.5429583717594,1876.6321502543844,,,,,,,,,,0.0,0,False,-5.966666666666655,-4.474999999999996,-1.0,-0.75,10.733899995102547,93.16278337382128
run_1788625614,179,5.966666666666655,SIMULATION,SEARCHING,SEARCHING,Reset,False,963.7214696737369,1875.453638952407,,,,,,,,,,0.0,0,False,-5.9999999999999885,-4.4999999999999964,-1.0,-0.75,8.818200003588572,113.40182799131902
run_1788625614,180,5.9999999999999885,SIMULATION,SEARCHING,SEARCHING,Reset,False,964.8999809757145,1874.2751276504293,,,,,,,,,,0.0,0,False,-6.033333333333322,-4.524999999999997,-1.0,-0.75,8.74669999757316,114.32883262001187
run_1788625614,181,6.033333333333322,SIMULATION,SEARCHING,SEARCHING,Reset,False,966.078492277692,1873.0966163484518,,,,,,,,,,0.0,0,False,-6.066666666666655,-4.549999999999997,-1.0,-0.75,9.915700007695705,100.85016682875509
run_1788625614,182,6.066666666666655,SIMULATION,SEARCHING,SEARCHING,Reset,False,967.2570035796696,1871.9181050464742,,,,,,,,,,0.0,0,False,-6.099999999999988,-4.5749999999999975,-1.0,-0.75,9.76529999752529,102.4034080113687
run_1788625614,183,6.099999999999988,SIMULATION,SEARCHING,SEARCHING,Reset,False,968.4355148816471,1870.7395937444967,,,,,,,,,,0.0,0,False,-6.133333333333321,-4.599999999999998,-1.0,-0.75,7.463500005542301,133.98539549238464
run_1788625614,184,6.133333333333321,SIMULATION,SEARCHING,SEARCHING,Reset,False,969.6140261836247,1869.5610824425191,,,,,,,,,,0.0,0,False,-6.1666666666666545,-4.624999999999998,-1.0,-0.75,10.208899999270216,97.95374624802723
run_1788625614,185,6.1666666666666545,SIMULATION,SEARCHING,SEARCHING,Reset,False,970.7925374856022,1868.3825711405416,,,,,,,,,,0.0,0,False,-6.199999999999988,-4.649999999999999,-1.0,-0.75,7.247000001370907,137.98813299445717
run_1788625614,186,6.199999999999988,SIMULATION,SEARCHING,SEARCHING,Reset,False,971.9710487875798,1867.204059838564,,,,,,,,,,0.0,0,False,-6.233333333333321,-4.674999999999999,-1.0,-0.75,6.282400005147792,159.1748375112379
run_1788625614,187,6.233333333333321,SIMULATION,SEARCHING,SEARCHING,Reset,False,973.1495600895573,1866.0255485365865,,,,,,,,,,0.0,0,False,-6.266666666666654,-4.699999999999999,-1.0,-0.75,7.640800002263859,130.8763479876079
run_1788625614,188,6.266666666666654,SIMULATION,SEARCHING,SEARCHING,Reset,False,974.3280713915349,1864.847037234609,,,,,,,,,,0.0,0,False,-6.299999999999987,-4.725,-1.0,-0.75,7.859599994844757,127.23293814645996
run_1788625614,189,6.299999999999987,SIMULATION,SEARCHING,SEARCHING,Reset,False,975.5065826935124,1863.6685259326314,,,,,,,,,,0.0,0,False,-6.333333333333321,-4.75,-1.0,-0.75,10.201700002653524,98.02287851435486
run_1788625614,190,6.333333333333321,SIMULATION,SEARCHING,SEARCHING,Reset,False,976.68509399549,1862.4900146306538,,,,,,,,,,0.0,0,False,-6.366666666666654,-4.775,-1.0,-0.75,9.845000007771887,101.57440317019555
run_1788625614,191,6.366666666666654,SIMULATION,SEARCHING,SEARCHING,Reset,False,977.8636052974675,1861.3115033286763,,,,,,,,,,0.0,0,False,-6.399999999999987,-4.800000000000001,-1.0,-0.75,10.05119999172166,99.49060816853878
run_1788625614,192,6.399999999999987,SIMULATION,SEARCHING,SEARCHING,Reset,False,979.0421165994451,1860.1329920266987,,,,,,,,,,0.0,0,False,-6.43333333333332,-4.825000000000001,-1.0,-0.75,9.578099998179823,104.40484022823266
run_1788625614,193,6.43333333333332,SIMULATION,SEARCHING,SEARCHING,Reset,False,980.2206279014226,1858.9544807247212,,,,,,,,,,0.0,0,False,-6.4666666666666535,-4.850000000000001,-1.0,-0.75,9.471400000620633,105.58101230382762
run_1788625614,194,6.4666666666666535,SIMULATION,SEARCHING,SEARCHING,Reset,False,981.3991392034002,1857.7759694227436,,,,,,,,,,0.0,0,False,-6.499999999999987,-4.875000000000002,-1.0,-0.75,11.40770000347402,87.66008921127546
run_1788625614,195,6.499999999999987,SIMULATION,SEARCHING,SEARCHING,Reset,False,982.5776505053777,1856.597458120766,,,,,,,,,,0.0,0,False,-6.53333333333332,-4.900000000000002,-1.0,-0.75,11.701700001140125,85.45766853556044
run_1788625614,196,6.53333333333332,SIMULATION,SEARCHING,SEARCHING,Reset,False,983.7561618073553,1855.4189468187885,,,,,,,,,,0.0,0,False,-6.566666666666653,-4.9250000000000025,-1.0,-0.75,10.753499998827465,92.99297904022295
run_1788625614,197,6.566666666666653,SIMULATION,SEARCHING,SEARCHING,Reset,False,984.9346731093328,1854.240435516811,,,,,,,,,,0.0,0,False,-6.599999999999986,-4.950000000000003,-1.0,-0.75,10.24759998836089,97.58382461608464
run_1788625614,198,6.599999999999986,SIMULATION,SEARCHING,SEARCHING,Reset,False,986.1131844113104,1853.0619242148334,,,,,,,,,,0.0,0,False,-6.6333333333333195,-4.975000000000003,-1.0,-0.75,9.737100001075305,102.69998252966141
run_1788625614,199,6.6333333333333195,SIMULATION,SEARCHING,SEARCHING,Reset,False,987.2916957132879,1851.8834129128559,,,,,,,,,,0.0,0,False,-6.666666666666653,-5.0000000000000036,-1.0,-0.75,10.041299989097752,99.58869878260192
run_1788625614,200,6.666666666666653,SIMULATION,SEARCHING,SEARCHING,Reset,False,988.4702070152655,1850.7049016108783,,,,,,,,,,0.0,0,False,-6.699999999999986,-5.025000000000004,-1.0,-0.75,12.118099999497645,82.521187318264
run_1788625614,201,6.699999999999986,SIMULATION,SEARCHING,SEARCHING,Reset,False,989.648718317243,1849.5263903089008,,,,,,,,,,0.0,0,False,-6.733333333333319,-5.050000000000004,-1.0,-0.75,9.24959999974817,108.11278325843561
run_1788625614,202,6.733333333333319,SIMULATION,SEARCHING,SEARCHING,Reset,False,990.8272296192206,1848.3478790069232,,,,,,,,,,0.0,0,False,-6.766666666666652,-5.075000000000005,-1.0,-0.75,6.89990000682883,144.92963651796407
run_1788625614,203,6.766666666666652,SIMULATION,SEARCHING,SEARCHING,Reset,False,992.0057409211981,1847.1693677049457,,,,,,,,,,0.0,0,False,-6.799999999999986,-5.100000000000005,-1.0,-0.75,7.036900002276525,142.10803047883124
run_1788625614,204,6.799999999999986,SIMULATION,SEARCHING,SEARCHING,Reset,False,993.1842522231757,1845.9908564029681,,,,,,,,,,0.0,0,False,-6.833333333333319,-5.125000000000005,-1.0,-0.75,5.28120000672061,189.35090485636718
run_1788625614,205,6.833333333333319,SIMULATION,SEARCHING,SEARCHING,Reset,False,994.3627635251532,1844.8123451009906,,,,,,,,,,0.0,0,False,-6.866666666666652,-5.150000000000006,-1.0,-0.75,5.130499994265847,194.91277675034786
run_1788625614,206,6.866666666666652,SIMULATION,SEARCHING,SEARCHING,Reset,False,995.5412748271308,1843.633833799013,,,,,,,,,,0.0,0,False,-6.899999999999985,-5.175000000000006,-1.0,-0.75,7.47840000258293,133.71844240139797
run_1788625614,207,6.899999999999985,SIMULATION,SEARCHING,SEARCHING,Reset,False,996.7197861291083,1842.4553224970355,,,,,,,,,,0.0,0,False,-6.9333333333333185,-5.200000000000006,-1.0,-0.75,10.969499999191612,91.16185788538166
run_1788625614,208,6.9333333333333185,SIMULATION,SEARCHING,SEARCHING,Reset,False,997.8982974310859,1841.276811195058,,,,,,,,,,0.0,0,False,-6.966666666666652,-5.225000000000007,-1.0,-0.75,9.482900000875816,105.45297323684133
run_1788625614,209,6.966666666666652,SIMULATION,SEARCHING,SEARCHING,Reset,False,999.0768087330634,1840.0982998930804,,,,,,,,,,0.0,0,False,-6.999999999999985,-5.250000000000007,-1.0,-0.75,12.180799996713176,82.09641405078783
run_1788625614,210,6.999999999999985,SIMULATION,SEARCHING,SEARCHING,Reset,False,1000.255320035041,1838.9197885911028,,,,,,,,,,0.0,0,False,-7.033333333333318,-5.2750000000000075,-1.0,-0.75,13.950299995485693,71.68304626592972
run_1788625614,211,7.033333333333318,SIMULATION,SEARCHING,SEARCHING,Reset,False,1001.4338313370185,1837.7412772891253,,,,,,,,,,0.0,0,False,-7.066666666666651,-5.300000000000008,-1.0,-0.75,13.450300000840798,74.34778405964838
run_1788625614,212,7.066666666666651,SIMULATION,SEARCHING,SEARCHING,Reset,False,1002.6123426389961,1836.5627659871477,,,,,,,,,,0.0,0,False,-7.0999999999999845,-5.325000000000008,-1.0,-0.75,10.168699998757802,98.34098755221011
run_1788625614,213,7.0999999999999845,SIMULATION,SEARCHING,SEARCHING,Reset,False,1003.7908539409736,1835.3842546851702,,,,,,,,,,0.0,0,False,-7.133333333333318,-5.3500000000000085,-1.0,-0.75,11.472999991383404,87.16116105212521
run_1788625614,214,7.133333333333318,SIMULATION,SEARCHING,SEARCHING,Reset,False,1004.9693652429512,1834.2057433831926,,,,,,,,,,0.0,0,False,-7.166666666666651,-5.375000000000009,-1.0,-0.75,10.073699988424778,99.2683920653835
run_1788625614,215,7.166666666666651,SIMULATION,SEARCHING,SEARCHING,Reset,False,1006.1478765449287,1833.027232081215,,,,,,,,,,0.0,0,False,-7.199999999999984,-5.400000000000009,-1.0,-0.75,8.275600004708394,120.83715977464486
run_1788625614,216,7.199999999999984,SIMULATION,SEARCHING,SEARCHING,Reset,False,1007.3263878469063,1831.8487207792375,,,,,,,,,,0.0,0,False,-7.233333333333317,-5.42500000000001,-1.0,-0.75,10.985400003846735,91.02991239734848
run_1788625614,217,7.233333333333317,SIMULATION,SEARCHING,SEARCHING,Reset,False,1008.5048991488839,1830.67020947726,,,,,,,,,,0.0,0,False,-7.266666666666651,-5.45000000000001,-1.0,-0.75,8.99339999887161,111.1926524034813
run_1788625614,218,7.266666666666651,SIMULATION,SEARCHING,SEARCHING,Reset,False,1009.6834104508614,1829.4916981752824,,,,,,,,,,0.0,0,False,-7.299999999999984,-5.47500000000001,-1.0,-0.75,7.497800004784949,133.37245583528764
run_1788625614,219,7.299999999999984,SIMULATION,SEARCHING,SEARCHING,Reset,False,1010.861921752839,1828.3131868733049,,,,,,,,,,0.0,0,False,-7.333333333333317,-5.500000000000011,-1.0,-0.75,5.145999995875172,194.32569001196268
run_1788625614,220,7.333333333333317,SIMULATION,SEARCHING,SEARCHING,Reset,False,1012.0404330548165,1827.1346755713273,,,,,,,,,,0.0,0,False,-7.36666666666665,-5.525000000000011,-1.0,-0.75,8.231200001318939,121.48896878216584
run_1788625614,221,7.36666666666665,SIMULATION,SEARCHING,SEARCHING,Reset,False,1013.218944356794,1825.9561642693498,,,,,,,,,,0.0,0,False,-7.3999999999999835,-5.550000000000011,-1.0,-0.75,8.009000011952594,124.8595328390067
run_1788625614,222,7.3999999999999835,SIMULATION,SEARCHING,SEARCHING,Reset,False,1014.3974556587716,1824.7776529673722,,,,,,,,,,0.0,0,False,-7.433333333333317,-5.575000000000012,-1.0,-0.75,8.416700002271682,118.81141061581121
run_1788625614,223,7.433333333333317,SIMULATION,SEARCHING,SEARCHING,Reset,False,1015.5759669607492,1823.5991416653947,,,,,,,,,,0.0,0,False,-7.46666666666665,-5.600000000000012,-1.0,-0.75,6.099099991843104,163.95861706438546
run_1788625614,224,7.46666666666665,SIMULATION,SEARCHING,SEARCHING,Reset,False,1016.7544782627267,1822.420630363417,,,,,,,,,,0.0,0,False,-7.499999999999983,-5.625000000000012,-1.0,-0.75,9.351700005936436,106.93242932998305
run_1788625614,225,7.499999999999983,SIMULATION,SEARCHING,SEARCHING,Reset,False,1017.9329895647043,1821.2421190614396,,,,,,,,,,0.0,0,False,-7.533333333333316,-5.650000000000013,-1.0,-0.75,8.484700010740198,117.85920524404737
run_1788625614,226,7.533333333333316,SIMULATION,SEARCHING,SEARCHING,Reset,False,1019.1115008666818,1820.063607759462,,,,,,,,,,0.0,0,False,-7.5666666666666496,-5.675000000000013,-1.0,-0.75,9.308399996371008,107.42984835093701
run_1788625614,227,7.5666666666666496,SIMULATION,SEARCHING,SEARCHING,Reset,False,1020.2900121686594,1818.8850964574845,,,,,,,,,,0.0,0,False,-7.599999999999983,-5.7000000000000135,-1.0,-0.75,9.141200003796257,109.39482776711034
run_1788625614,228,7.599999999999983,SIMULATION,SEARCHING,SEARCHING,Reset,False,1021.4685234706369,1817.706585155507,,,,,,,,,,0.0,0,False,-7.633333333333316,-5.725000000000014,-1.0,-0.75,8.413200004724786,118.86083766443303
run_1788625614,229,7.633333333333316,SIMULATION,SEARCHING,SEARCHING,Reset,False,1022.6470347726145,1816.5280738535293,,,,,,,,,,0.0,0,False,-7.666666666666649,-5.750000000000014,-1.0,-0.75,9.371499996632338,106.7065037997494
run_1788625614,230,7.666666666666649,SIMULATION,SEARCHING,SEARCHING,Reset,False,1023.825546074592,1815.3495625515518,,,,,,,,,,0.0,0,False,-7.699999999999982,-5.775000000000015,-1.0,-0.75,9.876000010990538,101.25556894361551
run_1788625614,231,7.699999999999982,SIMULATION,SEARCHING,SEARCHING,Reset,False,1025.0040573765696,1814.1710512495742,,,,,,,,,,0.0,0,False,-7.733333333333316,-5.800000000000015,-1.0,-0.75,8.924000008846633,112.0573732640822
run_1788625614,232,7.733333333333316,SIMULATION,SEARCHING,SEARCHING,Reset,False,1026.182568678547,1812.9925399475967,,,,,,,,,,0.0,0,False,-7.766666666666649,-5.825000000000015,-1.0,-0.75,8.103200001642108,123.40803630631734
run_1788625614,233,7.766666666666649,SIMULATION,SEARCHING,SEARCHING,Reset,False,1027.3610799805247,1811.8140286456191,,,,,,,,,,0.0,0,False,-7.799999999999982,-5.850000000000016,-1.0,-0.75,7.817100005922839,127.92467785269764
run_1788625614,234,7.799999999999982,SIMULATION,SEARCHING,SEARCHING,Reset,False,1028.5395912825022,1810.6355173436416,,,,,,,,,,0.0,0,False,-7.833333333333315,-5.875000000000016,-1.0,-0.75,9.772700010216795,102.32586684893198
run_1788625614,235,7.833333333333315,SIMULATION,SEARCHING,SEARCHING,Reset,False,1029.7181025844798,1809.457006041664,,,,,,,,,,0.0,0,False,-7.8666666666666485,-5.900000000000016,-1.0,-0.75,10.899200002313592,91.74985318075899
run_1788625614,236,7.8666666666666485,SIMULATION,SEARCHING,SEARCHING,Reset,False,1030.8966138864573,1808.2784947396865,,,,,,,,,,0.0,0,False,-7.899999999999982,-5.925000000000017,-1.0,-0.75,10.409599999547936,96.06517061591488
run_1788625614,237,7.899999999999982,SIMULATION,SEARCHING,SEARCHING,Reset,False,1032.0751251884349,1807.099983437709,,,,,,,,,,0.0,0,False,-7.933333333333315,-5.950000000000017,-1.0,-0.75,10.768100008135661,92.8668938108363
run_1788625614,238,7.933333333333315,SIMULATION,SEARCHING,SEARCHING,Reset,False,1033.2536364904124,1805.9214721357314,,,,,,,,,,0.0,0,False,-7.966666666666648,-5.975000000000017,-1.0,-0.75,7.132300001103431,140.20722625875118
run_1788625614,239,7.966666666666648,SIMULATION,SEARCHING,SEARCHING,Reset,False,1034.43214779239,1804.7429608337538,,,,,,,,,,0.0,0,False,-7.999999999999981,-6.000000000000018,-1.0,-0.75,7.391599996481091,135.28870616322158
run_1788625614,240,7.999999999999981,SIMULATION,SEARCHING,SEARCHING,Reset,False,1035.6106590943675,1803.5644495317763,,,,,,,,,,0.0,0,False,-8.033333333333315,-6.025000000000018,-1.0,-0.75,5.608899999060668,178.28807790609062
run_1788625614,241,8.033333333333315,SIMULATION,SEARCHING,SEARCHING,Reset,False,1036.789170396345,1802.3859382297987,,,,,,,,,,0.0,0,False,-8.066666666666649,-6.0500000000000185,-1.0,-0.75,9.892999994917773,101.0815728812008
run_1788625614,242,8.066666666666649,SIMULATION,SEARCHING,SEARCHING,Reset,False,1037.9676816983226,1801.2074269278212,,,,,,,,,,0.0,0,False,-8.099999999999982,-6.075000000000019,-1.0,-0.75,9.49719999334775,105.29419204612343
run_1788625614,243,8.099999999999982,SIMULATION,SEARCHING,SEARCHING,Reset,False,1039.1461930003002,1800.0289156258436,,,,,,,,,,0.0,0,False,-8.133333333333315,-6.100000000000019,-1.0,-0.75,7.9935000103432685,125.10164492475637
run_1788625614,244,8.133333333333315,SIMULATION,SEARCHING,SEARCHING,Reset,False,1040.3247043022777,1798.850404323866,,,,,,,,,,0.0,0,False,-8.166666666666648,-6.1250000000000195,-1.0,-0.75,6.142300000647083,162.80546373421217
run_1788625614,245,8.166666666666648,SIMULATION,SEARCHING,SEARCHING,Reset,False,1041.5032156042553,1797.6718930218885,,,,,,,,,,0.0,0,False,-8.199999999999982,-6.15000000000002,-1.0,-0.75,5.815800002892502,171.9453900585728
run_1788625614,246,8.199999999999982,SIMULATION,SEARCHING,SEARCHING,Reset,False,1042.6817269062328,1796.493381719911,,,,,,,,,,0.0,0,False,-8.233333333333315,-6.17500000000002,-1.0,-0.75,7.2465999983251095,137.99574976280294
run_1788625614,247,8.233333333333315,SIMULATION,SEARCHING,SEARCHING,Reset,False,1043.8602382082104,1795.3148704179334,,,,,,,,,,0.0,0,False,-8.266666666666648,-6.200000000000021,-1.0,-0.75,6.328199990093708,158.02281874236277
run_1788625614,248,8.266666666666648,SIMULATION,SEARCHING,SEARCHING,Reset,False,1045.038749510188,1794.1363591159559,,,,,,,,,,0.0,0,False,-8.299999999999981,-6.225000000000021,-1.0,-0.75,8.82139999885112,113.36069106153647
run_1788625614,249,8.299999999999981,SIMULATION,SEARCHING,SEARCHING,Reset,False,1046.2172608121655,1792.9578478139783,,,,,,,,,,0.0,0,False,-8.333333333333314,-6.250000000000021,-1.0,-0.75,9.187100004055537,108.84827633949361
run_1788625614,250,8.333333333333314,SIMULATION,SEARCHING,SEARCHING,Reset,False,1047.395772114143,1791.7793365120008,,,,,,,,,,0.0,0,False,-8.366666666666648,-6.275000000000022,-1.0,-0.75,10.593299986794591,94.3992902350147
run_1788625614,251,8.366666666666648,SIMULATION,SEARCHING,SEARCHING,Reset,False,1048.5742834161206,1790.6008252100232,,,,,,,,,,0.0,0,False,-8.39999999999998,-6.300000000000022,-1.0,-0.75,10.897700005443767,91.76248194577447
run_1788625614,252,8.39999999999998,SIMULATION,SEARCHING,SEARCHING,Reset,False,1049.7527947180981,1789.4223139080457,,,,,,,,,,0.0,0,False,-8.433333333333314,-6.325000000000022,-1.0,-0.75,9.74970000970643,102.56725837763604
run_1788625614,253,8.433333333333314,SIMULATION,SEARCHING,SEARCHING,Reset,False,1050.9313060200757,1788.2438026060681,,,,,,,,,,0.0,0,False,-8.466666666666647,-6.350000000000023,-1.0,-0.75,10.509199986699969,95.15472169770875
run_1788625614,254,8.466666666666647,SIMULATION,SEARCHING,SEARCHING,Reset,False,1052.1098173220532,1787.0652913040906,,,,,,,,,,0.0,0,False,-8.49999999999998,-6.375000000000023,-1.0,-0.75,9.890600005746819,101.10610068337225
run_1788625614,255,8.49999999999998,SIMULATION,SEARCHING,SEARCHING,Reset,False,1053.2883286240308,1785.886780002113,,,,,,,,,,0.0,0,False,-8.533333333333314,-6.4000000000000234,-1.0,-0.75,10.70610000169836,93.40469450512934
run_1788625614,256,8.533333333333314,SIMULATION,SEARCHING,SEARCHING,Reset,False,1054.4668399260083,1784.7082687001355,,,,,,,,,,0.0,0,False,-8.566666666666647,-6.425000000000024,-1.0,-0.75,9.669999999459833,103.41261634497002
run_1788625614,257,8.566666666666647,SIMULATION,SEARCHING,SEARCHING,Reset,False,1055.6453512279859,1783.529757398158,,,,,,,,,,0.0,0,False,-8.59999999999998,-6.450000000000024,-1.0,-0.75,8.030800003325567,124.52059565496569
run_1788625614,258,8.59999999999998,SIMULATION,SEARCHING,SEARCHING,Reset,False,1056.8238625299634,1782.3512460961804,,,,,,,,,,0.0,0,False,-8.633333333333313,-6.4750000000000245,-1.0,-0.75,7.344900004682131,136.14889234196968
run_1788625614,259,8.633333333333313,SIMULATION,SEARCHING,SEARCHING,Reset,False,1058.002373831941,1781.1727347942028,,,,,,,,,,0.0,0,False,-8.666666666666647,-6.500000000000025,-1.0,-0.75,9.853000010480173,101.49193128350218
run_1788625614,260,8.666666666666647,SIMULATION,SEARCHING,SEARCHING,Reset,False,1059.1808851339185,1779.9942234922253,,,,,,,,,,0.0,0,False,-8.69999999999998,-6.525000000000025,-1.0,-0.75,9.232199998223223,108.31654428981763
run_1788625614,261,8.69999999999998,SIMULATION,SEARCHING,SEARCHING,Reset,False,1060.359396435896,1778.8157121902477,,,,,,,,,,0.0,0,False,-8.733333333333313,-6.550000000000026,-1.0,-0.75,9.60079999640584,104.1579868734231
run_1788625614,262,8.733333333333313,SIMULATION,SEARCHING,SEARCHING,Reset,False,1061.5379077378736,1777.6372008882702,,,,,,,,,,0.0,0,False,-8.766666666666646,-6.575000000000026,-1.0,-0.75,11.646799990558065,85.86049393916691
run_1788625614,263,8.766666666666646,SIMULATION,SEARCHING,SEARCHING,Reset,False,1062.7164190398512,1776.4586895862926,,,,,,,,,,0.0,0,False,-8.79999999999998,-6.600000000000026,-1.0,-0.75,11.336299998220056,88.21220329005168
run_1788625614,264,8.79999999999998,SIMULATION,SEARCHING,SEARCHING,Reset,False,1063.8949303418287,1775.280178284315,,,,,,,,,,0.0,0,False,-8.833333333333313,-6.625000000000027,-1.0,-0.75,9.662800002843142,103.48967170031091
run_1788625614,265,8.833333333333313,SIMULATION,SEARCHING,SEARCHING,Reset,False,1065.0734416438063,1774.1016669823375,,,,,,,,,,0.0,0,False,-8.866666666666646,-6.650000000000027,-1.0,-0.75,9.992399995098822,100.07605785301735
run_1788625614,266,8.866666666666646,SIMULATION,SEARCHING,SEARCHING,Reset,False,1066.2519529457838,1772.92315568036,,,,,,,,,,0.0,0,False,-8.899999999999979,-6.675000000000027,-1.0,-0.75,8.823099997243844,113.3388491927304
run_1788625614,267,8.899999999999979,SIMULATION,SEARCHING,SEARCHING,Reset,False,1067.4304642477614,1771.7446443783824,,,,,,,,,,0.0,0,False,-8.933333333333312,-6.700000000000028,-1.0,-0.75,8.134099989547394,122.93923129602972
run_1788625614,268,8.933333333333312,SIMULATION,SEARCHING,SEARCHING,Reset,False,1068.608975549739,1770.5661330764049,,,,,,,,,,0.0,0,False,-8.966666666666645,-6.725000000000028,-1.0,-0.75,7.0896999968681484,141.04969186873163
run_1788625614,269,8.966666666666645,SIMULATION,SEARCHING,SEARCHING,Reset,False,1069.7874868517165,1769.3876217744273,,,,,,,,,,0.0,0,False,-8.999999999999979,-6.750000000000028,-1.0,-0.75,5.439100001240149,183.85394638304015
run_1788625614,270,8.999999999999979,SIMULATION,SEARCHING,SEARCHING,Reset,False,1070.965998153694,1768.2091104724498,,,,,,,,,,0.0,0,False,-9.033333333333312,-6.775000000000029,-1.0,-0.75,5.764000001363456,173.49063146486
run_1788625614,271,9.033333333333312,SIMULATION,SEARCHING,SEARCHING,Reset,False,1072.1445094556716,1767.0305991704722,,,,,,,,,,0.0,0,False,-9.066666666666645,-6.800000000000029,-1.0,-0.75,7.059899988234974,141.64506603017858
run_1788625614,272,9.066666666666645,SIMULATION,SEARCHING,SEARCHING,Reset,False,1073.3230207576491,1765.8520878684947,,,,,,,,,,0.0,0,False,-9.099999999999978,-6.8250000000000295,-1.0,-0.75,7.058899995172396,141.66513205795565
run_1788625614,273,9.099999999999978,SIMULATION,SEARCHING,SEARCHING,Reset,False,1074.5015320596267,1764.673576566517,,,,,,,,,,0.0,0,False,-9.133333333333312,-6.85000000000003,-1.0,-0.75,6.51320000179112,153.53436094776785
run_1788625614,274,9.133333333333312,SIMULATION,SEARCHING,SEARCHING,Reset,False,1075.6800433616042,1763.4950652645396,,,,,,,,,,0.0,0,False,-9.166666666666645,-6.87500000000003,-1.0,-0.75,7.870400004321709,127.05834512234331
run_1788625614,275,9.166666666666645,SIMULATION,SEARCHING,SEARCHING,Reset,False,1076.8585546635818,1762.316553962562,,,,,,,,,,0.0,0,False,-9.199999999999978,-6.9000000000000306,-1.0,-0.75,9.208399991621263,108.59649894768923
run_1788625614,276,9.199999999999978,SIMULATION,SEARCHING,SEARCHING,Reset,False,1078.0370659655593,1761.1380426605845,,,,,,,,,,0.0,0,False,-9.233333333333311,-6.925000000000031,-1.0,-0.75,10.645500005921349,93.93640500152833
run_1788625614,277,9.233333333333311,SIMULATION,SEARCHING,SEARCHING,Reset,False,1079.215577267537,1759.959531358607,,,,,,,,,,0.0,0,False,-9.266666666666644,-6.950000000000031,-1.0,-0.75,10.836600005859509,92.2798663288564
run_1788625614,278,9.266666666666644,SIMULATION,SEARCHING,SEARCHING,Reset,False,1080.3940885695145,1758.7810200566294,,,,,,,,,,0.0,0,False,-9.299999999999978,-6.975000000000032,-1.0,-0.75,10.061100008897483,99.39271045071165
run_1788625614,279,9.299999999999978,SIMULATION,SEARCHING,SEARCHING,Reset,False,1081.572599871492,1757.6025087546518,,,,,,,,,,0.0,0,False,-9.33333333333331,-7.000000000000032,-1.0,-0.75,10.13849998707883,98.63392033086409
run_1788625614,280,9.33333333333331,SIMULATION,SEARCHING,SEARCHING,Reset,False,1082.7511111734696,1756.4239974526743,,,,,,,,,,0.0,0,False,-9.366666666666644,-7.025000000000032,-1.0,-0.75,9.418300003744662,106.17627380763044
run_1788625614,281,9.366666666666644,SIMULATION,SEARCHING,SEARCHING,Reset,False,1083.929622475447,1755.2454861506967,,,,,,,,,,0.0,0,False,-9.399999999999977,-7.050000000000033,-1.0,-0.75,8.601299996371381,116.26149540440035
run_1788625614,282,9.399999999999977,SIMULATION,SEARCHING,SEARCHING,Reset,False,1085.1081337774247,1754.0669748487192,,,,,,,,,,0.0,0,False,-9.43333333333331,-7.075000000000033,-1.0,-0.75,10.5461000057403,94.82178240825466
run_1788625614,283,9.43333333333331,SIMULATION,SEARCHING,SEARCHING,Reset,False,1086.2866450794022,1752.8884635467416,,,,,,,,,,0.0,0,False,-9.466666666666644,-7.100000000000033,-1.0,-0.75,8.394699994823895,119.12277992264072
run_1788625614,284,9.466666666666644,SIMULATION,SEARCHING,SEARCHING,Reset,False,1087.4651563813798,1751.709952244764,,,,,,,,,,0.0,0,False,-9.499999999999977,-7.125000000000034,-1.0,-0.75,11.885800005984493,84.13400860661467
run_1788625614,285,9.499999999999977,SIMULATION,SEARCHING,SEARCHING,Reset,False,1088.6436676833573,1750.5314409427865,,,,,,,,,,0.0,0,False,-9.53333333333331,-7.150000000000034,-1.0,-0.75,5.931099993176758,168.60278888408854
run_1788625614,286,9.53333333333331,SIMULATION,SEARCHING,SEARCHING,Reset,False,1089.8221789853349,1749.352929640809,,,,,,,,,,0.0,0,False,-9.566666666666643,-7.1750000000000345,-1.0,-0.75,8.582599999499507,116.51480903902254
run_1788625614,287,9.566666666666643,SIMULATION,SEARCHING,SEARCHING,Reset,False,1091.0006902873124,1748.1744183388314,,,,,,,,,,0.0,0,False,-9.599999999999977,-7.200000000000035,-1.0,-0.75,7.964199990965426,125.5618895977497
run_1788625614,288,9.599999999999977,SIMULATION,SEARCHING,SEARCHING,Reset,False,1092.17920158929,1746.9959070368539,,,,,,,,,,0.0,0,False,-9.63333333333331,-7.225000000000035,-1.0,-0.75,10.458000004291534,95.62057750904962
run_1788625614,289,9.63333333333331,SIMULATION,SEARCHING,SEARCHING,Reset,False,1093.3577128912675,1745.8173957348763,,,,,,,,,,0.0,0,False,-9.666666666666643,-7.2500000000000355,-1.0,-0.75,9.53549999394454,104.87127058204014
run_1788625614,290,9.666666666666643,SIMULATION,SEARCHING,SEARCHING,Reset,False,1094.536224193245,1744.6388844328987,,,,,,,,,,0.0,0,False,-9.699999999999976,-7.275000000000036,-1.0,-0.75,9.775999991688877,102.29132578254458
run_1788625614,291,9.699999999999976,SIMULATION,SEARCHING,SEARCHING,Reset,False,1095.7147354952226,1743.4603731309212,,,,,,,,,,0.0,0,False,-9.73333333333331,-7.300000000000036,-1.0,-0.75,11.314400006085634,88.38294557927364
run_1788625614,292,9.73333333333331,SIMULATION,SEARCHING,SEARCHING,Reset,False,1096.8932467972002,1742.2818618289436,,,,,,,,,,0.0,0,False,-9.766666666666643,-7.325000000000037,-1.0,-0.75,8.105900007649325,123.36693014425619
run_1788625614,293,9.766666666666643,SIMULATION,SEARCHING,SEARCHING,Reset,False,1098.0717580991777,1741.103350526966,,,,,,,,,,0.0,0,False,-9.799999999999976,-7.350000000000037,-1.0,-0.75,8.366399997612461,119.52572196946981
run_1788625614,294,9.799999999999976,SIMULATION,SEARCHING,SEARCHING,Reset,False,1099.2502694011553,1739.9248392249885,,,,,,,,,,0.0,0,False,-9.833333333333309,-7.375000000000037,-1.0,-0.75,10.825000004842877,92.37875284550772
run_1788625614,295,9.833333333333309,SIMULATION,SEARCHING,SEARCHING,Reset,False,1100.4287807031328,1738.746327923011,,,,,,,,,,0.0,0,False,-9.866666666666642,-7.400000000000038,-1.0,-0.75,8.414199997787364,118.84671154274494
run_1788625614,296,9.866666666666642,SIMULATION,SEARCHING,SEARCHING,Reset,False,1101.6072920051104,1737.5678166210334,,,,,,,,,,0.0,0,False,-9.899999999999975,-7.425000000000038,-1.0,-0.75,9.069699997780845,110.2572301448425
run_1788625614,297,9.899999999999975,SIMULATION,SEARCHING,SEARCHING,Reset,False,1102.785803307088,1736.389305319056,,,,,,,,,,0.0,0,False,-9.933333333333309,-7.450000000000038,-1.0,-0.75,5.724700007704087,174.681642471088
run_1788625614,298,9.933333333333309,SIMULATION,SEARCHING,SEARCHING,Reset,False,1103.9643146090655,1735.2107940170783,,,,,,,,,,0.0,0,False,-9.966666666666642,-7.475000000000039,-1.0,-0.75,9.546299988869578,104.75262679424918
run_1788625614,299,9.966666666666642,SIMULATION,SEARCHING,SEARCHING,Reset,False,1105.142825911043,1734.0322827151008,,,,,,,,,,0.0,0,False,-9.999999999999975,-7.500000000000039,-1.0,-0.75,7.512899988796562,133.1043939745274
run_1788625614,300,9.999999999999975,SIMULATION,SEARCHING,SEARCHING,Reset,False,1106.3213372130206,1732.8537714131232,,,,,,,,,,0.0,0,False,-10.033333333333308,-7.525000000000039,-1.0,-0.75,6.149599998025224,162.61220247188805
run_1788625614,301,10.033333333333308,SIMULATION,SEARCHING,SEARCHING,Reset,False,1107.4998485149981,1731.6752601111457,,,,,,,,,,0.0,0,False,-10.066666666666642,-7.55000000000004,-1.0,-0.75,8.725500010768883,114.60661266011286
run_1788625614,302,10.066666666666642,SIMULATION,SEARCHING,SEARCHING,Reset,False,1108.6783598169757,1730.4967488091681,,,,,,,,,,0.0,0,False,-10.099999999999975,-7.57500000000004,-1.0,-0.75,7.259799996973015,137.7448415131204
run_1788625614,303,10.099999999999975,SIMULATION,SEARCHING,SEARCHING,Reset,False,1109.8568711189532,1729.3182375071906,,,,,,,,,,0.0,0,False,-10.133333333333308,-7.6000000000000405,-1.0,-0.75,6.954299999051727,143.7959248430982
run_1788625614,304,10.133333333333308,SIMULATION,SEARCHING,SEARCHING,Reset,False,1111.0353824209308,1728.139726205213,,,,,,,,,,0.0,0,False,-10.166666666666641,-7.625000000000041,-1.0,-0.75,5.803199994261377,172.3187208762187
run_1788625614,305,10.166666666666641,SIMULATION,SEARCHING,SEARCHING,Reset,False,1112.2138937229083,1726.9612149032355,,,,,,,,,,0.0,0,False,-10.199999999999974,-7.650000000000041,-1.0,-0.75,8.13249999191612,122.96341850525933
run_1788625614,306,10.199999999999974,SIMULATION,SEARCHING,SEARCHING,Reset,False,1113.3924050248859,1725.782703601258,,,,,,,,,,0.0,0,False,-10.233333333333308,-7.675000000000042,-1.0,-0.75,6.586700008483604,151.8210938272595
run_1788625614,307,10.233333333333308,SIMULATION,SEARCHING,SEARCHING,Reset,False,1114.5709163268634,1724.6041922992804,,,,,,,,,,0.0,0,False,-10.26666666666664,-7.700000000000042,-1.0,-0.75,7.0567999937338755,141.7072895487977
run_1788625614,308,10.26666666666664,SIMULATION,SEARCHING,SEARCHING,Reset,False,1115.749427628841,1723.4256809973028,,,,,,,,,,0.0,0,False,-10.299999999999974,-7.725000000000042,-1.0,-0.75,5.570799999986775,179.5074316080947
run_1788625614,309,10.299999999999974,SIMULATION,SEARCHING,SEARCHING,Reset,False,1116.9279389308185,1722.2471696953253,,,,,,,,,,0.0,0,False,-10.333333333333307,-7.750000000000043,-1.0,-0.75,6.37089999509044,156.96369441846878
run_1788625614,310,10.333333333333307,SIMULATION,SEARCHING,SEARCHING,Reset,False,1118.106450232796,1721.0686583933477,,,,,,,,,,0.0,0,False,-10.36666666666664,-7.775000000000043,-1.0,-0.75,7.77169999491889,128.67197661435677
run_1788625614,311,10.36666666666664,SIMULATION,SEARCHING,SEARCHING,Reset,False,1119.2849615347736,1719.8901470913702,,,,,,,,,,0.0,0,False,-10.399999999999974,-7.800000000000043,-1.0,-0.75,9.081199998036027,110.11760562659869
run_1788625614,312,10.399999999999974,SIMULATION,SEARCHING,SEARCHING,Reset,False,1120.4634728367512,1718.7116357893926,,,,,,,,,,0.0,0,False,-10.433333333333307,-7.825000000000044,-1.0,-0.75,10.410300004878081,96.05871103920327
run_1788625614,313,10.433333333333307,SIMULATION,SEARCHING,SEARCHING,Reset,False,1121.6419841387287,1717.533124487415,,,,,,,,,,0.0,0,False,-10.46666666666664,-7.850000000000044,-1.0,-0.75,10.3815000038594,96.32519381864302
run_1788625614,314,10.46666666666664,SIMULATION,SEARCHING,SEARCHING,Reset,False,1122.8204954407063,1716.3546131854375,,,,,,,,,,0.0,0,False,-10.499999999999973,-7.875000000000044,-1.0,-0.75,8.962599997175857,111.57476628602225
run_1788625614,315,10.499999999999973,SIMULATION,SEARCHING,SEARCHING,Reset,False,1123.9990067426838,1715.17610188346,,,,,,,,,,0.0,0,False,-10.533333333333307,-7.900000000000045,-1.0,-0.75,8.328299998538569,120.0725238254479
run_1788625614,316,10.533333333333307,SIMULATION,SEARCHING,SEARCHING,Reset,False,1125.1775180446614,1713.9975905814824,,,,,,,,,,0.0,0,False,-10.56666666666664,-7.925000000000045,-1.0,-0.75,7.844499996281229,127.47785078386907
run_1788625614,317,10.56666666666664,SIMULATION,SEARCHING,SEARCHING,Reset,False,1126.356029346639,1712.8190792795049,,,,,,,,,,0.0,0,False,-10.599999999999973,-7.9500000000000455,-1.0,-0.75,7.699499998125248,129.87856357471136
run_1788625614,318,10.599999999999973,SIMULATION,SEARCHING,SEARCHING,Reset,False,1127.5345406486165,1711.6405679775273,,,,,,,,,,0.0,0,False,-10.633333333333306,-7.975000000000046,-1.0,-0.75,7.733200007351115,129.3125742318068
run_1788625614,319,10.633333333333306,SIMULATION,SEARCHING,SEARCHING,Reset,False,1128.713051950594,1710.4620566755498,,,,,,,,,,0.0,0,False,-10.66666666666664,-8.000000000000046,-1.0,-0.75,9.453199993004091,105.78428476495337
run_1788625614,320,10.66666666666664,SIMULATION,SEARCHING,SEARCHING,Reset,False,1129.8915632525716,1709.2835453735722,,,,,,,,,,0.0,0,False,-10.699999999999973,-8.025000000000047,-1.0,-0.75,11.948900006245822,83.68971197995539
run_1788625614,321,10.699999999999973,SIMULATION,SEARCHING,SEARCHING,Reset,False,1131.0700745545491,1708.1050340715947,,,,,,,,,,0.0,0,False,-10.733333333333306,-8.050000000000047,-1.0,-0.75,11.01510001171846,90.78446849653166
run_1788625614,322,10.733333333333306,SIMULATION,SEARCHING,SEARCHING,Reset,False,1132.2485858565267,1706.9265227696171,,,,,,,,,,0.0,0,False,-10.766666666666639,-8.075000000000047,-1.0,-0.75,9.333199996035546,107.14438782247986
run_1788625614,323,10.766666666666639,SIMULATION,SEARCHING,SEARCHING,Reset,False,1133.4270971585042,1705.7480114676396,,,,,,,,,,0.0,0,False,-10.799999999999972,-8.100000000000048,-1.0,-0.75,8.748299995204434,114.30792274478141
run_1788625614,324,10.799999999999972,SIMULATION,SEARCHING,SEARCHING,Reset,False,1134.6056084604818,1704.569500165662,,,,,,,,,,0.0,0,False,-10.833333333333306,-8.125000000000048,-1.0,-0.75,10.573799998383038,94.57337949960484
run_1788625614,325,10.833333333333306,SIMULATION,SEARCHING,SEARCHING,Reset,False,1135.7841197624593,1703.3909888636845,,,,,,,,,,0.0,0,False,-10.866666666666639,-8.150000000000048,-1.0,-0.75,7.784500005072914,128.46040199734492
run_1788625614,326,10.866666666666639,SIMULATION,SEARCHING,SEARCHING,Reset,False,1136.962631064437,1702.212477561707,,,,,,,,,,0.0,0,False,-10.899999999999972,-8.175000000000049,-1.0,-0.75,7.121899994672276,140.41196882125223
run_1788625614,327,10.899999999999972,SIMULATION,SEARCHING,SEARCHING,Reset,False,1138.1411423664144,1701.0339662597294,,,,,,,,,,0.0,0,False,-10.933333333333305,-8.200000000000049,-1.0,-0.75,7.319600001210347,136.61948738109228
run_1788625614,328,10.933333333333305,SIMULATION,SEARCHING,SEARCHING,Reset,False,1139.319653668392,1699.8554549577518,,,,,,,,,,0.0,0,False,-10.966666666666638,-8.22500000000005,-1.0,-0.75,6.56939999316819,152.2209031326977
run_1788625614,329,10.966666666666638,SIMULATION,SEARCHING,SEARCHING,Reset,False,1140.4981649703695,1698.6769436557743,,,,,,,,,,0.0,0,False,-10.999999999999972,-8.25000000000005,-1.0,-0.75,5.094899999676272,196.27470609109886
run_1788625614,330,10.999999999999972,SIMULATION,SEARCHING,SEARCHING,Reset,False,1141.676676272347,1697.4984323537967,,,,,,,,,,0.0,0,False,-11.033333333333305,-8.27500000000005,-1.0,-0.75,7.12059999932535,140.43760358603856
run_1788625614,331,11.033333333333305,SIMULATION,SEARCHING,SEARCHING,Reset,False,1142.8551875743246,1696.3199210518192,,,,,,,,,,0.0,0,False,-11.066666666666638,-8.30000000000005,-1.0,-0.75,7.882400008384138,126.86491410437773
run_1788625614,332,11.066666666666638,SIMULATION,SEARCHING,SEARCHING,Reset,False,1144.0336988763022,1695.1414097498416,,,,,,,,,,0.0,0,False,-11.099999999999971,-8.32500000000005,-1.0,-0.75,7.543400002759881,132.56621677680263
run_1788625614,333,11.099999999999971,SIMULATION,SEARCHING,SEARCHING,Reset,False,1145.2122101782797,1693.962898447864,,,,,,,,,,0.0,0,False,-11.133333333333304,-8.350000000000051,-1.0,-0.75,5.070600003818981,197.2153195374982
run_1788625614,334,11.133333333333304,SIMULATION,SEARCHING,SEARCHING,Reset,False,1146.3907214802573,1692.7843871458865,,,,,,,,,,0.0,0,False,-11.166666666666638,-8.375000000000052,-1.0,-0.75,5.96939999377355,167.52102406323272
run_1788625614,335,11.166666666666638,SIMULATION,SEARCHING,SEARCHING,Reset,False,1147.5692327822348,1691.605875843909,,,,,,,,,,0.0,0,False,-11.19999999999997,-8.400000000000052,-1.0,-0.75,6.857300002593547,145.82999134087513
run_1788625614,336,11.19999999999997,SIMULATION,SEARCHING,SEARCHING,Reset,False,1148.7477440842124,1690.4273645419314,,,,,,,,,,0.0,0,False,-11.233333333333304,-8.425000000000052,-1.0,-0.75,6.620100000873208,151.0551199933683
run_1788625614,337,11.233333333333304,SIMULATION,SEARCHING,SEARCHING,Reset,False,1149.92625538619,1689.2488532399539,,,,,,,,,,0.0,0,False,-11.266666666666637,-8.450000000000053,-1.0,-0.75,9.896900010062382,101.04174024020445
run_1788625614,338,11.266666666666637,SIMULATION,SEARCHING,SEARCHING,Reset,False,1151.1047666881675,1688.0703419379763,,,,,,,,,,0.0,0,False,-11.29999999999997,-8.475000000000053,-1.0,-0.75,9.839699996518902,101.62911474473621
run_1788625614,339,11.29999999999997,SIMULATION,SEARCHING,SEARCHING,Reset,False,1152.283277990145,1686.8918306359988,,,,,,,,,,0.0,0,False,-11.333333333333304,-8.500000000000053,-1.0,-0.75,7.962099989526905,125.59500650775152
run_1788625614,340,11.333333333333304,SIMULATION,SEARCHING,SEARCHING,Reset,False,1153.4617892921226,1685.7133193340212,,,,,,,,,,0.0,0,False,-11.366666666666637,-8.525000000000054,-1.0,-0.75,7.578699995065108,131.94875119098958
run_1788625614,341,11.366666666666637,SIMULATION,SEARCHING,SEARCHING,Reset,False,1154.6403005941002,1684.5348080320437,,,,,,,,,,0.0,0,False,-11.39999999999997,-8.550000000000054,-1.0,-0.75,8.960100007243454,111.60589716538742
run_1788625614,342,11.39999999999997,SIMULATION,SEARCHING,SEARCHING,Reset,False,1155.8188118960777,1683.356296730066,,,,,,,,,,0.0,0,False,-11.433333333333303,-8.575000000000054,-1.0,-0.75,8.686900007887743,115.11586401270829
run_1788625614,343,11.433333333333303,SIMULATION,SEARCHING,SEARCHING,Reset,False,1156.9973231980553,1682.1777854280886,,,,,,,,,,0.0,0,False,-11.466666666666637,-8.600000000000055,-1.0,-0.75,8.405800006585196,118.96547612560245
run_1788625614,344,11.466666666666637,SIMULATION,SEARCHING,SEARCHING,Reset,False,1158.1758345000328,1680.999274126111,,,,,,,,,,0.0,0,False,-11.49999999999997,-8.625000000000055,-1.0,-0.75,9.38980000501033,106.49854091316186
run_1788625614,345,11.49999999999997,SIMULATION,SEARCHING,SEARCHING,Reset,False,1159.3543458020104,1679.8207628241335,,,,,,,,,,0.0,0,False,-11.533333333333303,-8.650000000000055,-1.0,-0.75,8.876799998688512,112.65320838001796
run_1788625614,346,11.533333333333303,SIMULATION,SEARCHING,SEARCHING,Reset,False,1160.532857103988,1678.642251522156,,,,,,,,,,0.0,0,False,-11.566666666666636,-8.675000000000056,-1.0,-0.75,9.34610000695102,106.99650113483328
run_1788625614,347,11.566666666666636,SIMULATION,SEARCHING,SEARCHING,Reset,False,1161.7113684059655,1677.4637402201784,,,,,,,,,,0.0,0,False,-11.59999999999997,-8.700000000000056,-1.0,-0.75,6.799399998271838,147.07180049036148
run_1788625614,348,11.59999999999997,SIMULATION,SEARCHING,SEARCHING,Reset,False,1162.889879707943,1676.2852289182008,,,,,,,,,,0.0,0,False,-11.633333333333303,-8.725000000000056,-1.0,-0.75,5.843699997058138,171.12445890504722
run_1788625614,349,11.633333333333303,SIMULATION,SEARCHING,SEARCHING,Reset,False,1164.0683910099206,1675.1067176162232,,,,,,,,,,0.0,0,False,-11.666666666666636,-8.750000000000057,-1.0,-0.75,4.803599993465468,208.17720071620045
run_1788625614,350,11.666666666666636,SIMULATION,SEARCHING,SEARCHING,Reset,False,1165.246902311898,1673.9282063142457,,,,,,,,,,0.0,0,False,-11.699999999999969,-8.775000000000057,-1.0,-0.75,5.091600003652275,196.401916741827
run_1788625614,351,11.699999999999969,SIMULATION,SEARCHING,SEARCHING,Reset,False,1166.4254136138757,1672.7496950122681,,,,,,,,,,0.0,0,False,-11.733333333333302,-8.800000000000058,-1.0,-0.75,7.857200005673803,127.2718015677194
run_1788625614,352,11.733333333333302,SIMULATION,SEARCHING,SEARCHING,Reset,False,1167.6039249158532,1671.5711837102906,,,,,,,,,,0.0,0,False,-11.766666666666636,-8.825000000000058,-1.0,-0.75,9.863699990091845,101.38183450475044
run_1788625614,353,11.766666666666636,SIMULATION,SEARCHING,SEARCHING,Reset,False,1168.7824362178308,1670.392672408313,,,,,,,,,,0.0,0,False,-11.799999999999969,-8.850000000000058,-1.0,-0.75,8.271099999547005,120.90290288531978
run_1788625614,354,11.799999999999969,SIMULATION,SEARCHING,SEARCHING,Reset,False,1169.9609475198083,1669.2141611063355,,,,,,,,,,0.0,0,False,-11.833333333333302,-8.875000000000059,-1.0,-0.75,8.089000009931624,123.62467533344125
run_1788625614,355,11.833333333333302,SIMULATION,SEARCHING,SEARCHING,Reset,False,1171.1394588217859,1668.035649804358,,,,,,,,,,0.0,0,False,-11.866666666666635,-8.900000000000059,-1.0,-0.75,10.81510000221897,92.46331516073145
run_1788625614,356,11.866666666666635,SIMULATION,SEARCHING,SEARCHING,Reset,False,1172.3179701237634,1666.8571385023804,,,,,,,,,,0.0,0,False,-11.899999999999968,-8.92500000000006,-1.0,-0.75,9.510000003501773,105.1524710443512
run_1788625614,357,11.899999999999968,SIMULATION,SEARCHING,SEARCHING,Reset,False,1173.496481425741,1665.6786272004028,,,,,,,,,,0.0,0,False,-11.933333333333302,-8.95000000000006,-1.0,-0.75,8.386300003621727,119.24209717850991
run_1788625614,358,11.933333333333302,SIMULATION,SEARCHING,SEARCHING,Reset,False,1174.6749927277185,1664.5001158984253,,,,,,,,,,0.0,0,False,-11.966666666666635,-8.97500000000006,-1.0,-0.75,11.10319999861531,90.0641256687001
run_1788625614,359,11.966666666666635,SIMULATION,SEARCHING,SEARCHING,Reset,False,1175.853504029696,1663.3216045964477,,,,,,,,,,0.0,0,False,-11.999999999999968,-9.00000000000006,-1.0,-0.75,11.501400003908202,86.9459369868188
run_1788625614,360,11.999999999999968,SIMULATION,SEARCHING,SEARCHING,Reset,False,1177.0320153316736,1662.1430932944702,,,,,,,,,,0.0,0,False,-12.033333333333301,-9.02500000000006,-1.0,-0.75,7.933399989269674,126.04936110022824
run_1788625614,361,12.033333333333301,SIMULATION,SEARCHING,SEARCHING,Reset,False,1178.2105266336512,1660.9645819924926,,,,,,,,,,0.0,0,False,-12.066666666666634,-9.050000000000061,-1.0,-0.75,6.809600003180094,146.85150369081862
run_1788625614,362,12.066666666666634,SIMULATION,SEARCHING,SEARCHING,Reset,False,1179.3890379356287,1659.786070690515,,,,,,,,,,0.0,0,False,-12.099999999999968,-9.075000000000061,-1.0,-0.75,10.421400002087466,95.9563973937949
run_1788625614,363,12.099999999999968,SIMULATION,SEARCHING,SEARCHING,Reset,False,1180.5675492376063,1658.6075593885375,,,,,,,,,,0.0,0,False,-12.1333333333333,-9.100000000000062,-1.0,-0.75,10.453800001414493,95.65899480233897
run_1788625614,364,12.1333333333333,SIMULATION,SEARCHING,SEARCHING,Reset,False,1181.7460605395838,1657.42904808656,,,,,,,,,,0.0,0,False,-12.166666666666634,-9.125000000000062,-1.0,-0.75,10.79060000483878,92.67325260426432
run_1788625614,365,12.166666666666634,SIMULATION,SEARCHING,SEARCHING,Reset,False,1182.9245718415614,1656.2505367845824,,,,,,,,,,0.0,0,False,-12.199999999999967,-9.150000000000063,-1.0,-0.75,8.927499991841614,112.01344171535692
run_1788625614,366,12.199999999999967,SIMULATION,SEARCHING,SEARCHING,Reset,False,1184.103083143539,1655.0720254826049,,,,,,,,,,0.0,0,False,-12.2333333333333,-9.175000000000063,-1.0,-0.75,6.983799990848638,143.1885221957058
run_1788625614,367,12.2333333333333,SIMULATION,SEARCHING,SEARCHING,Reset,False,1185.2815944455165,1653.8935141806273,,,,,,,,,,0.0,0,False,-12.266666666666634,-9.200000000000063,-1.0,-0.75,5.886600003577769,169.8773484510954
run_1788625614,368,12.266666666666634,SIMULATION,SEARCHING,SEARCHING,Reset,False,1186.460105747494,1652.7150028786498,,,,,,,,,,0.0,0,False,-12.299999999999967,-9.225000000000064,-1.0,-0.75,5.643000011332333,177.21070317061657
run_1788625614,369,12.299999999999967,SIMULATION,SEARCHING,SEARCHING,Reset,False,1187.6386170494716,1651.5364915766722,,,,,,,,,,0.0,0,False,-12.3333333333333,-9.250000000000064,-1.0,-0.75,5.655799992382526,176.80964697246063
run_1788625614,370,12.3333333333333,SIMULATION,SEARCHING,SEARCHING,Reset,False,1188.8171283514491,1650.3579802746947,,,,,,,,,,0.0,0,False,-12.366666666666633,-9.275000000000064,-1.0,-0.75,5.7739000039873645,173.1931622143466
run_1788625614,371,12.366666666666633,SIMULATION,SEARCHING,SEARCHING,Reset,False,1189.9956396534267,1649.1794689727171,,,,,,,,,,0.0,0,False,-12.399999999999967,-9.300000000000065,-1.0,-0.75,7.820600003469735,127.86742699490242
run_1788625614,372,12.399999999999967,SIMULATION,SEARCHING,SEARCHING,Reset,False,1191.1741509554042,1648.0009576707396,,,,,,,,,,0.0,0,False,-12.4333333333333,-9.325000000000065,-1.0,-0.75,6.866700001410209,145.63036098775697
run_1788625614,373,12.4333333333333,SIMULATION,SEARCHING,SEARCHING,Reset,False,1192.3526622573818,1646.822446368762,,,,,,,,,,0.0,0,False,-12.466666666666633,-9.350000000000065,-1.0,-0.75,6.459399999585003,154.81314054931528
run_1788625614,374,12.466666666666633,SIMULATION,SEARCHING,SEARCHING,Reset,False,1193.5311735593593,1645.6439350667845,,,,,,,,,,0.0,0,False,-12.499999999999966,-9.375000000000066,-1.0,-0.75,6.636199992499314,150.68864728764476
run_1788625614,375,12.499999999999966,SIMULATION,SEARCHING,SEARCHING,Reset,False,1194.7096848613369,1644.465423764807,,,,,,,,,,0.0,0,False,-12.5333333333333,-9.400000000000066,-1.0,-0.75,6.215499990503304,160.8881025706549
run_1788625614,376,12.5333333333333,SIMULATION,SEARCHING,SEARCHING,Reset,False,1195.8881961633144,1643.2869124628294,,,,,,,,,,0.0,0,False,-12.566666666666633,-9.425000000000066,-1.0,-0.75,5.459699998027645,183.16024696618075
run_1788625614,377,12.566666666666633,SIMULATION,SEARCHING,SEARCHING,Reset,False,1197.066707465292,1642.1084011608518,,,,,,,,,,0.0,0,False,-12.599999999999966,-9.450000000000067,-1.0,-0.75,9.55180000164546,104.69230928492357
run_1788625614,378,12.599999999999966,SIMULATION,SEARCHING,SEARCHING,Reset,False,1198.2452187672695,1640.9298898588743,,,,,,,,,,0.0,0,False,-12.633333333333299,-9.475000000000067,-1.0,-0.75,9.255400000256486,108.04503316683103
run_1788625614,379,12.633333333333299,SIMULATION,SEARCHING,SEARCHING,Reset,False,1199.423730069247,1639.7513785568967,,,,,,,,,,0.0,0,False,-12.666666666666632,-9.500000000000068,-1.0,-0.75,8.34000000031665,119.90407673405664
run_1788625614,380,12.666666666666632,SIMULATION,SEARCHING,SEARCHING,Reset,False,1200.6022413712246,1638.5728672549192,,,,,,,,,,0.0,0,False,-12.699999999999966,-9.525000000000068,-1.0,-0.75,8.509899998898618,117.5101940245389
run_1788625614,381,12.699999999999966,SIMULATION,SEARCHING,SEARCHING,Reset,False,1201.7807526732022,1637.3943559529416,,,,,,,,,,0.0,0,False,-12.733333333333299,-9.550000000000068,-1.0,-0.75,7.146499992813915,139.92863653614205
run_1788625614,382,12.733333333333299,SIMULATION,SEARCHING,SEARCHING,Reset,False,1202.9592639751797,1636.215844650964,,,,,,,,,,0.0,0,False,-12.766666666666632,-9.575000000000069,-1.0,-0.75,6.725699990056455,148.6834086382741
run_1788625614,383,12.766666666666632,SIMULATION,SEARCHING,SEARCHING,Reset,False,1204.1377752771573,1635.0373333489865,,,,,,,,,,0.0,0,False,-12.799999999999965,-9.600000000000069,-1.0,-0.75,9.451499994611368,105.80331170397663
run_1788625614,384,12.799999999999965,SIMULATION,SEARCHING,SEARCHING,Reset,False,1205.3162865791348,1633.858822047009,,,,,,,,,,0.0,0,False,-12.833333333333298,-9.62500000000007,-1.0,-0.75,9.916499999235384,100.84203096627897
run_1788625614,385,12.833333333333298,SIMULATION,SEARCHING,SEARCHING,Reset,False,1206.4947978811124,1632.6803107450314,,,,,,,,,,0.0,0,False,-12.866666666666632,-9.65000000000007,-1.0,-0.75,9.104600001592189,109.83458908959456
run_1788625614,386,12.866666666666632,SIMULATION,SEARCHING,SEARCHING,Reset,False,1207.67330918309,1631.5017994430539,,,,,,,,,,0.0,0,False,-12.899999999999965,-9.67500000000007,-1.0,-0.75,10.550799997872673,94.77954280259574
run_1788625614,387,12.899999999999965,SIMULATION,SEARCHING,SEARCHING,Reset,False,1208.8518204850675,1630.3232881410763,,,,,,,,,,0.0,0,False,-12.933333333333298,-9.70000000000007,-1.0,-0.75,11.492900011944585,87.01024101494826
run_1788625614,388,12.933333333333298,SIMULATION,SEARCHING,SEARCHING,Reset,False,1210.030331787045,1629.1447768390988,,,,,,,,,,0.0,0,False,-12.966666666666631,-9.72500000000007,-1.0,-0.75,8.994300005724654,111.1815260068626
run_1788625614,389,12.966666666666631,SIMULATION,SEARCHING,SEARCHING,Reset,False,1211.2088430890226,1627.9662655371212,,,,,,,,,,0.0,0,False,-12.999999999999964,-9.750000000000071,-1.0,-0.75,8.191600005375221,122.07627317542519
run_1788625614,390,12.999999999999964,SIMULATION,SEARCHING,SEARCHING,Reset,False,1212.3873543910001,1626.7877542351437,,,,,,,,,,0.0,0,False,-13.033333333333298,-9.775000000000071,-1.0,-0.75,9.305800005677156,107.45986367533513
run_1788625614,391,13.033333333333298,SIMULATION,SEARCHING,SEARCHING,Reset,False,1213.5658656929777,1625.6092429331661,,,,,,,,,,0.0,0,False,-13.066666666666631,-9.800000000000072,-1.0,-0.75,6.689300003927201,149.49247296621664
run_1788625614,392,13.066666666666631,SIMULATION,SEARCHING,SEARCHING,Reset,False,1214.7443769949552,1624.4307316311886,,,,,,,,,,0.0,0,False,-13.099999999999964,-9.825000000000072,-1.0,-0.75,5.016499999328516,199.34217086292335
run_1788625614,393,13.099999999999964,SIMULATION,SEARCHING,SEARCHING,Reset,False,1215.9228882969328,1623.252220329211,,,,,,,,,,0.0,0,False,-13.133333333333297,-9.850000000000072,-1.0,-0.75,5.739499989431351,174.23120512960855
run_1788625614,394,13.133333333333297,SIMULATION,SEARCHING,SEARCHING,Reset,False,1217.1013995989103,1622.0737090272335,,,,,,,,,,0.0,0,False,-13.16666666666663,-9.875000000000073,-1.0,-0.75,5.748799987486564,173.94934632909548
run_1788625614,395,13.16666666666663,SIMULATION,SEARCHING,SEARCHING,Reset,False,1218.279910900888,1620.895197725256,,,,,,,,,,0.0,0,False,-13.199999999999964,-9.900000000000073,-1.0,-0.75,11.27719999931287,88.67449367404417
run_1788625614,396,13.199999999999964,SIMULATION,SEARCHING,SEARCHING,Reset,False,1219.4584222028654,1619.7166864232784,,,,,,,,,,0.0,0,False,-13.233333333333297,-9.925000000000074,-1.0,-0.75,9.215800004312769,108.50929919616577
run_1788625614,397,13.233333333333297,SIMULATION,SEARCHING,SEARCHING,Reset,False,1220.636933504843,1618.5381751213008,,,,,,,,,,0.0,0,False,-13.26666666666663,-9.950000000000074,-1.0,-0.75,8.014299994101748,124.77696127371897
run_1788625614,398,13.26666666666663,SIMULATION,SEARCHING,SEARCHING,Reset,False,1221.8154448068206,1617.3596638193233,,,,,,,,,,0.0,0,False,-13.299999999999963,-9.975000000000074,-1.0,-0.75,10.649799995007925,93.89847701071835
run_1788625614,399,13.299999999999963,SIMULATION,SEARCHING,SEARCHING,Reset,False,1222.993956108798,1616.1811525173457,,,,,,,,,,0.0,0,False,-13.333333333333297,-10.000000000000075,-1.0,-0.75,5.569500004639849,179.5493310291621
run_1788625614,400,13.333333333333297,SIMULATION,SEARCHING,SEARCHING,Reset,False,1224.1724674107757,1615.0026412153682,,,,,,,,,,0.0,0,False,-13.36666666666663,-10.025000000000075,-1.0,-0.75,8.4109999879729,118.89192740814708
run_1788625614,401,13.36666666666663,SIMULATION,SEARCHING,SEARCHING,Reset,False,1225.3509787127532,1613.8241299133906,,,,,,,,,,0.0,0,False,-13.399999999999963,-10.050000000000075,-1.0,-0.75,8.382800006074831,119.2918832938066
run_1788625614,402,13.399999999999963,SIMULATION,SEARCHING,SEARCHING,Reset,False,1226.5294900147308,1612.645618611413,,,,,,,,,,0.0,0,False,-13.433333333333296,-10.075000000000076,-1.0,-0.75,7.6034999947296456,131.51837978472395
run_1788625614,403,13.433333333333296,SIMULATION,SEARCHING,SEARCHING,Reset,False,1227.7080013167083,1611.4671073094355,,,,,,,,,,0.0,0,False,-13.46666666666663,-10.100000000000076,-1.0,-0.75,8.150399997248314,122.69336478425765
run_1788625614,404,13.46666666666663,SIMULATION,SEARCHING,SEARCHING,Reset,False,1228.8865126186859,1610.288596007458,,,,,,,,,,0.0,0,False,-13.499999999999963,-10.125000000000076,-1.0,-0.75,7.561699996585958,132.2453946138423
run_1788625614,405,13.499999999999963,SIMULATION,SEARCHING,SEARCHING,Reset,False,1230.0650239206634,1609.1100847054804,,,,,,,,,,0.0,0,False,-13.533333333333296,-10.150000000000077,-1.0,-0.75,6.791399995563552,147.24504530041597
run_1788625614,406,13.533333333333296,SIMULATION,SEARCHING,SEARCHING,Reset,False,1231.243535222641,1607.9315734035029,,,,,,,,,,0.0,0,False,-13.56666666666663,-10.175000000000077,-1.0,-0.75,7.86659998993855,127.11972151615802
run_1788625614,407,13.56666666666663,SIMULATION,SEARCHING,SEARCHING,Reset,False,1232.4220465246185,1606.7530621015253,,,,,,,,,,0.0,0,False,-13.599999999999962,-10.200000000000077,-1.0,-0.75,5.338699993444607,187.31151801522856
run_1788625614,408,13.599999999999962,SIMULATION,SEARCHING,SEARCHING,Reset,False,1233.600557826596,1605.5745507995478,,,,,,,,,,0.0,0,False,-13.633333333333296,-10.225000000000078,-1.0,-0.75,7.49099999666214,133.49352562349256
run_1788625614,409,13.633333333333296,SIMULATION,SEARCHING,SEARCHING,Reset,False,1234.7790691285736,1604.3960394975702,,,,,,,,,,0.0,0,False,-13.666666666666629,-10.250000000000078,-1.0,-0.75,5.449899996165186,183.48960544297114
run_1788625614,410,13.666666666666629,SIMULATION,SEARCHING,SEARCHING,Reset,False,1235.9575804305512,1603.2175281955926,,,,,,,,,,0.0,0,False,-13.699999999999962,-10.275000000000079,-1.0,-0.75,6.103600011556409,163.83773479694347
run_1788625614,411,13.699999999999962,SIMULATION,SEARCHING,SEARCHING,Reset,False,1237.1360917325287,1602.039016893615,,,,,,,,,,0.0,0,False,-13.733333333333295,-10.300000000000079,-1.0,-0.75,6.881099994643591,145.32560212443116
run_1788625614,412,13.733333333333295,SIMULATION,SEARCHING,SEARCHING,Reset,False,1238.3146030345063,1600.8605055916375,,,,,,,,,,0.0,0,False,-13.766666666666628,-10.32500000000008,-1.0,-0.75,5.305800004862249,188.472991647555
run_1788625614,413,13.766666666666628,SIMULATION,SEARCHING,SEARCHING,Reset,False,1239.4931143364838,1599.68199428966,,,,,,,,,,0.0,0,False,-13.799999999999962,-10.35000000000008,-1.0,-0.75,7.722199996351264,129.49677559147645
run_1788625614,414,13.799999999999962,SIMULATION,SEARCHING,SEARCHING,Reset,False,1240.6716256384614,1598.5034829876824,,,,,,,,,,0.0,0,False,-13.833333333333295,-10.37500000000008,-1.0,-0.75,5.082599993329495,196.74969529619088
run_1788625614,415,13.833333333333295,SIMULATION,SEARCHING,SEARCHING,Reset,False,1241.850136940439,1597.324971685705,,,,,,,,,,0.0,0,False,-13.866666666666628,-10.40000000000008,-1.0,-0.75,6.827599994721822,146.464350690296
run_1788625614,416,13.866666666666628,SIMULATION,SEARCHING,SEARCHING,Reset,False,1243.0286482424165,1596.1464603837273,,,,,,,,,,0.0,0,False,-13.899999999999961,-10.42500000000008,-1.0,-0.75,5.599600001005456,178.58418455254687
run_1788625614,417,13.899999999999961,SIMULATION,SEARCHING,SEARCHING,Reset,False,1244.207159544394,1594.9679490817498,,,,,,,,,,0.0,0,False,-13.933333333333294,-10.450000000000081,-1.0,-0.75,5.466899994644336,182.91902192826882
run_1788625614,418,13.933333333333294,SIMULATION,SEARCHING,SEARCHING,Reset,False,1245.3856708463716,1593.7894377797722,,,,,,,,,,0.0,0,False,-13.966666666666628,-10.475000000000081,-1.0,-0.75,6.014900005538948,166.25380290264658
run_1788625614,419,13.966666666666628,SIMULATION,SEARCHING,SEARCHING,Reset,False,1246.5641821483491,1592.6109264777947,,,,,,,,,,0.0,0,False,-13.999999999999961,-10.500000000000082,-1.0,-0.75,5.717300009564497,174.90773587656685
run_1788625614,420,13.999999999999961,SIMULATION,SEARCHING,SEARCHING,Reset,False,1247.7426934503267,1591.4324151758171,,,,,,,,,,0.0,0,False,-14.033333333333294,-10.525000000000082,-1.0,-0.75,5.675500011420809,176.19592951946083
run_1788625614,421,14.033333333333294,SIMULATION,SEARCHING,SEARCHING,Reset,False,1248.9212047523042,1590.2539038738396,,,,,,,,,,0.0,0,False,-14.066666666666627,-10.550000000000082,-1.0,-0.75,5.20189999951981,192.2374517180858
run_1788625614,422,14.066666666666627,SIMULATION,SEARCHING,SEARCHING,Reset,False,1250.0997160542818,1589.075392571862,,,,,,,,,,0.0,0,False,-14.09999999999996,-10.575000000000083,-1.0,-0.75,7.93330000306014,126.05094974528463
run_1788625614,423,14.09999999999996,SIMULATION,SEARCHING,SEARCHING,Reset,False,1251.2782273562593,1587.8968812698845,,,,,,,,,,0.0,0,False,-14.133333333333294,-10.600000000000083,-1.0,-0.75,6.9912999897496775,143.03491503241943
run_1788625614,424,14.133333333333294,SIMULATION,SEARCHING,SEARCHING,Reset,False,1252.4567386582369,1586.718369967907,,,,,,,,,,0.0,0,False,-14.166666666666627,-10.625000000000083,-1.0,-0.75,7.833499999833293,127.65685836743235
run_1788625614,425,14.166666666666627,SIMULATION,SEARCHING,SEARCHING,Reset,False,1253.6352499602144,1585.5398586659294,,,,,,,,,,0.0,0,False,-14.19999999999996,-10.650000000000084,-1.0,-0.75,5.322999990312383,187.86398681569688
run_1788625614,426,14.19999999999996,SIMULATION,SEARCHING,SEARCHING,Reset,False,1254.813761262192,1584.3613473639518,,,,,,,,,,0.0,0,False,-14.233333333333293,-10.675000000000084,-1.0,-0.75,6.940399995073676,144.08391457405972
run_1788625614,427,14.233333333333293,SIMULATION,SEARCHING,SEARCHING,Reset,False,1255.9922725641695,1583.1828360619743,,,,,,,,,,0.0,0,False,-14.266666666666627,-10.700000000000085,-1.0,-0.75,5.1155999972252175,195.4804911530252
run_1788625614,428,14.266666666666627,SIMULATION,SEARCHING,SEARCHING,Reset,False,1257.170783866147,1582.0043247599967,,,,,,,,,,0.0,0,False,-14.29999999999996,-10.725000000000085,-1.0,-0.75,5.807000008644536,172.2059580698053
run_1788625614,429,14.29999999999996,SIMULATION,SEARCHING,SEARCHING,Reset,False,1258.3492951681246,1580.8258134580192,,,,,,,,,,0.0,0,False,-14.333333333333293,-10.750000000000085,-1.0,-0.75,5.012599998735823,199.49726693775685
run_1788625614,430,14.333333333333293,SIMULATION,SEARCHING,SEARCHING,Reset,False,1259.5278064701022,1579.6473021560416,,,,,,,,,,0.0,0,False,-14.366666666666626,-10.775000000000086,-1.0,-0.75,6.531699997140095,153.09949943167172
run_1788625614,431,14.366666666666626,SIMULATION,SEARCHING,SEARCHING,Reset,False,1260.7063177720797,1578.468790854064,,,,,,,,,,0.0,0,False,-14.39999999999996,-10.800000000000086,-1.0,-0.75,6.921299995156005,144.4815281377585
run_1788625614,432,14.39999999999996,SIMULATION,SEARCHING,SEARCHING,Reset,False,1261.8848290740573,1577.2902795520865,,,,,,,,,,0.0,0,False,-14.433333333333293,-10.825000000000086,-1.0,-0.75,7.970600010594353,125.46106926339561
run_1788625614,433,14.433333333333293,SIMULATION,SEARCHING,SEARCHING,Reset,False,1263.0633403760348,1576.111768250109,,,,,,,,,,0.0,0,False,-14.466666666666626,-10.850000000000087,-1.0,-0.75,6.878800006234087,145.37419304147883
run_1788625614,434,14.466666666666626,SIMULATION,SEARCHING,SEARCHING,Reset,False,1264.2418516780124,1574.9332569481314,,,,,,,,,,0.0,0,False,-14.49999999999996,-10.875000000000087,-1.0,-0.75,9.018500000820495,110.88318455497266
run_1788625614,435,14.49999999999996,SIMULATION,SEARCHING,SEARCHING,Reset,False,1265.42036297999,1573.7547456461539,,,,,,,,,,0.0,0,False,-14.533333333333292,-10.900000000000087,-1.0,-0.75,11.25049999973271,88.88493844929185
run_1788625614,436,14.533333333333292,SIMULATION,SEARCHING,SEARCHING,Reset,False,1266.5988742819675,1572.5762343441763,,,,,,,,,,0.0,0,False,-14.566666666666626,-10.925000000000088,-1.0,-0.75,8.140999998431653,122.83503257494755
run_1788625614,437,14.566666666666626,SIMULATION,SEARCHING,SEARCHING,Reset,False,1267.777385583945,1571.3977230421988,,,,,,,,,,0.0,0,False,-14.599999999999959,-10.950000000000088,-1.0,-0.75,7.089799997629598,141.04770238008686
run_1788625614,438,14.599999999999959,SIMULATION,SEARCHING,SEARCHING,Reset,False,1268.9558968859226,1570.2192117402212,,,,,,,,,,0.0,0,False,-14.633333333333292,-10.975000000000088,-1.0,-0.75,5.797500009066425,172.48814117053027
run_1788625614,439,14.633333333333292,SIMULATION,SEARCHING,SEARCHING,Reset,False,1270.1344081879001,1569.0407004382437,,,,,,,,,,0.0,0,False,-14.666666666666625,-11.000000000000089,-1.0,-0.75,5.32039999961853,187.95579281101035
run_1788625614,440,14.666666666666625,SIMULATION,SEARCHING,SEARCHING,Reset,False,1271.3129194898777,1567.8621891362661,,,,,,,,,,0.0,0,False,-14.699999999999958,-11.02500000000009,-1.0,-0.75,6.07609999133274,164.57925337411353
run_1788625614,441,14.699999999999958,SIMULATION,SEARCHING,SEARCHING,Reset,False,1272.4914307918552,1566.6836778342886,,,,,,,,,,0.0,0,False,-14.733333333333292,-11.05000000000009,-1.0,-0.75,4.13670000853017,241.73858339689338
run_1788625614,442,14.733333333333292,SIMULATION,SEARCHING,SEARCHING,Reset,False,1273.6699420938328,1565.505166532311,,,,,,,,,,0.0,0,False,-14.766666666666625,-11.07500000000009,-1.0,-0.75,6.942799998796545,144.03410730156978
run_1788625614,443,14.766666666666625,SIMULATION,SEARCHING,SEARCHING,Reset,False,1274.8484533958103,1564.3266552303335,,,,,,,,,,0.0,0,False,-14.799999999999958,-11.10000000000009,-1.0,-0.75,5.522099992958829,181.09052738543116
run_1788625614,444,14.799999999999958,SIMULATION,SEARCHING,SEARCHING,Reset,False,1276.026964697788,1563.148143928356,,,,,,,,,,0.0,0,False,-14.833333333333291,-11.12500000000009,-1.0,-0.75,7.829199996194802,127.72697088923854
run_1788625614,445,14.833333333333291,SIMULATION,SEARCHING,SEARCHING,Reset,False,1277.2054759997654,1561.9696326263784,,,,,,,,,,0.0,0,False,-14.866666666666625,-11.150000000000091,-1.0,-0.75,10.654099998646416,93.86057950714262
run_1788625614,446,14.866666666666625,SIMULATION,SEARCHING,SEARCHING,Reset,False,1278.383987301743,1560.7911213244008,,,,,,,,,,0.0,0,False,-14.899999999999958,-11.175000000000091,-1.0,-0.75,8.811699997750111,113.48547956186998
run_1788625614,447,14.899999999999958,SIMULATION,SEARCHING,SEARCHING,Reset,False,1279.5624986037205,1559.6126100224233,,,,,,,,,,0.0,0,False,-14.933333333333291,-11.200000000000092,-1.0,-0.75,7.978699999512173,125.33370098651925
run_1788625614,448,14.933333333333291,SIMULATION,SEARCHING,SEARCHING,Reset,False,1280.741009905698,1558.4340987204457,,,,,,,,,,0.0,0,False,-14.966666666666624,-11.225000000000092,-1.0,-0.75,6.736700001056306,148.44063114628844
run_1788625614,449,14.966666666666624,SIMULATION,SEARCHING,SEARCHING,Reset,False,1281.9195212076756,1557.2555874184682,,,,,,,,,,0.0,0,False,-14.999999999999957,-11.250000000000092,-1.0,-0.75,5.3804999915882945,185.8563333451108
run_1788625614,450,14.999999999999957,SIMULATION,SEARCHING,SEARCHING,Reset,False,1283.0980325096532,1556.0770761164906,,,,,,,,,,0.0,0,False,-15.03333333333329,-11.275000000000093,-1.0,-0.75,6.72869999834802,148.6171177561063
run_1788625614,451,15.03333333333329,SIMULATION,SEARCHING,SEARCHING,Reset,False,1284.2765438116307,1554.898564814513,,,,,,,,,,0.0,0,False,-15.066666666666624,-11.300000000000093,-1.0,-0.75,7.423299990477972,134.71097777036113
run_1788625614,452,15.066666666666624,SIMULATION,SEARCHING,SEARCHING,Reset,False,1285.4550551136083,1553.7200535125355,,,,,,,,,,0.0,0,False,-15.099999999999957,-11.325000000000093,-1.0,-0.75,7.662900010473095,130.49889710596153
run_1788625614,453,15.099999999999957,SIMULATION,SEARCHING,SEARCHING,Reset,False,1286.6335664155858,1552.541542210558,,,,,,,,,,0.0,0,False,-15.13333333333329,-11.350000000000094,-1.0,-0.75,6.232999992789701,160.4363871581573
run_1788625614,454,15.13333333333329,SIMULATION,SEARCHING,SEARCHING,Reset,False,1287.8120777175634,1551.3630309085804,,,,,,,,,,0.0,0,False,-15.166666666666623,-11.375000000000094,-1.0,-0.75,8.416399999987334,118.81564564439724
run_1788625614,455,15.166666666666623,SIMULATION,SEARCHING,SEARCHING,Reset,False,1288.990589019541,1550.1845196066029,,,,,,,,,,0.0,0,False,-15.199999999999957,-11.400000000000095,-1.0,-0.75,9.197299994411878,108.72756141558749
run_1788625614,456,15.199999999999957,SIMULATION,SEARCHING,SEARCHING,Reset,False,1290.1691003215185,1549.0060083046253,,,,,,,,,,0.0,0,False,-15.23333333333329,-11.425000000000095,-1.0,-0.75,8.019200002308935,124.70071824023272
run_1788625614,457,15.23333333333329,SIMULATION,SEARCHING,SEARCHING,Reset,False,1291.347611623496,1547.8274970026478,,,,,,,,,,0.0,0,False,-15.266666666666623,-11.450000000000095,-1.0,-0.75,8.608499992988072,116.1642563529692
run_1788625614,458,15.266666666666623,SIMULATION,SEARCHING,SEARCHING,Reset,False,1292.5261229254736,1546.6489857006702,,,,,,,,,,0.0,0,False,-15.299999999999956,-11.475000000000096,-1.0,-0.75,8.159300006809644,122.55953319101064
run_1788625614,459,15.299999999999956,SIMULATION,SEARCHING,SEARCHING,Reset,False,1293.7046342274512,1545.4704743986927,,,,,,,,,,0.0,0,False,-15.33333333333329,-11.500000000000096,-1.0,-0.75,6.710100002237596,149.02907552294798
run_1788625614,460,15.33333333333329,SIMULATION,SEARCHING,SEARCHING,Reset,False,1294.8831455294287,1544.291963096715,,,,,,,,,,0.0,0,False,-15.366666666666623,-11.525000000000096,-1.0,-0.75,7.516300000133924,133.04418397112704
run_1788625614,461,15.366666666666623,SIMULATION,SEARCHING,SEARCHING,Reset,False,1296.0616568314063,1543.1134517947376,,,,,,,,,,0.0,0,False,-15.399999999999956,-11.550000000000097,-1.0,-0.75,7.529299997258931,132.8144715131624
run_1788625614,462,15.399999999999956,SIMULATION,SEARCHING,SEARCHING,Reset,False,1297.2401681333838,1541.93494049276,,,,,,,,,,0.0,0,False,-15.43333333333329,-11.575000000000097,-1.0,-0.75,6.185100006405264,161.678873254176
run_1788625614,463,15.43333333333329,SIMULATION,SEARCHING,SEARCHING,Reset,False,1298.4186794353614,1540.7564291907825,,,,,,,,,,0.0,0,False,-15.466666666666622,-11.600000000000097,-1.0,-0.75,6.8657000083476305,145.65157213163326
run_1788625614,464,15.466666666666622,SIMULATION,SEARCHING,SEARCHING,Reset,False,1299.597190737339,1539.577917888805,,,,,,,,,,0.0,0,False,-15.499999999999956,-11.625000000000098,-1.0,-0.75,9.895800001686439,101.05297195068417
run_1788625614,465,15.499999999999956,SIMULATION,SEARCHING,SEARCHING,Reset,False,1300.7757020393165,1538.3994065868274,,,,,,,,,,0.0,0,False,-15.533333333333289,-11.650000000000098,-1.0,-0.75,8.71849998657126,114.69862952804475
run_1788625614,466,15.533333333333289,SIMULATION,SEARCHING,SEARCHING,Reset,False,1301.954213341294,1537.2208952848498,,,,,,,,,,0.0,0,False,-15.566666666666622,-11.675000000000098,-1.0,-0.75,7.345999998506159,136.12850533669405
run_1788625614,467,15.566666666666622,SIMULATION,SEARCHING,SEARCHING,Reset,False,1303.1327246432716,1536.0423839828723,,,,,,,,,,0.0,0,False,-15.599999999999955,-11.700000000000099,-1.0,-0.75,8.00590000289958,124.90788039293767
run_1788625614,468,15.599999999999955,SIMULATION,SEARCHING,SEARCHING,Reset,False,1304.311235945249,1534.8638726808947,,,,,,,,,,0.0,0,False,-15.633333333333288,-11.7250000000001,-1.0,-0.75,8.75639999867417,114.20218356304106
run_1788625614,469,15.633333333333288,SIMULATION,SEARCHING,SEARCHING,Reset,False,1305.4897472472267,1533.6853613789172,,,,,,,,,,0.0,0,False,-15.666666666666622,-11.7500000000001,-1.0,-0.75,8.743500002310611,114.37067532861369
run_1788625614,470,15.666666666666622,SIMULATION,SEARCHING,SEARCHING,Reset,False,1306.6682585492042,1532.5068500769396,,,,,,,,,,0.0,0,False,-15.699999999999955,-11.7750000000001,-1.0,-0.75,10.842400006367825,92.23050241760978
run_1788625614,471,15.699999999999955,SIMULATION,SEARCHING,SEARCHING,Reset,False,1307.8467698511818,1531.328338774962,,,,,,,,,,0.0,0,False,-15.733333333333288,-11.8000000000001,-1.0,-0.75,8.370900002773851,119.46146766400646
run_1788625614,472,15.733333333333288,SIMULATION,SEARCHING,SEARCHING,Reset,False,1309.0252811531593,1530.1498274729845,,,,,,,,,,0.0,0,False,-15.766666666666621,-11.8250000000001,-1.0,-0.75,5.757599996286444,173.68347933947882
run_1788625614,473,15.766666666666621,SIMULATION,SEARCHING,SEARCHING,Reset,False,1310.2037924551369,1528.971316171007,,,,,,,,,,0.0,0,False,-15.799999999999955,-11.850000000000101,-1.0,-0.75,5.158199986908585,193.8660778058201
run_1788625614,474,15.799999999999955,SIMULATION,SEARCHING,SEARCHING,Reset,False,1311.3823037571144,1527.7928048690294,,,,,,,,,,0.0,0,False,-15.833333333333288,-11.875000000000101,-1.0,-0.75,4.342100000940263,230.30330940868572
run_1788625614,475,15.833333333333288,SIMULATION,SEARCHING,SEARCHING,Reset,False,1312.560815059092,1526.6142935670518,,,,,,,,,,0.0,0,False,-15.866666666666621,-11.900000000000102,-1.0,-0.75,4.957600001944229,201.71050500399963
run_1788625614,476,15.866666666666621,SIMULATION,SEARCHING,SEARCHING,Reset,False,1313.7393263610695,1525.4357822650743,,,,,,,,,,0.0,0,False,-15.899999999999954,-11.925000000000102,-1.0,-0.75,4.769599996507168,209.6611876745034
run_1788625614,477,15.899999999999954,SIMULATION,SEARCHING,SEARCHING,Reset,False,1314.917837663047,1524.2572709630967,,,,,,,,,,0.0,0,False,-15.933333333333287,-11.950000000000102,-1.0,-0.75,5.612699998891912,178.16737046295455
run_1788625614,478,15.933333333333287,SIMULATION,SEARCHING,SEARCHING,Reset,False,1316.0963489650246,1523.0787596611192,,,,,,,,,,0.0,0,False,-15.96666666666662,-11.975000000000103,-1.0,-0.75,7.672200008528307,130.34071047266943
run_1788625614,479,15.96666666666662,SIMULATION,SEARCHING,SEARCHING,Reset,False,1317.2748602670022,1521.9002483591416,,,,,,,,,,0.0,0,False,-15.999999999999954,-12.000000000000103,-1.0,-0.75,10.994700001901947,90.9529136608559
run_1788625614,480,15.999999999999954,SIMULATION,SEARCHING,SEARCHING,Reset,False,1318.4533715689797,1520.721737057164,,,,,,,,,,0.0,0,False,-16.03333333333329,-12.025000000000103,-1.0,-0.75,10.165700005018152,98.37000890311187
run_1788625614,481,16.03333333333329,SIMULATION,SEARCHING,SEARCHING,Reset,False,1319.6318828709573,1519.5432257551865,,,,,,,,,,0.0,0,False,-16.066666666666624,-12.050000000000104,-1.0,-0.75,8.107800007564947,123.33802006302011
run_1788625614,482,16.066666666666624,SIMULATION,SEARCHING,SEARCHING,Reset,False,1320.8103941729348,1518.364714453209,,,,,,,,,,0.0,0,False,-16.09999999999996,-12.075000000000104,-1.0,-0.75,7.983599993167445,125.25677649880052
run_1788625614,483,16.09999999999996,SIMULATION,SEARCHING,SEARCHING,Reset,False,1321.9889054749124,1517.1862031512314,,,,,,,,,,0.0,0,False,-16.133333333333294,-12.100000000000104,-1.0,-0.75,9.43419999384787,105.9973289364344
run_1788625614,484,16.133333333333294,SIMULATION,SEARCHING,SEARCHING,Reset,False,1323.16741677689,1516.007691849254,,,,,,,,,,0.0,0,False,-16.16666666666663,-12.125000000000105,-1.0,-0.75,8.102699997834861,123.41565160591063
run_1788625614,485,16.16666666666663,SIMULATION,SEARCHING,SEARCHING,Reset,False,1324.3459280788675,1514.8291805472763,,,,,,,,,,0.0,0,False,-16.199999999999964,-12.150000000000105,-1.0,-0.75,6.523399992147461,153.29429457089086
run_1788625614,486,16.199999999999964,SIMULATION,SEARCHING,SEARCHING,Reset,False,1325.524439380845,1513.6506692452988,,,,,,,,,,0.0,0,False,-16.2333333333333,-12.175000000000106,-1.0,-0.75,8.048699994105846,124.24366677007608
run_1788625614,487,16.2333333333333,SIMULATION,SEARCHING,SEARCHING,Reset,False,1326.7029506828226,1512.4721579433212,,,,,,,,,,0.0,0,False,-16.266666666666634,-12.200000000000106,-1.0,-0.75,8.817599999019876,113.40954455987519
run_1788625614,488,16.266666666666634,SIMULATION,SEARCHING,SEARCHING,Reset,False,1327.8814619848001,1511.2936466413437,,,,,,,,,,0.0,0,False,-16.29999999999997,-12.225000000000106,-1.0,-0.75,8.964099994045682,111.55609605696506
run_1788625614,489,16.29999999999997,SIMULATION,SEARCHING,SEARCHING,Reset,False,1329.0599732867777,1510.1151353393661,,,,,,,,,,0.0,0,False,-16.333333333333304,-12.250000000000107,-1.0,-0.75,7.099100010236725,140.86292608330984
run_1788625614,490,16.333333333333304,SIMULATION,SEARCHING,SEARCHING,Reset,False,1330.2384845887552,1508.9366240373886,,,,,,,,,,0.0,0,False,-16.36666666666664,-12.275000000000107,-1.0,-0.75,5.928099999437109,168.68811256472614
run_1788625614,491,16.36666666666664,SIMULATION,SEARCHING,SEARCHING,Reset,False,1331.4169958907328,1507.758112735411,,,,,,,,,,0.0,0,False,-16.399999999999974,-12.300000000000107,-1.0,-0.75,9.173699989332817,109.00727091171505
run_1788625614,492,16.399999999999974,SIMULATION,SEARCHING,SEARCHING,Reset,False,1332.5955071927103,1506.5796014334335,,,,,,,,,,0.0,0,False,-16.43333333333331,-12.325000000000108,-1.0,-0.75,5.2292999898782,191.23018414235054
run_1788625614,493,16.43333333333331,SIMULATION,SEARCHING,SEARCHING,Reset,False,1333.7740184946879,1505.401090131456,,,,,,,,,,0.0,0,False,-16.466666666666644,-12.350000000000108,-1.0,-0.75,6.284400005824864,159.1241803629819
run_1788625614,494,16.466666666666644,SIMULATION,SEARCHING,SEARCHING,Reset,False,1334.9525297966654,1504.2225788294784,,,,,,,,,,0.0,0,False,-16.49999999999998,-12.375000000000108,-1.0,-0.75,4.955800002790056,201.7837684000589
run_1788625614,495,16.49999999999998,SIMULATION,SEARCHING,SEARCHING,Reset,False,1336.131041098643,1503.0440675275008,,,,,,,,,,0.0,0,False,-16.533333333333314,-12.400000000000109,-1.0,-0.75,5.588599990005605,178.93569083283003
run_1788625614,496,16.533333333333314,SIMULATION,SEARCHING,SEARCHING,Reset,False,1337.3095524006205,1501.8655562255233,,,,,,,,,,0.0,0,False,-16.56666666666665,-12.425000000000109,-1.0,-0.75,4.295899998396635,232.78009273335772
run_1788625614,497,16.56666666666665,SIMULATION,SEARCHING,SEARCHING,Reset,False,1338.488063702598,1500.6870449235457,,,,,,,,,,0.0,0,False,-16.599999999999984,-12.45000000000011,-1.0,-0.75,4.327200003899634,231.0963207383086
run_1788625614,498,16.599999999999984,SIMULATION,SEARCHING,SEARCHING,Reset,False,1339.6665750045756,1499.5085336215682,,,,,,,,,,0.0,0,False,-16.63333333333332,-12.47500000000011,-1.0,-0.75,5.417899999883957,184.5733586853612
run_1788625614,499,16.63333333333332,SIMULATION,SEARCHING,SEARCHING,Reset,False,1340.8450863065532,1498.3300223195906,,,,,,,,,,0.0,0,False,-16.666666666666654,-12.50000000000011,-1.0,-0.75,5.300899996655062,188.64721097002646
run_1788625614,500,16.666666666666654,SIMULATION,SEARCHING,SEARCHING,Reset,False,1342.0235976085307,1497.151511017613,,,,,,,,,,0.0,0,False,-16.69999999999999,-12.52500000000011,-1.0,-0.75,4.059800005052239,246.31755228226635
run_1788625614,501,16.69999999999999,SIMULATION,SEARCHING,SEARCHING,Reset,False,1343.2021089105083,1495.9729997156355,,,,,,,,,,0.0,0,False,-16.733333333333324,-12.55000000000011,-1.0,-0.75,7.819300008122809,127.88868555512445
run_1788625614,502,16.733333333333324,SIMULATION,SEARCHING,SEARCHING,Reset,False,1344.3806202124858,1494.794488413658,,,,,,,,,,0.0,0,False,-16.76666666666666,-12.575000000000111,-1.0,-0.75,7.365700002992526,135.7644215205237
run_1788625614,503,16.76666666666666,SIMULATION,SEARCHING,SEARCHING,Reset,False,1345.5591315144634,1493.6159771116804,,,,,,,,,,0.0,0,False,-16.799999999999994,-12.600000000000112,-1.0,-0.75,4.8079000116558746,207.99101428392495
run_1788625614,504,16.799999999999994,SIMULATION,SEARCHING,SEARCHING,Reset,False,1346.737642816441,1492.4374658097029,,,,,,,,,,0.0,0,False,-16.83333333333333,-12.625000000000112,-1.0,-0.75,5.944499993347563,168.22272707865946
run_1788625614,505,16.83333333333333,SIMULATION,SEARCHING,SEARCHING,Reset,False,1347.9161541184185,1491.2589545077253,,,,,,,,,,0.0,0,False,-16.866666666666664,-12.650000000000112,-1.0,-0.75,6.578200001968071,152.01726911629615
run_1788625614,506,16.866666666666664,SIMULATION,SEARCHING,SEARCHING,Reset,False,1349.094665420396,1490.0804432057478,,,,,,,,,,0.0,0,False,-16.9,-12.675000000000113,-1.0,-0.75,8.0279999965569,124.5640259627412
run_1788625614,507,16.9,SIMULATION,SEARCHING,SEARCHING,Reset,False,1350.2731767223736,1488.9019319037702,,,,,,,,,,0.0,0,False,-16.933333333333334,-12.700000000000113,-1.0,-0.75,6.578399988939054,152.01264770786264
run_1788625614,508,16.933333333333334,SIMULATION,SEARCHING,SEARCHING,Reset,False,1351.4516880243511,1487.7234206017927,,,,,,,,,,0.0,0,False,-16.96666666666667,-12.725000000000113,-1.0,-0.75,5.622600001515821,177.8536619589524
run_1788625614,509,16.96666666666667,SIMULATION,SEARCHING,SEARCHING,Reset,False,1352.6301993263287,1486.5449092998151,,,,,,,,,,0.0,0,False,-17.000000000000004,-12.750000000000114,-1.0,-0.75,6.416000003810041,155.86034903462684
run_1788625614,510,17.000000000000004,SIMULATION,SEARCHING,SEARCHING,Reset,False,1353.8087106283062,1485.3663979978376,,,,,,,,,,0.0,0,False,-17.03333333333334,-12.775000000000114,-1.0,-0.75,6.85910000174772,145.7917219088797
run_1788625614,511,17.03333333333334,SIMULATION,SEARCHING,SEARCHING,Reset,False,1354.9872219302838,1484.18788669586,,,,,,,,,,0.0,0,False,-17.066666666666674,-12.800000000000114,-1.0,-0.75,5.1753000007011,193.2255134706258
run_1788625614,512,17.066666666666674,SIMULATION,SEARCHING,SEARCHING,Reset,False,1356.1657332322613,1483.0093753938825,,,,,,,,,,0.0,0,False,-17.10000000000001,-12.825000000000115,-1.0,-0.75,5.561199999647215,179.81730562889967
run_1788625614,513,17.10000000000001,SIMULATION,SEARCHING,SEARCHING,Reset,False,1357.344244534239,1481.830864091905,,,,,,,,,,0.0,0,False,-17.133333333333344,-12.850000000000115,-1.0,-0.75,5.536099997698329,180.63257535372495
run_1788625614,514,17.133333333333344,SIMULATION,SEARCHING,SEARCHING,Reset,False,1358.5227558362164,1480.6523527899274,,,,,,,,,,0.0,0,False,-17.16666666666668,-12.875000000000115,-1.0,-0.75,4.020199994556606,248.743843926673
run_1788625614,515,17.16666666666668,SIMULATION,SEARCHING,SEARCHING,Reset,False,1359.701267138194,1479.4738414879498,,,,,,,,,,0.0,0,False,-17.200000000000014,-12.900000000000116,-1.0,-0.75,6.291199999395758,158.9521871973623
run_1788625614,516,17.200000000000014,SIMULATION,SEARCHING,SEARCHING,Reset,False,1360.8797784401715,1478.2953301859723,,,,,,,,,,0.0,0,False,-17.23333333333335,-12.925000000000116,-1.0,-0.75,8.369399991352111,119.48287822702639
run_1788625614,517,17.23333333333335,SIMULATION,SEARCHING,SEARCHING,Reset,False,1362.058289742149,1477.1168188839947,,,,,,,,,,0.0,0,False,-17.266666666666683,-12.950000000000117,-1.0,-0.75,8.635500009404495,115.8010536634763
run_1788625614,518,17.266666666666683,SIMULATION,SEARCHING,SEARCHING,Reset,False,1363.2368010441267,1475.9383075820172,,,,,,,,,,0.0,0,False,-17.30000000000002,-12.975000000000117,-1.0,-0.75,10.127999994438142,98.7361769894507
run_1788625614,519,17.30000000000002,SIMULATION,SEARCHING,SEARCHING,Reset,False,1364.4153123461042,1474.7597962800396,,,,,,,,,,0.0,0,False,-17.333333333333353,-13.000000000000117,-1.0,-0.75,8.711700007552281,114.78815835406265
run_1788625614,520,17.333333333333353,SIMULATION,SEARCHING,SEARCHING,Reset,False,1365.5938236480818,1473.581284978062,,,,,,,,,,0.0,0,False,-17.36666666666669,-13.025000000000118,-1.0,-0.75,8.927599992603064,112.01218701874491
run_1788625614,521,17.36666666666669,SIMULATION,SEARCHING,SEARCHING,Reset,False,1366.7723349500593,1472.4027736760845,,,,,,,,,,0.0,0,False,-17.400000000000023,-13.050000000000118,-1.0,-0.75,10.011800011852756,99.88213895764211
run_1788625614,522,17.400000000000023,SIMULATION,SEARCHING,SEARCHING,Reset,False,1367.9508462520369,1471.224262374107,,,,,,,,,,0.0,0,False,-17.43333333333336,-13.075000000000118,-1.0,-0.75,8.343199995579198,119.85808808728892
run_1788625614,523,17.43333333333336,SIMULATION,SEARCHING,SEARCHING,Reset,False,1369.1293575540144,1470.0457510721294,,,,,,,,,,0.0,0,False,-17.466666666666693,-13.100000000000119,-1.0,-0.75,9.839599995757453,101.63014761079421
run_1788625614,524,17.466666666666693,SIMULATION,SEARCHING,SEARCHING,Reset,False,1370.307868855992,1468.8672397701519,,,,,,,,,,0.0,0,False,-17.50000000000003,-13.125000000000119,-1.0,-0.75,7.7103000076022,129.69663943219072
run_1788625614,525,17.50000000000003,SIMULATION,SEARCHING,SEARCHING,Reset,False,1371.4863801579695,1467.6887284681743,,,,,,,,,,0.0,0,False,-17.533333333333363,-13.15000000000012,-1.0,-0.75,5.534500000067055,180.6847953722801
run_1788625614,526,17.533333333333363,SIMULATION,SEARCHING,SEARCHING,Reset,False,1372.664891459947,1466.5102171661968,,,,,,,,,,0.0,0,False,-17.5666666666667,-13.17500000000012,-1.0,-0.75,8.246400000643916,121.26503685510228
run_1788625614,527,17.5666666666667,SIMULATION,SEARCHING,SEARCHING,Reset,False,1373.8434027619246,1465.3317058642192,,,,,,,,,,0.0,0,False,-17.600000000000033,-13.20000000000012,-1.0,-0.75,6.781499992939644,147.4600016281236
run_1788625614,528,17.600000000000033,SIMULATION,SEARCHING,SEARCHING,Reset,False,1375.0219140639022,1464.1531945622417,,,,,,,,,,0.0,0,False,-17.63333333333337,-13.22500000000012,-1.0,-0.75,5.646700010402128,177.09458589226264
run_1788625614,529,17.63333333333337,SIMULATION,SEARCHING,SEARCHING,Reset,False,1376.2004253658797,1462.974683260264,,,,,,,,,,0.0,0,False,-17.666666666666703,-13.25000000000012,-1.0,-0.75,4.884599999058992,204.72505429157926
run_1788625614,530,17.666666666666703,SIMULATION,SEARCHING,SEARCHING,Reset,False,1377.3789366678573,1461.7961719582865,,,,,,,,,,0.0,0,False,-17.70000000000004,-13.275000000000121,-1.0,-0.75,5.108600002131425,195.74834584480624
run_1788625614,531,17.70000000000004,SIMULATION,SEARCHING,SEARCHING,Reset,False,1378.5574479698348,1460.617660656309,,,,,,,,,,0.0,0,False,-17.733333333333373,-13.300000000000122,-1.0,-0.75,9.977599998819642,100.22450289832233
run_1788625614,532,17.733333333333373,SIMULATION,SEARCHING,SEARCHING,Reset,False,1379.7359592718124,1459.4391493543314,,,,,,,,,,0.0,0,False,-17.76666666666671,-13.325000000000122,-1.0,-0.75,10.107100009918213,98.9403487665788
run_1788625614,533,17.76666666666671,SIMULATION,SEARCHING,SEARCHING,Reset,False,1380.91447057379,1458.260638052354,,,,,,,,,,0.0,0,False,-17.800000000000043,-13.350000000000122,-1.0,-0.75,9.922699988237582,100.77902195827798
run_1788625614,534,17.800000000000043,SIMULATION,SEARCHING,SEARCHING,Reset,False,1382.0929818757675,1457.0821267503763,,,,,,,,,,0.0,0,False,-17.83333333333338,-13.375000000000123,-1.0,-0.75,11.801000000559725,84.73858147212691
run_1788625614,535,17.83333333333338,SIMULATION,SEARCHING,SEARCHING,Reset,False,1383.271493177745,1455.9036154483988,,,,,,,,,,0.0,0,False,-17.866666666666713,-13.400000000000123,-1.0,-0.75,8.691000010003336,115.06155780105864
run_1788625614,536,17.866666666666713,SIMULATION,SEARCHING,SEARCHING,Reset,False,1384.4500044797226,1454.7251041464212,,,,,,,,,,0.0,0,False,-17.90000000000005,-13.425000000000123,-1.0,-0.75,10.316700005205348,96.93021988576236
run_1788625614,537,17.90000000000005,SIMULATION,SEARCHING,SEARCHING,Reset,False,1385.6285157817001,1453.5465928444437,,,,,,,,,,0.0,0,False,-17.933333333333383,-13.450000000000124,-1.0,-0.75,8.970599999884143,111.47526364043823
run_1788625614,538,17.933333333333383,SIMULATION,SEARCHING,SEARCHING,Reset,False,1386.8070270836777,1452.3680815424661,,,,,,,,,,0.0,0,False,-17.96666666666672,-13.475000000000124,-1.0,-0.75,8.421599995926954,118.74228180911498
run_1788625614,539,17.96666666666672,SIMULATION,SEARCHING,SEARCHING,Reset,False,1387.9855383856552,1451.1895702404886,,,,,,,,,,0.0,0,False,-18.000000000000053,-13.500000000000124,-1.0,-0.75,9.626699989894405,103.87775676501258
run_1788625614,540,18.000000000000053,SIMULATION,SEARCHING,SEARCHING,Reset,False,1389.1640496876328,1450.011058938511,,,,,,,,,,0.0,0,False,-18.03333333333339,-13.525000000000125,-1.0,-0.75,8.171800000127405,122.37206000935035
run_1788625614,541,18.03333333333339,SIMULATION,SEARCHING,SEARCHING,Reset,False,1390.3425609896103,1448.8325476365335,,,,,,,,,,0.0,0,False,-18.066666666666723,-13.550000000000125,-1.0,-0.75,7.924499994260259,126.19092696375837
run_1788625614,542,18.066666666666723,SIMULATION,SEARCHING,SEARCHING,Reset,False,1391.5210722915879,1447.654036334556,,,,,,,,,,0.0,0,False,-18.10000000000006,-13.575000000000125,-1.0,-0.75,8.245299992267974,121.28121486637836
run_1788625614,543,18.10000000000006,SIMULATION,SEARCHING,SEARCHING,Reset,False,1392.6995835935654,1446.4755250325784,,,,,,,,,,0.0,0,False,-18.133333333333393,-13.600000000000126,-1.0,-0.75,8.181800003512762,122.22249377528922
run_1788625614,544,18.133333333333393,SIMULATION,SEARCHING,SEARCHING,Reset,False,1393.878094895543,1445.2970137306008,,,,,,,,,,0.0,0,False,-18.16666666666673,-13.625000000000126,-1.0,-0.75,7.825200009392574,127.79226074729102
run_1788625614,545,18.16666666666673,SIMULATION,SEARCHING,SEARCHING,Reset,False,1395.0566061975205,1444.1185024286233,,,,,,,,,,0.0,0,False,-18.200000000000063,-13.650000000000126,-1.0,-0.75,8.413999996264465,118.84953653957292
run_1788625614,546,18.200000000000063,SIMULATION,SEARCHING,SEARCHING,Reset,False,1396.235117499498,1442.9399911266457,,,,,,,,,,0.0,0,False,-18.2333333333334,-13.675000000000127,-1.0,-0.75,8.623099987744354,115.96757563071954
run_1788625614,547,18.2333333333334,SIMULATION,SEARCHING,SEARCHING,Reset,False,1397.4136288014756,1441.7614798246682,,,,,,,,,,0.0,0,False,-18.266666666666733,-13.700000000000127,-1.0,-0.75,10.297699991497211,97.10906326905017
run_1788625614,548,18.266666666666733,SIMULATION,SEARCHING,SEARCHING,Reset,False,1398.5921401034532,1440.5829685226906,,,,,,,,,,0.0,0,False,-18.300000000000068,-13.725000000000128,-1.0,-0.75,10.770300010335632,92.84792429554962
run_1788625614,549,18.300000000000068,SIMULATION,SEARCHING,SEARCHING,Reset,False,1399.7706514054307,1439.404457220713,,,,,,,,,,0.0,0,False,-18.333333333333403,-13.750000000000128,-1.0,-0.75,8.761000004597008,114.14222114773283
run_1788625614,550,18.333333333333403,SIMULATION,SEARCHING,SEARCHING,Reset,False,1400.9491627074083,1438.2259459187355,,,,,,,,,,0.0,0,False,-18.366666666666738,-13.775000000000128,-1.0,-0.75,8.23330000275746,121.45798157058343
run_1788625614,551,18.366666666666738,SIMULATION,SEARCHING,SEARCHING,Reset,False,1402.1276740093858,1437.047434616758,,,,,,,,,,0.0,0,False,-18.400000000000073,-13.800000000000129,-1.0,-0.75,7.861699996283278,127.19895194077148
run_1788625614,552,18.400000000000073,SIMULATION,SEARCHING,SEARCHING,Reset,False,1403.3061853113634,1435.8689233147804,,,,,,,,,,0.0,0,False,-18.433333333333408,-13.825000000000129,-1.0,-0.75,7.617199997184798,131.28183589371224
run_1788625614,553,18.433333333333408,SIMULATION,SEARCHING,SEARCHING,Reset,False,1404.484696613341,1434.6904120128029,,,,,,,,,,0.0,0,False,-18.466666666666743,-13.85000000000013,-1.0,-0.75,8.609399999841116,116.1521128090755
run_1788625614,554,18.466666666666743,SIMULATION,SEARCHING,SEARCHING,Reset,False,1405.6632079153185,1433.5119007108253,,,,,,,,,,0.0,0,False,-18.500000000000078,-13.87500000000013,-1.0,-0.75,8.729300010600127,114.5567226221672
run_1788625614,555,18.500000000000078,SIMULATION,SEARCHING,SEARCHING,Reset,False,1406.841719217296,1432.3333894088478,,,,,,,,,,0.0,0,False,-18.533333333333413,-13.90000000000013,-1.0,-0.75,8.836599998176098,113.1656972372183
run_1788625614,556,18.533333333333413,SIMULATION,SEARCHING,SEARCHING,Reset,False,1408.0202305192736,1431.1548781068702,,,,,,,,,,0.0,0,False,-18.566666666666748,-13.92500000000013,-1.0,-0.75,9.052000008523464,110.47282358135095
run_1788625614,557,18.566666666666748,SIMULATION,SEARCHING,SEARCHING,Reset,False,1409.1987418212511,1429.9763668048927,,,,,,,,,,0.0,0,False,-18.600000000000083,-13.95000000000013,-1.0,-0.75,8.238800000981428,121.3768995340192
run_1788625614,558,18.600000000000083,SIMULATION,SEARCHING,SEARCHING,Reset,False,1410.3772531232287,1428.7978555029151,,,,,,,,,,0.0,0,False,-18.633333333333418,-13.975000000000131,-1.0,-0.75,8.046799994190224,124.27300302256778
run_1788625614,559,18.633333333333418,SIMULATION,SEARCHING,SEARCHING,Reset,False,1411.5557644252062,1427.6193442009376,,,,,,,,,,0.0,0,False,-18.666666666666753,-14.000000000000131,-1.0,-0.75,9.209499999997206,108.58352787885373
run_1788625614,560,18.666666666666753,SIMULATION,SEARCHING,SEARCHING,Reset,False,1412.7342757271838,1426.44083289896,,,,,,,,,,0.0,0,False,-18.700000000000088,-14.025000000000132,-1.0,-0.75,9.258599995519035,108.00769019981193
run_1788625614,561,18.700000000000088,SIMULATION,SEARCHING,SEARCHING,Reset,False,1413.9127870291613,1425.2623215969825,,,,,,,,,,0.0,0,False,-18.733333333333423,-14.050000000000132,-1.0,-0.75,8.016799998586066,124.73805011680113
run_1788625614,562,18.733333333333423,SIMULATION,SEARCHING,SEARCHING,Reset,False,1415.091298331139,1424.083810295005,,,,,,,,,,0.0,0,False,-18.766666666666758,-14.075000000000133,-1.0,-0.75,9.450600002310239,105.81338748392122
run_1788625614,563,18.766666666666758,SIMULATION,SEARCHING,SEARCHING,Reset,False,1416.2698096331164,1422.9052989930274,,,,,,,,,,0.0,0,False,-18.800000000000093,-14.100000000000133,-1.0,-0.75,8.36370000615716,119.56430757485604
run_1788625614,564,18.800000000000093,SIMULATION,SEARCHING,SEARCHING,Reset,False,1417.448320935094,1421.7267876910498,,,,,,,,,,0.0,0,False,-18.833333333333428,-14.125000000000133,-1.0,-0.75,10.145200008992106,98.56878120822252
run_1788625614,565,18.833333333333428,SIMULATION,SEARCHING,SEARCHING,Reset,False,1418.6268322370715,1420.5482763890723,,,,,,,,,,0.0,0,False,-18.866666666666763,-14.150000000000134,-1.0,-0.75,7.851599992136471,127.36257590828868
run_1788625614,566,18.866666666666763,SIMULATION,SEARCHING,SEARCHING,Reset,False,1419.805343539049,1419.3697650870947,,,,,,,,,,0.0,0,False,-18.900000000000098,-14.175000000000134,-1.0,-0.75,8.326900002430193,120.09271153828574
run_1788625614,567,18.900000000000098,SIMULATION,SEARCHING,SEARCHING,Reset,False,1420.9838548410266,1418.1912537851172,,,,,,,,,,0.0,0,False,-18.933333333333433,-14.200000000000134,-1.0,-0.75,7.958500005770475,125.65181871897083
run_1788625614,568,18.933333333333433,SIMULATION,SEARCHING,SEARCHING,Reset,False,1422.1623661430042,1417.0127424831396,,,,,,,,,,0.0,0,False,-18.966666666666768,-14.225000000000135,-1.0,-0.75,8.154700000886805,122.62866811669984
run_1788625614,569,18.966666666666768,SIMULATION,SEARCHING,SEARCHING,Reset,False,1423.3408774449817,1415.834231181162,,,,,,,,,,0.0,0,False,-19.000000000000103,-14.250000000000135,-1.0,-0.75,8.036700004595332,124.4291810604112
run_1788625614,570,19.000000000000103,SIMULATION,SEARCHING,SEARCHING,Reset,False,1424.5193887469593,1414.6557198791845,,,,,,,,,,0.0,0,False,-19.033333333333438,-14.275000000000135,-1.0,-0.75,11.350999993737787,88.09796498561256
run_1788625614,571,19.033333333333438,SIMULATION,SEARCHING,SEARCHING,Reset,False,1425.6979000489368,1413.477208577207,,,,,,,,,,0.0,0,False,-19.066666666666773,-14.300000000000136,-1.0,-0.75,9.104600001592189,109.83458908959456
run_1788625614,572,19.066666666666773,SIMULATION,SEARCHING,SEARCHING,Reset,False,1426.8764113509144,1412.2986972752294,,,,,,,,,,0.0,0,False,-19.100000000000108,-14.325000000000136,-1.0,-0.75,6.503300013719127,153.7680866468464
run_1788625614,573,19.100000000000108,SIMULATION,SEARCHING,SEARCHING,Reset,False,1428.054922652892,1411.1201859732519,,,,,,,,,,0.0,0,False,-19.133333333333443,-14.350000000000136,-1.0,-0.75,8.022299996810034,124.65253111920987
run_1788625614,574,19.133333333333443,SIMULATION,SEARCHING,SEARCHING,Reset,False,1429.2334339548695,1409.9416746712743,,,,,,,,,,0.0,0,False,-19.166666666666778,-14.375000000000137,-1.0,-0.75,8.423799998126924,118.7112704744124
run_1788625614,575,19.166666666666778,SIMULATION,SEARCHING,SEARCHING,Reset,False,1430.411945256847,1408.7631633692968,,,,,,,,,,0.0,0,False,-19.200000000000113,-14.400000000000137,-1.0,-0.75,7.22880000830628,138.3355465431256
run_1788625614,576,19.200000000000113,SIMULATION,SEARCHING,SEARCHING,Reset,False,1431.5904565588246,1407.5846520673192,,,,,,,,,,0.0,0,False,-19.233333333333448,-14.425000000000137,-1.0,-0.75,7.964199990965426,125.5618895977497
run_1788625614,577,19.233333333333448,SIMULATION,SEARCHING,SEARCHING,Reset,False,1432.7689678608021,1406.4061407653417,,,,,,,,,,0.0,0,False,-19.266666666666783,-14.450000000000138,-1.0,-0.75,9.883499995339662,101.17873227819366
run_1788625614,578,19.266666666666783,SIMULATION,SEARCHING,SEARCHING,Reset,False,1433.9474791627797,1405.227629463364,,,,,,,,,,0.0,0,False,-19.300000000000118,-14.475000000000138,-1.0,-0.75,7.272200004081242,137.5099693956146
run_1788625614,579,19.300000000000118,SIMULATION,SEARCHING,SEARCHING,Reset,False,1435.1259904647573,1404.0491181613866,,,,,,,,,,0.0,0,False,-19.333333333333453,-14.500000000000139,-1.0,-0.75,8.421199992881157,118.74792201174985
run_1788625614,580,19.333333333333453,SIMULATION,SEARCHING,SEARCHING,Reset,False,1436.3045017667348,1402.870606859409,,,,,,,,,,0.0,0,False,-19.366666666666788,-14.525000000000139,-1.0,-0.75,9.231600008206442,108.32358411445999
run_1788625614,581,19.366666666666788,SIMULATION,SEARCHING,SEARCHING,Reset,False,1437.4830130687124,1401.6920955574315,,,,,,,,,,0.0,0,False,-19.400000000000123,-14.55000000000014,-1.0,-0.75,8.6206999985734,115.99986081936332
run_1788625614,582,19.400000000000123,SIMULATION,SEARCHING,SEARCHING,Reset,False,1438.66152437069,1400.513584255454,,,,,,,,,,0.0,0,False,-19.433333333333458,-14.57500000000014,-1.0,-0.75,7.770700001856312,128.68853510766263
run_1788625614,583,19.433333333333458,SIMULATION,SEARCHING,SEARCHING,Reset,False,1439.8400356726675,1399.3350729534764,,,,,,,,,,0.0,0,False,-19.466666666666793,-14.60000000000014,-1.0,-0.75,7.32360000256449,136.54486859602272
run_1788625614,584,19.466666666666793,SIMULATION,SEARCHING,SEARCHING,Reset,False,1441.018546974645,1398.1565616514988,,,,,,,,,,0.0,0,False,-19.500000000000128,-14.62500000000014,-1.0,-0.75,5.730000004405156,174.52006967385898
run_1788625614,585,19.500000000000128,SIMULATION,SEARCHING,SEARCHING,Reset,False,1442.1970582766226,1396.9780503495213,,,,,,,,,,0.0,0,False,-19.533333333333463,-14.65000000000014,-1.0,-0.75,7.008200002019294,142.68999168286678
run_1788625614,586,19.533333333333463,SIMULATION,SEARCHING,SEARCHING,Reset,False,1443.3755695786,1395.7995390475437,,,,,,,,,,0.0,0,False,-19.566666666666798,-14.675000000000141,-1.0,-0.75,10.17429999774322,98.28686005148383
run_1788625614,587,19.566666666666798,SIMULATION,SEARCHING,SEARCHING,Reset,False,1444.5540808805777,1394.6210277455662,,,,,,,,,,0.0,0,False,-19.600000000000133,-14.700000000000141,-1.0,-0.75,9.560600010445341,104.59594574686312
run_1788625614,588,19.600000000000133,SIMULATION,SEARCHING,SEARCHING,Reset,False,1445.7325921825552,1393.4425164435886,,,,,,,,,,0.0,0,False,-19.633333333333468,-14.725000000000142,-1.0,-0.75,8.348200004547834,119.78630117333458
run_1788625614,589,19.633333333333468,SIMULATION,SEARCHING,SEARCHING,Reset,False,1446.9111034845328,1392.264005141611,,,,,,,,,,0.0,0,False,-19.666666666666803,-14.750000000000142,-1.0,-0.75,8.565600001020357,116.74605396946826
run_1788625614,590,19.666666666666803,SIMULATION,SEARCHING,SEARCHING,Reset,False,1448.0896147865103,1391.0854938396335,,,,,,,,,,0.0,0,False,-19.700000000000138,-14.775000000000142,-1.0,-0.75,5.718000000342727,174.88632387898946
run_1788625614,591,19.700000000000138,SIMULATION,SEARCHING,SEARCHING,Reset,False,1449.2681260884879,1389.906982537656,,,,,,,,,,0.0,0,False,-19.733333333333473,-14.800000000000143,-1.0,-0.75,5.952799998340197,167.98817367941595
run_1788625614,592,19.733333333333473,SIMULATION,SEARCHING,SEARCHING,Reset,False,1450.4466373904654,1388.7284712356784,,,,,,,,,,0.0,0,False,-19.766666666666808,-14.825000000000143,-1.0,-0.75,8.322600013343617,120.15475913737305
run_1788625614,593,19.766666666666808,SIMULATION,SEARCHING,SEARCHING,Reset,False,1451.625148692443,1387.5499599337008,,,,,,,,,,0.0,0,False,-19.800000000000143,-14.850000000000144,-1.0,-0.75,8.746799998334609,114.32752551680615
run_1788625614,594,19.800000000000143,SIMULATION,SEARCHING,SEARCHING,Reset,False,1452.8036599944205,1386.3714486317233,,,,,,,,,,0.0,0,False,-19.833333333333478,-14.875000000000144,-1.0,-0.75,6.48870000441093,154.11407513372689
run_1788625614,595,19.833333333333478,SIMULATION,SEARCHING,SEARCHING,Reset,False,1453.982171296398,1385.1929373297457,,,,,,,,,,0.0,0,False,-19.866666666666813,-14.900000000000144,-1.0,-0.75,9.07549999828916,110.18676659010654
run_1788625614,596,19.866666666666813,SIMULATION,SEARCHING,SEARCHING,Reset,False,1455.1606825983756,1384.0144260277682,,,,,,,,,,0.0,0,False,-19.900000000000148,-14.925000000000145,-1.0,-0.75,8.462800004053861,118.16420091706985
run_1788625614,597,19.900000000000148,SIMULATION,SEARCHING,SEARCHING,Reset,False,1456.3391939003532,1382.8359147257906,,,,,,,,,,0.0,0,False,-19.933333333333483,-14.950000000000145,-1.0,-0.75,8.6235999915516,115.96085173009922
run_1788625614,598,19.933333333333483,SIMULATION,SEARCHING,SEARCHING,Reset,False,1457.5177052023307,1381.657403423813,,,,,,,,,,0.0,0,False,-19.966666666666818,-14.975000000000145,-1.0,-0.75,8.466800005408004,118.10837617060395
run_1788625614,599,19.966666666666818,SIMULATION,SEARCHING,SEARCHING,Reset,False,1458.6962165043083,1380.4788921218355,,,,,,,,,,0.0,0,False,-20.000000000000153,-15.000000000000146,-1.0,-0.75,5.477599988807924,182.56170622959772
run_1788625614,600,20.000000000000153,SIMULATION,SEARCHING,SEARCHING,Reset,False,1459.8747278062858,1379.300380819858,,,,,,,,,,0.0,0,False,-20.033333333333488,-15.025000000000146,-1.0,-0.75,5.358700000215322,186.61242464773514
run_1788625614,601,20.033333333333488,SIMULATION,SEARCHING,SEARCHING,Reset,False,1461.0532391082634,1378.1218695178804,,,,,,,,,,0.0,0,False,-20.066666666666823,-15.050000000000146,-1.0,-0.75,7.809499991708435,128.04917101757192
run_1788625614,602,20.066666666666823,SIMULATION,SEARCHING,SEARCHING,Reset,False,1462.231750410241,1376.943358215903,,,,,,,,,,0.0,0,False,-20.100000000000158,-15.075000000000147,-1.0,-0.75,8.809299994027242,113.51639752057552
run_1788625614,603,20.100000000000158,SIMULATION,SEARCHING,SEARCHING,Reset,False,1463.4102617122185,1375.7648469139253,,,,,,,,,,0.0,0,False,-20.133333333333493,-15.100000000000147,-1.0,-0.75,9.721700000227429,102.86266804947756
run_1788625614,604,20.133333333333493,SIMULATION,SEARCHING,SEARCHING,Reset,False,1464.588773014196,1374.5863356119478,,,,,,,,,,0.0,0,False,-20.166666666666828,-15.125000000000147,-1.0,-0.75,10.618699991027825,94.17348647621094
run_1788625614,605,20.166666666666828,SIMULATION,SEARCHING,SEARCHING,Reset,False,1465.7672843161736,1373.4078243099702,,,,,,,,,,0.0,0,False,-20.200000000000163,-15.150000000000148,-1.0,-0.75,9.665500008850358,103.46076241108429
run_1788625614,606,20.200000000000163,SIMULATION,SEARCHING,SEARCHING,Reset,False,1466.9457956181511,1372.2293130079927,,,,,,,,,,0.0,0,False,-20.233333333333498,-15.175000000000148,-1.0,-0.75,9.171400000923313,109.03460757347045
run_1788625614,607,20.233333333333498,SIMULATION,SEARCHING,SEARCHING,Reset,False,1468.1243069201287,1371.0508017060151,,,,,,,,,,0.0,0,False,-20.266666666666833,-15.200000000000149,-1.0,-0.75,10.436099997605197,95.82123592428906
run_1788625614,608,20.266666666666833,SIMULATION,SEARCHING,SEARCHING,Reset,False,1469.3028182221062,1369.8722904040376,,,,,,,,,,0.0,0,False,-20.300000000000168,-15.225000000000149,-1.0,-0.75,7.56800000090152,132.1353065381709
run_1788625614,609,20.300000000000168,SIMULATION,SEARCHING,SEARCHING,Reset,False,1470.4813295240838,1368.69377910206,,,,,,,,,,0.0,0,False,-20.333333333333503,-15.25000000000015,-1.0,-0.75,7.142500006011687,140.00700023217664
run_1788625614,610,20.333333333333503,SIMULATION,SEARCHING,SEARCHING,Reset,False,1471.6598408260613,1367.5152678000825,,,,,,,,,,0.0,0,False,-20.366666666666838,-15.27500000000015,-1.0,-0.75,9.799499996006489,102.04602279784906
run_1788625614,611,20.366666666666838,SIMULATION,SEARCHING,SEARCHING,Reset,False,1472.8383521280389,1366.336756498105,,,,,,,,,,0.0,0,False,-20.400000000000173,-15.30000000000015,-1.0,-0.75,6.749699998181313,148.15473284285923
run_1788625614,612,20.400000000000173,SIMULATION,SEARCHING,SEARCHING,Reset,False,1474.0168634300164,1365.1582451961274,,,,,,,,,,0.0,0,False,-20.433333333333508,-15.32500000000015,-1.0,-0.75,10.905800008913502,91.6943277139396
run_1788625614,613,20.433333333333508,SIMULATION,SEARCHING,SEARCHING,Reset,False,1475.195374731994,1363.9797338941498,,,,,,,,,,0.0,0,False,-20.466666666666843,-15.35000000000015,-1.0,-0.75,8.13249999191612,122.96341850525933
run_1788625614,614,20.466666666666843,SIMULATION,SEARCHING,SEARCHING,Reset,False,1476.3738860339715,1362.8012225921723,,,,,,,,,,0.0,0,False,-20.500000000000178,-15.375000000000151,-1.0,-0.75,9.87860000168439,101.22891906034165
run_1788625614,615,20.500000000000178,SIMULATION,SEARCHING,SEARCHING,Reset,False,1477.552397335949,1361.6227112901947,,,,,,,,,,0.0,0,False,-20.533333333333513,-15.400000000000151,-1.0,-0.75,9.042000005138107,110.59500104310452
run_1788625614,616,20.533333333333513,SIMULATION,SEARCHING,SEARCHING,Reset,False,1478.7309086379266,1360.4441999882172,,,,,,,,,,0.0,0,False,-20.566666666666848,-15.425000000000152,-1.0,-0.75,5.885599995963275,169.906211887635
run_1788625614,617,20.566666666666848,SIMULATION,SEARCHING,SEARCHING,Reset,False,1479.9094199399042,1359.2656886862396,,,,,,,,,,0.0,0,False,-20.600000000000183,-15.450000000000152,-1.0,-0.75,8.726699990802445,114.59085347885865
run_1788625614,618,20.600000000000183,SIMULATION,SEARCHING,SEARCHING,Reset,False,1481.0879312418817,1358.087177384262,,,,,,,,,,0.0,0,False,-20.633333333333518,-15.475000000000152,-1.0,-0.75,7.364799996139482,135.7810124544027
run_1788625614,619,20.633333333333518,SIMULATION,SEARCHING,SEARCHING,Reset,False,1482.2664425438593,1356.9086660822845,,,,,,,,,,0.0,0,False,-20.666666666666853,-15.500000000000153,-1.0,-0.75,9.535200006212108,104.87456994593798
run_1788625614,620,20.666666666666853,SIMULATION,SEARCHING,SEARCHING,Reset,False,1483.4449538458368,1355.730154780307,,,,,,,,,,0.0,0,False,-20.700000000000188,-15.525000000000153,-1.0,-0.75,10.035399987827986,99.64724886032522
run_1788625614,621,20.700000000000188,SIMULATION,SEARCHING,SEARCHING,Reset,False,1484.6234651478144,1354.5516434783294,,,,,,,,,,0.0,0,False,-20.733333333333523,-15.550000000000153,-1.0,-0.75,10.688899987144396,93.5549964170968
run_1788625614,622,20.733333333333523,SIMULATION,SEARCHING,SEARCHING,Reset,False,1485.801976449792,1353.3731321763519,,,,,,,,,,0.0,0,False,-20.766666666666858,-15.575000000000154,-1.0,-0.75,9.217500002705492,108.48928665109662
run_1788625614,623,20.766666666666858,SIMULATION,SEARCHING,SEARCHING,Reset,False,1486.9804877517695,1352.1946208743743,,,,,,,,,,0.0,0,False,-20.800000000000193,-15.600000000000154,-1.0,-0.75,9.270800001104362,107.86555635769052
run_1788625614,624,20.800000000000193,SIMULATION,SEARCHING,SEARCHING,Reset,False,1488.158999053747,1351.0161095723968,,,,,,,,,,0.0,0,False,-20.833333333333528,-15.625000000000155,-1.0,-0.75,10.996800003340468,90.93554485816172
run_1788625614,625,20.833333333333528,SIMULATION,SEARCHING,SEARCHING,Reset,False,1489.3375103557246,1349.8375982704192,,,,,,,,,,0.0,0,False,-20.866666666666863,-15.650000000000155,-1.0,-0.75,10.878700006287545,91.92274806934942
run_1788625614,626,20.866666666666863,SIMULATION,SEARCHING,SEARCHING,Reset,False,1490.5160216577021,1348.6590869684417,,,,,,,,,,0.0,0,False,-20.900000000000198,-15.675000000000155,-1.0,-0.75,12.755999996443279,78.3944810503941
run_1788625614,627,20.900000000000198,SIMULATION,SEARCHING,SEARCHING,Reset,False,1491.6945329596797,1347.4805756664641,,,,,,,,,,0.0,0,False,-20.933333333333533,-15.700000000000156,-1.0,-0.75,10.032999998657033,99.67108543146168
run_1788625614,628,20.933333333333533,SIMULATION,SEARCHING,SEARCHING,Reset,False,1492.8730442616572,1346.3020643644866,,,,,,,,,,0.0,0,False,-20.966666666666868,-15.725000000000156,-1.0,-0.75,6.975199998123571,143.36506483957655
run_1788625614,629,20.966666666666868,SIMULATION,SEARCHING,SEARCHING,Reset,False,1494.0515555636348,1345.123553062509,,,,,,,,,,0.0,0,False,-21.000000000000203,-15.750000000000156,-1.0,-0.75,7.45249999454245,134.18316011168216
run_1788625614,630,21.000000000000203,SIMULATION,SEARCHING,SEARCHING,Reset,False,1495.2300668656123,1343.9450417605315,,,,,,,,,,0.0,0,False,-21.033333333333537,-15.775000000000157,-1.0,-0.75,7.818699989002198,127.89849993050026
run_1788625614,631,21.033333333333537,SIMULATION,SEARCHING,SEARCHING,Reset,False,1496.40857816759,1342.766530458554,,,,,,,,,,0.0,0,False,-21.066666666666872,-15.800000000000157,-1.0,-0.75,7.771200005663559,128.68025520784587
run_1788625614,632,21.066666666666872,SIMULATION,SEARCHING,SEARCHING,Reset,False,1497.5870894695674,1341.5880191565764,,,,,,,,,,0.0,0,False,-21.100000000000207,-15.825000000000157,-1.0,-0.75,7.7994000021135435,128.21499086199094
run_1788625614,633,21.100000000000207,SIMULATION,SEARCHING,SEARCHING,Reset,False,1498.765600771545,1340.4095078545988,,,,,,,,,,0.0,0,False,-21.133333333333542,-15.850000000000158,-1.0,-0.75,6.366200002958067,157.0795764404744
run_1788625614,634,21.133333333333542,SIMULATION,SEARCHING,SEARCHING,Reset,False,1499.9441120735225,1339.2309965526213,,,,,,,,,,0.0,0,False,-21.166666666666877,-15.875000000000158,-1.0,-0.75,8.207499995478429,121.83978075551718
run_1788625614,635,21.166666666666877,SIMULATION,SEARCHING,SEARCHING,Reset,False,1501.1226233755,1338.0524852506437,,,,,,,,,,0.0,0,False,-21.200000000000212,-15.900000000000158,-1.0,-0.75,5.679599998984486,176.0687372664977
run_1788625614,636,21.200000000000212,SIMULATION,SEARCHING,SEARCHING,Reset,False,1502.3011346774776,1336.8739739486662,,,,,,,,,,0.0,0,False,-21.233333333333547,-15.925000000000159,-1.0,-0.75,6.617299994104542,151.11903659965785
run_1788625614,637,21.233333333333547,SIMULATION,SEARCHING,SEARCHING,Reset,False,1503.4796459794552,1335.6954626466886,,,,,,,,,,0.0,0,False,-21.266666666666882,-15.95000000000016,-1.0,-0.75,5.460600004880689,183.13005880419718
run_1788625614,638,21.266666666666882,SIMULATION,SEARCHING,SEARCHING,Reset,False,1504.6581572814328,1334.516951344711,,,,,,,,,,0.0,0,False,-21.300000000000217,-15.97500000000016,-1.0,-0.75,4.508999991230667,221.77866532376382
run_1788625614,639,21.300000000000217,SIMULATION,SEARCHING,SEARCHING,Reset,False,1505.8366685834103,1333.3384400427335,,,,,,,,,,0.0,0,False,-21.333333333333552,-16.00000000000016,-1.0,-0.75,8.124200001475401,123.08904259107288
run_1788625614,640,21.333333333333552,SIMULATION,SEARCHING,SEARCHING,Reset,False,1507.0151798853879,1332.159928740756,,,,,,,,,,0.0,0,False,-21.366666666666887,-16.02500000000016,-1.0,-0.75,9.784199995920062,102.20559682109855
run_1788625614,641,21.366666666666887,SIMULATION,SEARCHING,SEARCHING,Reset,False,1508.1936911873654,1330.9814174387784,,,,,,,,,,0.0,0,False,-21.400000000000222,-16.050000000000157,-1.0,-0.75,7.0478000125149265,141.88824856327918
run_1788625614,642,21.400000000000222,SIMULATION,SEARCHING,SEARCHING,Reset,False,1509.372202489343,1329.8029061368009,,,,,,,,,,0.0,0,False,-21.433333333333557,-16.075000000000156,-1.0,-0.75,9.532299998681992,104.90647589126104
run_1788625614,643,21.433333333333557,SIMULATION,SEARCHING,SEARCHING,Reset,False,1510.5507137913205,1328.6243948348233,,,,,,,,,,0.0,0,False,-21.466666666666892,-16.100000000000154,-1.0,-0.75,5.620299998554401,177.9264452533157
run_1788625614,644,21.466666666666892,SIMULATION,SEARCHING,SEARCHING,Reset,False,1511.729225093298,1327.4458835328458,,,,,,,,,,0.0,0,False,-21.500000000000227,-16.125000000000153,-1.0,-0.75,7.137299995520152,140.10900489368066
run_1788625614,645,21.500000000000227,SIMULATION,SEARCHING,SEARCHING,Reset,False,1512.9077363952756,1326.2673722308682,,,,,,,,,,0.0,0,False,-21.533333333333562,-16.15000000000015,-1.0,-0.75,9.640100004617125,103.73336371210362
run_1788625614,646,21.533333333333562,SIMULATION,SEARCHING,SEARCHING,Reset,False,1514.0862476972532,1325.0888609288907,,,,,,,,,,0.0,0,False,-21.566666666666897,-16.17500000000015,-1.0,-0.75,7.1595000044908375,139.67455819159778
run_1788625614,647,21.566666666666897,SIMULATION,SEARCHING,SEARCHING,Reset,False,1515.2647589992307,1323.910349626913,,,,,,,,,,0.0,0,False,-21.600000000000232,-16.20000000000015,-1.0,-0.75,8.268699995824136,120.93799515099359
run_1788625614,648,21.600000000000232,SIMULATION,SEARCHING,SEARCHING,Reset,False,1516.4432703012083,1322.7318383249356,,,,,,,,,,0.0,0,False,-21.633333333333567,-16.225000000000147,-1.0,-0.75,5.64709999889601,177.08204214472858
run_1788625614,649,21.633333333333567,SIMULATION,SEARCHING,SEARCHING,Reset,False,1517.6217816031858,1321.553327022958,,,,,,,,,,0.0,0,False,-21.666666666666902,-16.250000000000146,-1.0,-0.75,7.930899999337271,126.08909456474838
run_1788625614,650,21.666666666666902,SIMULATION,SEARCHING,SEARCHING,Reset,False,1518.8002929051634,1320.3748157209805,,,,,,,,,,0.0,0,False,-21.700000000000237,-16.275000000000144,-1.0,-0.75,6.703799997922033,149.16912800351568
run_1788625614,651,21.700000000000237,SIMULATION,SEARCHING,SEARCHING,Reset,False,1519.978804207141,1319.196304419003,,,,,,,,,,0.0,0,False,-21.733333333333572,-16.300000000000143,-1.0,-0.75,6.65389999630861,150.28780122255682
run_1788625614,652,21.733333333333572,SIMULATION,SEARCHING,SEARCHING,Reset,False,1521.1573155091185,1318.0177931170253,,,,,,,,,,0.0,0,False,-21.766666666666907,-16.32500000000014,-1.0,-0.75,7.299000004422851,137.00506910454132
run_1788625614,653,21.766666666666907,SIMULATION,SEARCHING,SEARCHING,Reset,False,1522.335826811096,1316.8392818150478,,,,,,,,,,0.0,0,False,-21.800000000000242,-16.35000000000014,-1.0,-0.75,6.494299988844432,153.98118376387717
run_1788625614,654,21.800000000000242,SIMULATION,SEARCHING,SEARCHING,Reset,False,1523.5143381130736,1315.6607705130702,,,,,,,,,,0.0,0,False,-21.833333333333577,-16.37500000000014,-1.0,-0.75,7.047400009469129,141.89630199170838
run_1788625614,655,21.833333333333577,SIMULATION,SEARCHING,SEARCHING,Reset,False,1524.6928494150511,1314.4822592110927,,,,,,,,,,0.0,0,False,-21.866666666666912,-16.400000000000137,-1.0,-0.75,6.111499998951331,163.62595110391712
run_1788625614,656,21.866666666666912,SIMULATION,SEARCHING,SEARCHING,Reset,False,1525.8713607170287,1313.3037479091151,,,,,,,,,,0.0,0,False,-21.900000000000247,-16.425000000000136,-1.0,-0.75,6.546699994942173,152.74871321010227
run_1788625614,657,21.900000000000247,SIMULATION,SEARCHING,SEARCHING,Reset,False,1527.0498720190062,1312.1252366071376,,,,,,,,,,0.0,0,False,-21.933333333333582,-16.450000000000134,-1.0,-0.75,7.769900010316633,128.701784922873
run_1788625614,658,21.933333333333582,SIMULATION,SEARCHING,SEARCHING,Reset,False,1528.2283833209838,1310.94672530516,,,,,,,,,,0.0,0,False,-21.966666666666917,-16.475000000000133,-1.0,-0.75,10.092999989865348,99.07856940494668
run_1788625614,659,21.966666666666917,SIMULATION,SEARCHING,SEARCHING,Reset,False,1529.4068946229613,1309.7682140031825,,,,,,,,,,0.0,0,False,-22.000000000000252,-16.50000000000013,-1.0,-0.75,6.948399997781962,143.91802433930337
run_1788625614,660,22.000000000000252,SIMULATION,SEARCHING,SEARCHING,Reset,False,1530.5854059249389,1308.589702701205,,,,,,,,,,0.0,0,False,-22.033333333333587,-16.52500000000013,-1.0,-0.75,9.583999999449588,104.34056761868013
run_1788625614,661,22.033333333333587,SIMULATION,SEARCHING,SEARCHING,Reset,False,1531.7639172269164,1307.4111913992274,,,,,,,,,,0.0,0,False,-22.066666666666922,-16.55000000000013,-1.0,-0.75,7.8834000014467165,126.84882155116901
run_1788625614,662,22.066666666666922,SIMULATION,SEARCHING,SEARCHING,Reset,False,1532.942428528894,1306.2326800972498,,,,,,,,,,0.0,0,False,-22.100000000000257,-16.575000000000127,-1.0,-0.75,9.436499996809289,105.9714937040348
run_1788625614,663,22.100000000000257,SIMULATION,SEARCHING,SEARCHING,Reset,False,1534.1209398308715,1305.0541687952723,,,,,,,,,,0.0,0,False,-22.133333333333592,-16.600000000000126,-1.0,-0.75,8.273100000224076,120.87367491906481
run_1788625614,664,22.133333333333592,SIMULATION,SEARCHING,SEARCHING,Reset,False,1535.299451132849,1303.8756574932947,,,,,,,,,,0.0,0,False,-22.166666666666927,-16.625000000000124,-1.0,-0.75,7.288099994184449,137.20997253028244
run_1788625614,665,22.166666666666927,SIMULATION,SEARCHING,SEARCHING,Reset,False,1536.4779624348266,1302.6971461913172,,,,,,,,,,0.0,0,False,-22.200000000000262,-16.650000000000123,-1.0,-0.75,10.030200006440282,99.69890922991674
run_1788625614,666,22.200000000000262,SIMULATION,SEARCHING,SEARCHING,Reset,False,1537.6564737368042,1301.5186348893396,,,,,,,,,,0.0,0,False,-22.233333333333597,-16.67500000000012,-1.0,-0.75,7.131499995011836,140.22295459573093
run_1788625614,667,22.233333333333597,SIMULATION,SEARCHING,SEARCHING,Reset,False,1538.8349850387817,1300.340123587362,,,,,,,,,,0.0,0,False,-22.266666666666932,-16.70000000000012,-1.0,-0.75,9.290700007113628,107.63451615425404
run_1788625614,668,22.266666666666932,SIMULATION,SEARCHING,SEARCHING,Reset,False,1540.0134963407593,1299.1616122853845,,,,,,,,,,0.0,0,False,-22.300000000000267,-16.72500000000012,-1.0,-0.75,7.380900002317503,135.48483243046422
run_1788625614,669,22.300000000000267,SIMULATION,SEARCHING,SEARCHING,Reset,False,1541.1920076427368,1297.983100983407,,,,,,,,,,0.0,0,False,-22.333333333333602,-16.750000000000117,-1.0,-0.75,9.830800001509488,101.72112135802307
run_1788625614,670,22.333333333333602,SIMULATION,SEARCHING,SEARCHING,Reset,False,1542.3705189447144,1296.8045896814294,,,,,,,,,,0.0,0,False,-22.366666666666937,-16.775000000000116,-1.0,-0.75,10.88970000273548,91.82989428072409
run_1788625614,671,22.366666666666937,SIMULATION,SEARCHING,SEARCHING,Reset,False,1543.549030246692,1295.6260783794519,,,,,,,,,,0.0,0,False,-22.400000000000272,-16.800000000000114,-1.0,-0.75,9.381199997733347,106.59617109129073
run_1788625614,672,22.400000000000272,SIMULATION,SEARCHING,SEARCHING,Reset,False,1544.7275415486695,1294.4475670774743,,,,,,,,,,0.0,0,False,-22.433333333333607,-16.825000000000113,-1.0,-0.75,8.342599991010502,119.86670834962021
run_1788625614,673,22.433333333333607,SIMULATION,SEARCHING,SEARCHING,Reset,False,1545.906052850647,1293.2690557754968,,,,,,,,,,0.0,0,False,-22.466666666666942,-16.85000000000011,-1.0,-0.75,9.924300000420772,100.76277419642715
run_1788625614,674,22.466666666666942,SIMULATION,SEARCHING,SEARCHING,Reset,False,1547.0845641526246,1292.0905444735192,,,,,,,,,,0.0,0,False,-22.500000000000277,-16.87500000000011,-1.0,-0.75,10.822600001120009,92.39923862071149
run_1788625614,675,22.500000000000277,SIMULATION,SEARCHING,SEARCHING,Reset,False,1548.2630754546021,1290.9120331715417,,,,,,,,,,0.0,0,False,-22.533333333333612,-16.90000000000011,-1.0,-0.75,8.311400000820868,120.31667347272854
run_1788625614,676,22.533333333333612,SIMULATION,SEARCHING,SEARCHING,Reset,False,1549.4415867565797,1289.7335218695641,,,,,,,,,,0.0,0,False,-22.566666666666947,-16.925000000000107,-1.0,-0.75,8.394899996346794,119.11994192130575
run_1788625614,677,22.566666666666947,SIMULATION,SEARCHING,SEARCHING,Reset,False,1550.6200980585572,1288.5550105675866,,,,,,,,,,0.0,0,False,-22.600000000000282,-16.950000000000106,-1.0,-0.75,10.424099993542768,95.93154331016129
run_1788625614,678,22.600000000000282,SIMULATION,SEARCHING,SEARCHING,Reset,False,1551.7986093605348,1287.376499265609,,,,,,,,,,0.0,0,False,-22.633333333333617,-16.975000000000104,-1.0,-0.75,9.280500002205372,107.75281501668714
run_1788625614,679,22.633333333333617,SIMULATION,SEARCHING,SEARCHING,Reset,False,1552.9771206625123,1286.1979879636315,,,,,,,,,,0.0,0,False,-22.666666666666952,-17.000000000000103,-1.0,-0.75,8.000100002391264,124.99843748216844
run_1788625614,680,22.666666666666952,SIMULATION,SEARCHING,SEARCHING,Reset,False,1554.1556319644899,1285.019476661654,,,,,,,,,,0.0,0,False,-22.700000000000287,-17.0250000000001,-1.0,-0.75,10.358999992604367,96.53441458769505
run_1788625614,681,22.700000000000287,SIMULATION,SEARCHING,SEARCHING,Reset,False,1555.3341432664674,1283.8409653596764,,,,,,,,,,0.0,0,False,-22.733333333333622,-17.0500000000001,-1.0,-0.75,7.75019999127835,129.02892843092374
run_1788625614,682,22.733333333333622,SIMULATION,SEARCHING,SEARCHING,Reset,False,1556.512654568445,1282.6624540576988,,,,,,,,,,0.0,0,False,-22.766666666666957,-17.0750000000001,-1.0,-0.75,7.329500003834255,136.43495456400487
run_1788625614,683,22.766666666666957,SIMULATION,SEARCHING,SEARCHING,Reset,False,1557.6911658704225,1281.4839427557213,,,,,,,,,,0.0,0,False,-22.800000000000292,-17.100000000000097,-1.0,-0.75,7.992200000444427,125.12199393713776
run_1788625614,684,22.800000000000292,SIMULATION,SEARCHING,SEARCHING,Reset,False,1558.8696771724,1280.3054314537437,,,,,,,,,,0.0,0,False,-22.833333333333627,-17.125000000000096,-1.0,-0.75,8.80150000739377,113.61699700732171
run_1788625614,685,22.833333333333627,SIMULATION,SEARCHING,SEARCHING,Reset,False,1560.0481884743776,1279.1269201517662,,,,,,,,,,0.0,0,False,-22.866666666666962,-17.150000000000095,-1.0,-0.75,9.489799995208159,105.37629881609165
run_1788625614,686,22.866666666666962,SIMULATION,SEARCHING,SEARCHING,Reset,False,1561.2266997763552,1277.9484088497886,,,,,,,,,,0.0,0,False,-22.900000000000297,-17.175000000000093,-1.0,-0.75,10.533499997109175,94.93520674746676
run_1788625614,687,22.900000000000297,SIMULATION,SEARCHING,SEARCHING,Reset,False,1562.4052110783327,1276.769897547811,,,,,,,,,,0.0,0,False,-22.933333333333632,-17.20000000000009,-1.0,-0.75,7.920499992906116,126.25465575350493
run_1788625614,688,22.933333333333632,SIMULATION,SEARCHING,SEARCHING,Reset,False,1563.5837223803103,1275.5913862458335,,,,,,,,,,0.0,0,False,-22.966666666666967,-17.22500000000009,-1.0,-0.75,10.072999997646548,99.275290403419
run_1788625614,689,22.966666666666967,SIMULATION,SEARCHING,SEARCHING,Reset,False,1564.7622336822878,1274.412874943856,,,,,,,,,,0.0,0,False,-23.000000000000302,-17.25000000000009,-1.0,-0.75,5.118100001709536,195.38500608936565
run_1788625614,690,23.000000000000302,SIMULATION,SEARCHING,SEARCHING,Reset,False,1565.9407449842654,1273.2343636418784,,,,,,,,,,0.0,0,False,-23.033333333333637,-17.275000000000087,-1.0,-0.75,5.582400001003407,179.13442243842348
run_1788625614,691,23.033333333333637,SIMULATION,SEARCHING,SEARCHING,Reset,False,1567.119256286243,1272.0558523399009,,,,,,,,,,0.0,0,False,-23.066666666666972,-17.300000000000086,-1.0,-0.75,5.845499996212311,171.0717647161007
run_1788625614,692,23.066666666666972,SIMULATION,SEARCHING,SEARCHING,Reset,False,1568.2977675882205,1270.8773410379233,,,,,,,,,,0.0,0,False,-23.100000000000307,-17.325000000000085,-1.0,-0.75,10.30680000258144,97.02332438288704
run_1788625614,693,23.100000000000307,SIMULATION,SEARCHING,SEARCHING,Reset,False,1569.476278890198,1269.6988297359458,,,,,,,,,,0.0,0,False,-23.133333333333642,-17.350000000000083,-1.0,-0.75,7.468499999959022,133.89569525413225
run_1788625614,694,23.133333333333642,SIMULATION,SEARCHING,SEARCHING,Reset,False,1570.6547901921756,1268.5203184339682,,,,,,,,,,0.0,0,False,-23.166666666666977,-17.37500000000008,-1.0,-0.75,8.781600001384504,113.87446477206208
run_1788625614,695,23.166666666666977,SIMULATION,SEARCHING,SEARCHING,Reset,False,1571.8333014941531,1267.3418071319907,,,,,,,,,,0.0,0,False,-23.200000000000312,-17.40000000000008,-1.0,-0.75,8.225600002333522,121.57167862725026
run_1788625614,696,23.200000000000312,SIMULATION,SEARCHING,SEARCHING,Reset,False,1573.0118127961307,1266.163295830013,,,,,,,,,,0.0,0,False,-23.233333333333647,-17.42500000000008,-1.0,-0.75,10.590199992293492,94.42692307300163
run_1788625614,697,23.233333333333647,SIMULATION,SEARCHING,SEARCHING,Reset,False,1574.1903240981082,1264.9847845280356,,,,,,,,,,0.0,0,False,-23.266666666666982,-17.450000000000077,-1.0,-0.75,7.88799999281764,126.77484798561645
run_1788625614,698,23.266666666666982,SIMULATION,SEARCHING,SEARCHING,Reset,False,1575.3688354000858,1263.806273226058,,,,,,,,,,0.0,0,False,-23.300000000000317,-17.475000000000076,-1.0,-0.75,7.530100003350526,132.80036115789284
run_1788625614,699,23.300000000000317,SIMULATION,SEARCHING,SEARCHING,Reset,False,1576.5473467020634,1262.6277619240805,,,,,,,,,,0.0,0,False,-23.333333333333652,-17.500000000000075,-1.0,-0.75,6.844699993962422,146.09844125850375
run_1788625614,700,23.333333333333652,SIMULATION,SEARCHING,SEARCHING,Reset,False,1577.725858004041,1261.449250622103,,,,,,,,,,0.0,0,False,-23.366666666666987,-17.525000000000073,-1.0,-0.75,7.967600002302788,125.50830861375835
run_1788625614,701,23.366666666666987,SIMULATION,SEARCHING,SEARCHING,Reset,False,1578.9043693060185,1260.2707393201254,,,,,,,,,,0.0,0,False,-23.400000000000322,-17.55000000000007,-1.0,-0.75,8.000900008482859,124.98593894933845
run_1788625614,702,23.400000000000322,SIMULATION,SEARCHING,SEARCHING,Reset,False,1580.082880607996,1259.0922280181478,,,,,,,,,,0.0,0,False,-23.433333333333657,-17.57500000000007,-1.0,-0.75,8.706599997822195,114.8553970838367
run_1788625614,703,23.433333333333657,SIMULATION,SEARCHING,SEARCHING,Reset,False,1581.2613919099736,1257.9137167161703,,,,,,,,,,0.0,0,False,-23.466666666666992,-17.60000000000007,-1.0,-0.75,8.849699996062554,112.99818077956589
run_1788625614,704,23.466666666666992,SIMULATION,SEARCHING,SEARCHING,Reset,False,1582.439903211951,1256.7352054141927,,,,,,,,,,0.0,0,False,-23.500000000000327,-17.625000000000068,-1.0,-0.75,10.380300009273924,96.33632930710907
run_1788625614,705,23.500000000000327,SIMULATION,SEARCHING,SEARCHING,Reset,False,1583.6184145139287,1255.5566941122152,,,,,,,,,,0.0,0,False,-23.533333333333662,-17.650000000000066,-1.0,-0.75,8.60149999789428,116.25879209961153
run_1788625614,706,23.533333333333662,SIMULATION,SEARCHING,SEARCHING,Reset,False,1584.7969258159062,1254.3781828102376,,,,,,,,,,0.0,0,False,-23.566666666666997,-17.675000000000065,-1.0,-0.75,8.885999995982274,112.53657443755807
run_1788625614,707,23.566666666666997,SIMULATION,SEARCHING,SEARCHING,Reset,False,1585.9754371178838,1253.19967150826,,,,,,,,,,0.0,0,False,-23.600000000000332,-17.700000000000063,-1.0,-0.75,7.986900003743358,125.20502316684981
run_1788625614,708,23.600000000000332,SIMULATION,SEARCHING,SEARCHING,Reset,False,1587.1539484198613,1252.0211602062825,,,,,,,,,,0.0,0,False,-23.633333333333667,-17.725000000000062,-1.0,-0.75,9.573699993779883,104.45282394995758
run_1788625614,709,23.633333333333667,SIMULATION,SEARCHING,SEARCHING,Reset,False,1588.3324597218389,1250.842648904305,,,,,,,,,,0.0,0,False,-23.666666666667002,-17.75000000000006,-1.0,-0.75,9.612800000468269,104.02796271131064
run_1788625614,710,23.666666666667002,SIMULATION,SEARCHING,SEARCHING,Reset,False,1589.5109710238164,1249.6641376023274,,,,,,,,,,0.0,0,False,-23.700000000000337,-17.77500000000006,-1.0,-0.75,11.590099995373748,86.28053255788608
run_1788625614,711,23.700000000000337,SIMULATION,SEARCHING,SEARCHING,Reset,False,1590.689482325794,1248.4856263003498,,,,,,,,,,0.0,0,False,-23.733333333333672,-17.800000000000058,-1.0,-0.75,8.209299994632602,121.81306574906743
run_1788625614,712,23.733333333333672,SIMULATION,SEARCHING,SEARCHING,Reset,False,1591.8679936277715,1247.3071149983723,,,,,,,,,,0.0,0,False,-23.766666666667007,-17.825000000000056,-1.0,-0.75,9.732900012750179,102.74430012534721
run_1788625614,713,23.766666666667007,SIMULATION,SEARCHING,SEARCHING,Reset,False,1593.046504929749,1246.1286036963947,,,,,,,,,,0.0,0,False,-23.80000000000034,-17.850000000000055,-1.0,-0.75,7.591100002173334,131.73321385750415
run_1788625614,714,23.80000000000034,SIMULATION,SEARCHING,SEARCHING,Reset,False,1594.2250162317266,1244.9500923944172,,,,,,,,,,0.0,0,False,-23.833333333333677,-17.875000000000053,-1.0,-0.75,9.248600006685592,108.12447281503404
run_1788625614,715,23.833333333333677,SIMULATION,SEARCHING,SEARCHING,Reset,False,1595.4035275337042,1243.7715810924396,,,,,,,,,,0.0,0,False,-23.86666666666701,-17.900000000000052,-1.0,-0.75,8.41779999609571,118.79588496564585
run_1788625614,716,23.86666666666701,SIMULATION,SEARCHING,SEARCHING,Reset,False,1596.5820388356817,1242.593069790462,,,,,,,,,,0.0,0,False,-23.900000000000347,-17.92500000000005,-1.0,-0.75,10.83949999883771,92.25517783174753
run_1788625614,717,23.900000000000347,SIMULATION,SEARCHING,SEARCHING,Reset,False,1597.7605501376593,1241.4145584884845,,,,,,,,,,0.0,0,False,-23.93333333333368,-17.95000000000005,-1.0,-0.75,9.214400008204393,108.52578563005858
run_1788625614,718,23.93333333333368,SIMULATION,SEARCHING,SEARCHING,Reset,False,1598.9390614396368,1240.236047186507,,,,,,,,,,0.0,0,False,-23.966666666667017,-17.975000000000048,-1.0,-0.75,5.84270000399556,171.1537472942552
run_1788625614,719,23.966666666667017,SIMULATION,SEARCHING,SEARCHING,Reset,False,1600.1175727416144,1239.0575358845294,,,,,,,,,,0.0,0,False,-24.00000000000035,-18.000000000000046,-1.0,-0.75,7.152900012442842,139.80343612527057
run_1788625614,720,24.00000000000035,SIMULATION,SEARCHING,SEARCHING,Reset,False,1601.296084043592,1237.879024582552,,,,,,,,,,0.0,0,False,-24.033333333333687,-18.025000000000045,-1.0,-0.75,6.847900003776886,146.03016975254616
run_1788625614,721,24.033333333333687,SIMULATION,SEARCHING,SEARCHING,Reset,False,1602.4745953455695,1236.7005132805743,,,,,,,,,,0.0,0,False,-24.06666666666702,-18.050000000000043,-1.0,-0.75,12.0009999955073,83.32638949873848
run_1788625614,722,24.06666666666702,SIMULATION,SEARCHING,SEARCHING,Reset,False,1603.653106647547,1235.5220019785968,,,,,,,,,,0.0,0,False,-24.100000000000357,-18.075000000000042,-1.0,-0.75,8.968699999968521,111.49887943665301
run_1788625614,723,24.100000000000357,SIMULATION,SEARCHING,SEARCHING,Reset,False,1604.8316179495246,1234.3434906766192,,,,,,,,,,0.0,0,False,-24.13333333333369,-18.10000000000004,-1.0,-0.75,9.678100002929568,103.32606603540977
run_1788625614,724,24.13333333333369,SIMULATION,SEARCHING,SEARCHING,Reset,False,1606.0101292515021,1233.1649793746417,,,,,,,,,,0.0,0,False,-24.166666666667027,-18.12500000000004,-1.0,-0.75,8.535900007700548,117.15226269026856
run_1788625614,725,24.166666666667027,SIMULATION,SEARCHING,SEARCHING,Reset,False,1607.1886405534797,1231.9864680726641,,,,,,,,,,0.0,0,False,-24.20000000000036,-18.150000000000038,-1.0,-0.75,8.16280000435654,122.5069828326424
run_1788625614,726,24.20000000000036,SIMULATION,SEARCHING,SEARCHING,Reset,False,1608.3671518554572,1230.8079567706866,,,,,,,,,,0.0,0,False,-24.233333333333697,-18.175000000000036,-1.0,-0.75,7.908300001872703,126.44942652190707
run_1788625614,727,24.233333333333697,SIMULATION,SEARCHING,SEARCHING,Reset,False,1609.5456631574348,1229.629445468709,,,,,,,,,,0.0,0,False,-24.26666666666703,-18.200000000000035,-1.0,-0.75,7.529800001066178,132.80565218975346
run_1788625614,728,24.26666666666703,SIMULATION,SEARCHING,SEARCHING,Reset,False,1610.7241744594123,1228.4509341667315,,,,,,,,,,0.0,0,False,-24.300000000000367,-18.225000000000033,-1.0,-0.75,6.668399990303442,149.96101035542344
run_1788625614,729,24.300000000000367,SIMULATION,SEARCHING,SEARCHING,Reset,False,1611.9026857613899,1227.272422864754,,,,,,,,,,0.0,0,False,-24.3333333333337,-18.250000000000032,-1.0,-0.75,9.289699999499135,107.6461026786566
run_1788625614,730,24.3333333333337,SIMULATION,SEARCHING,SEARCHING,Reset,False,1613.0811970633674,1226.0939115627764,,,,,,,,,,0.0,0,False,-24.366666666667037,-18.27500000000003,-1.0,-0.75,7.554700001492165,132.3679298717997
run_1788625614,731,24.366666666667037,SIMULATION,SEARCHING,SEARCHING,Reset,False,1614.259708365345,1224.9154002607988,,,,,,,,,,0.0,0,False,-24.40000000000037,-18.30000000000003,-1.0,-0.75,6.18419999955222,161.70240290941547
run_1788625614,732,24.40000000000037,SIMULATION,SEARCHING,SEARCHING,Reset,False,1615.4382196673225,1223.7368889588213,,,,,,,,,,0.0,0,False,-24.433333333333707,-18.325000000000028,-1.0,-0.75,9.307399988756515,107.44139085115238
run_1788625614,733,24.433333333333707,SIMULATION,SEARCHING,SEARCHING,Reset,False,1616.6167309693,1222.5583776568437,,,,,,,,,,0.0,0,False,-24.46666666666704,-18.350000000000026,-1.0,-0.75,8.337000006577,119.9472231271569
run_1788625614,734,24.46666666666704,SIMULATION,SEARCHING,SEARCHING,Reset,False,1617.7952422712776,1221.3798663548662,,,,,,,,,,0.0,0,False,-24.500000000000377,-18.375000000000025,-1.0,-0.75,9.685800003353506,103.24392405932095
run_1788625614,735,24.500000000000377,SIMULATION,SEARCHING,SEARCHING,Reset,False,1618.9737535732552,1220.2013550528886,,,,,,,,,,0.0,0,False,-24.53333333333371,-18.400000000000023,-1.0,-0.75,13.34849999693688,74.91478444989872
run_1788625614,736,24.53333333333371,SIMULATION,SEARCHING,SEARCHING,Reset,False,1620.1522648752327,1219.022843750911,,,,,,,,,,0.0,0,False,-24.566666666667047,-18.425000000000022,-1.0,-0.75,6.041599990567192,165.51906805503666
run_1788625614,737,24.566666666667047,SIMULATION,SEARCHING,SEARCHING,Reset,False,1621.3307761772103,1217.8443324489335,,,,,,,,,,0.0,0,False,-24.60000000000038,-18.45000000000002,-1.0,-0.75,11.393099994165823,87.772423704881
run_1788625614,738,24.60000000000038,SIMULATION,SEARCHING,SEARCHING,Reset,False,1622.5092874791878,1216.665821146956,,,,,,,,,,0.0,0,False,-24.633333333333717,-18.47500000000002,-1.0,-0.75,7.747700001345947,129.0705628543023
run_1788625614,739,24.633333333333717,SIMULATION,SEARCHING,SEARCHING,Reset,False,1623.6877987811654,1215.4873098449784,,,,,,,,,,0.0,0,False,-24.66666666666705,-18.500000000000018,-1.0,-0.75,9.308599997893907,107.42754014849197
run_1788625614,740,24.66666666666705,SIMULATION,SEARCHING,SEARCHING,Reset,False,1624.866310083143,1214.3087985430009,,,,,,,,,,0.0,0,False,-24.700000000000387,-18.525000000000016,-1.0,-0.75,8.88739999209065,112.51884700699316
run_1788625614,741,24.700000000000387,SIMULATION,SEARCHING,SEARCHING,Reset,False,1626.0448213851205,1213.1302872410233,,,,,,,,,,0.0,0,False,-24.73333333333372,-18.550000000000015,-1.0,-0.75,6.211800005985424,160.98393364828922
run_1788625614,742,24.73333333333372,SIMULATION,SEARCHING,SEARCHING,Reset,False,1627.223332687098,1211.9517759390458,,,,,,,,,,0.0,0,False,-24.766666666667057,-18.575000000000014,-1.0,-0.75,7.798499995260499,128.22978785763226
run_1788625614,743,24.766666666667057,SIMULATION,SEARCHING,SEARCHING,Reset,False,1628.4018439890756,1210.7732646370682,,,,,,,,,,0.0,0,False,-24.80000000000039,-18.600000000000012,-1.0,-0.75,5.187700007809326,192.76365219550974
run_1788625614,744,24.80000000000039,SIMULATION,SEARCHING,SEARCHING,Reset,False,1629.5803552910531,1209.5947533350907,,,,,,,,,,0.0,0,False,-24.833333333333727,-18.62500000000001,-1.0,-0.75,4.804799988050945,208.1252086427946
run_1788625614,745,24.833333333333727,SIMULATION,SEARCHING,SEARCHING,Reset,False,1630.7588665930307,1208.4162420331131,,,,,,,,,,0.0,0,False,-24.86666666666706,-18.65000000000001,-1.0,-0.75,9.529900009511039,104.93289530865793
run_1788625614,746,24.86666666666706,SIMULATION,SEARCHING,SEARCHING,Reset,False,1631.9373778950082,1207.2377307311356,,,,,,,,,,0.0,0,False,-24.900000000000396,-18.675000000000008,-1.0,-0.75,6.720599994878285,148.7962385444889
run_1788625614,747,24.900000000000396,SIMULATION,SEARCHING,SEARCHING,Reset,False,1633.1158891969858,1206.059219429158,,,,,,,,,,0.0,0,False,-24.93333333333373,-18.700000000000006,-1.0,-0.75,10.013099992647767,99.86917145881509
run_1788625614,748,24.93333333333373,SIMULATION,SEARCHING,SEARCHING,Reset,False,1634.2944004989633,1204.8807081271805,,,,,,,,,,0.0,0,False,-24.966666666667066,-18.725000000000005,-1.0,-0.75,9.30230000813026,107.50029553185713
run_1788625614,749,24.966666666667066,SIMULATION,SEARCHING,SEARCHING,Reset,False,1635.472911800941,1203.702196825203,,,,,,,,,,0.0,0,False,-25.0000000000004,-18.750000000000004,-1.0,-0.75,9.476299994275905,105.52641860262372
run_1788625614,750,25.0000000000004,SIMULATION,SEARCHING,SEARCHING,Reset,False,1636.6514231029184,1202.5236855232254,,,,,,,,,,0.0,0,False,-25.033333333333736,-18.775000000000002,-1.0,-0.75,10.424599997350015,95.92694206532673
run_1788625614,751,25.033333333333736,SIMULATION,SEARCHING,SEARCHING,Reset,False,1637.829934404896,1201.3451742212478,,,,,,,,,,0.0,0,False,-25.06666666666707,-18.8,-1.0,-0.75,7.135599997127429,140.1423847192344
run_1788625614,752,25.06666666666707,SIMULATION,SEARCHING,SEARCHING,Reset,False,1639.0084457068735,1200.1666629192703,,,,,,,,,,0.0,0,False,-25.100000000000406,-18.825,-1.0,-0.75,9.954000008292496,100.4621256948883
run_1788625614,753,25.100000000000406,SIMULATION,SEARCHING,SEARCHING,Reset,False,1640.186957008851,1198.9881516172927,,,,,,,,,,0.0,0,False,-25.13333333333374,-18.849999999999998,-1.0,-0.75,10.3646000061417,96.4822568557817
run_1788625614,754,25.13333333333374,SIMULATION,SEARCHING,SEARCHING,Reset,False,1641.3654683108286,1197.8096403153152,,,,,,,,,,0.0,0,False,-25.166666666667076,-18.874999999999996,-1.0,-0.75,7.557499993708916,132.31888863148254
run_1788625614,755,25.166666666667076,SIMULATION,SEARCHING,SEARCHING,Reset,False,1642.5439796128062,1196.6311290133376,,,,,,,,,,0.0,0,False,-25.20000000000041,-18.899999999999995,-1.0,-0.75,10.091500007547438,99.09329626439077
run_1788625614,756,25.20000000000041,SIMULATION,SEARCHING,SEARCHING,Reset,False,1643.7224909147837,1195.45261771136,,,,,,,,,,0.0,0,False,-25.233333333333746,-18.924999999999994,-1.0,-0.75,7.805600005667657,128.113149440645
run_1788625614,757,25.233333333333746,SIMULATION,SEARCHING,SEARCHING,Reset,False,1644.9010022167613,1194.2741064093825,,,,,,,,,,0.0,0,False,-25.26666666666708,-18.949999999999992,-1.0,-0.75,10.290299993357621,97.17889669353654
run_1788625614,758,25.26666666666708,SIMULATION,SEARCHING,SEARCHING,Reset,False,1646.0795135187388,1193.095595107405,,,,,,,,,,0.0,0,False,-25.300000000000416,-18.97499999999999,-1.0,-0.75,10.569599995505996,94.61095977380242
run_1788625614,759,25.300000000000416,SIMULATION,SEARCHING,SEARCHING,Reset,False,1647.2580248207164,1191.9170838054274,,,,,,,,,,0.0,0,False,-25.33333333333375,-18.99999999999999,-1.0,-0.75,8.608900010585785,116.15885871253788
run_1788625614,760,25.33333333333375,SIMULATION,SEARCHING,SEARCHING,Reset,False,1648.436536122694,1190.7385725034499,,,,,,,,,,0.0,0,False,-25.366666666667086,-19.024999999999988,-1.0,-0.75,7.2496999928262085,137.93674234651496
run_1788625614,761,25.366666666667086,SIMULATION,SEARCHING,SEARCHING,Reset,False,1649.6150474246715,1189.5600612014723,,,,,,,,,,0.0,0,False,-25.40000000000042,-19.049999999999986,-1.0,-0.75,5.424800008768216,184.338592829907
run_1788625614,762,25.40000000000042,SIMULATION,SEARCHING,SEARCHING,Reset,False,1650.793558726649,1188.3815498994948,,,,,,,,,,0.0,0,False,-25.433333333333756,-19.074999999999985,-1.0,-0.75,8.509899998898618,117.5101940245389
run_1788625614,763,25.433333333333756,SIMULATION,SEARCHING,SEARCHING,Reset,False,1651.9720700286266,1187.2030385975172,,,,,,,,,,0.0,0,False,-25.46666666666709,-19.099999999999984,-1.0,-0.75,7.564999992609955,132.18770667242208
run_1788625614,764,25.46666666666709,SIMULATION,SEARCHING,SEARCHING,Reset,False,1653.1505813306042,1186.0245272955397,,,,,,,,,,0.0,0,False,-25.500000000000426,-19.124999999999982,-1.0,-0.75,5.458400002680719,183.20386917574416
run_1788625614,765,25.500000000000426,SIMULATION,SEARCHING,SEARCHING,Reset,False,1654.3290926325817,1184.846015993562,,,,,,,,,,0.0,0,False,-25.53333333333376,-19.14999999999998,-1.0,-0.75,9.38289999612607,106.57685794507788
run_1788625614,766,25.53333333333376,SIMULATION,SEARCHING,SEARCHING,Reset,False,1655.5076039345593,1183.6675046915846,,,,,,,,,,0.0,0,False,-25.566666666667096,-19.17499999999998,-1.0,-0.75,8.518999995430931,117.38466962511312
run_1788625614,767,25.566666666667096,SIMULATION,SEARCHING,SEARCHING,Reset,False,1656.6861152365368,1182.488993389607,,,,,,,,,,0.0,0,False,-25.60000000000043,-19.199999999999978,-1.0,-0.75,10.203400001046248,98.00654682727922
run_1788625614,768,25.60000000000043,SIMULATION,SEARCHING,SEARCHING,Reset,False,1657.8646265385144,1181.3104820876295,,,,,,,,,,0.0,0,False,-25.633333333333766,-19.224999999999977,-1.0,-0.75,10.137300007045269,98.64559589881085
run_1788625614,769,25.633333333333766,SIMULATION,SEARCHING,SEARCHING,Reset,False,1659.043137840492,1180.131970785652,,,,,,,,,,0.0,0,False,-25.6666666666671,-19.249999999999975,-1.0,-0.75,7.404599993606098,135.05118451550442
run_1788625614,770,25.6666666666671,SIMULATION,SEARCHING,SEARCHING,Reset,False,1660.2216491424695,1178.9534594836744,,,,,,,,,,0.0,0,False,-25.700000000000436,-19.274999999999974,-1.0,-0.75,6.55100001313258,152.64845031221677
run_1788625614,771,25.700000000000436,SIMULATION,SEARCHING,SEARCHING,Reset,False,1661.400160444447,1177.7749481816968,,,,,,,,,,0.0,0,False,-25.73333333333377,-19.299999999999972,-1.0,-0.75,7.324200007133186,136.53368272658855
run_1788625614,772,25.73333333333377,SIMULATION,SEARCHING,SEARCHING,Reset,False,1662.5786717464246,1176.5964368797192,,,,,,,,,,0.0,0,False,-25.766666666667106,-19.32499999999997,-1.0,-0.75,5.97600000037346,167.3360106990473
run_1788625614,773,25.766666666667106,SIMULATION,SEARCHING,SEARCHING,Reset,False,1663.757183048402,1175.4179255777417,,,,,,,,,,0.0,0,False,-25.80000000000044,-19.34999999999997,-1.0,-0.75,8.440000005066395,118.48341225115122
run_1788625614,774,25.80000000000044,SIMULATION,SEARCHING,SEARCHING,Reset,False,1664.9356943503797,1174.2394142757641,,,,,,,,,,0.0,0,False,-25.833333333333776,-19.374999999999968,-1.0,-0.75,6.98059999558609,143.25416162397372
run_1788625614,775,25.833333333333776,SIMULATION,SEARCHING,SEARCHING,Reset,False,1666.1142056523572,1173.0609029737866,,,,,,,,,,0.0,0,False,-25.86666666666711,-19.399999999999967,-1.0,-0.75,8.196800001314841,121.99882879167369
run_1788625614,776,25.86666666666711,SIMULATION,SEARCHING,SEARCHING,Reset,False,1667.2927169543348,1171.882391671809,,,,,,,,,,0.0,0,False,-25.900000000000446,-19.424999999999965,-1.0,-0.75,9.594000002834946,104.2318115180851
run_1788625614,777,25.900000000000446,SIMULATION,SEARCHING,SEARCHING,Reset,False,1668.4712282563123,1170.7038803698315,,,,,,,,,,0.0,0,False,-25.93333333333378,-19.449999999999964,-1.0,-0.75,6.907799994223751,144.76389021630507
run_1788625614,778,25.93333333333378,SIMULATION,SEARCHING,SEARCHING,Reset,False,1669.6497395582899,1169.525369067854,,,,,,,,,,0.0,0,False,-25.966666666667116,-19.474999999999962,-1.0,-0.75,6.5405999921495095,152.89117224723583
run_1788625614,779,25.966666666667116,SIMULATION,SEARCHING,SEARCHING,Reset,False,1670.8282508602674,1168.3468577658764,,,,,,,,,,0.0,0,False,-26.00000000000045,-19.49999999999996,-1.0,-0.75,7.247600005939603,137.97670941835548
run_1788625614,780,26.00000000000045,SIMULATION,SEARCHING,SEARCHING,Reset,False,1672.006762162245,1167.1683464638988,,,,,,,,,,0.0,0,False,-26.033333333333786,-19.52499999999996,-1.0,-0.75,7.437100008246489,134.46101288017758
run_1788625614,781,26.033333333333786,SIMULATION,SEARCHING,SEARCHING,Reset,False,1673.1852734642225,1165.9898351619213,,,,,,,,,,0.0,0,False,-26.06666666666712,-19.549999999999958,-1.0,-0.75,7.343999997829087,136.16557738229898
run_1788625614,782,26.06666666666712,SIMULATION,SEARCHING,SEARCHING,Reset,False,1674.3637847662,1164.8113238599437,,,,,,,,,,0.0,0,False,-26.100000000000456,-19.574999999999957,-1.0,-0.75,7.092200001352467,140.99997177311727
run_1788625614,783,26.100000000000456,SIMULATION,SEARCHING,SEARCHING,Reset,False,1675.5422960681776,1163.6328125579662,,,,,,,,,,0.0,0,False,-26.13333333333379,-19.599999999999955,-1.0,-0.75,9.315200004493818,107.35142557514409
run_1788625614,784,26.13333333333379,SIMULATION,SEARCHING,SEARCHING,Reset,False,1676.7208073701552,1162.4543012559886,,,,,,,,,,0.0,0,False,-26.166666666667126,-19.624999999999954,-1.0,-0.75,9.306799998739734,107.4483173739001
run_1788625614,785,26.166666666667126,SIMULATION,SEARCHING,SEARCHING,Reset,False,1677.8993186721327,1161.275789954011,,,,,,,,,,0.0,0,False,-26.20000000000046,-19.649999999999952,-1.0,-0.75,7.60650000302121,131.46650885463907
run_1788625614,786,26.20000000000046,SIMULATION,SEARCHING,SEARCHING,Reset,False,1679.0778299741103,1160.0972786520335,,,,,,,,,,0.0,0,False,-26.233333333333796,-19.67499999999995,-1.0,-0.75,9.233999997377396,108.29542996361448
run_1788625614,787,26.233333333333796,SIMULATION,SEARCHING,SEARCHING,Reset,False,1680.2563412760878,1158.918767350056,,,,,,,,,,0.0,0,False,-26.26666666666713,-19.69999999999995,-1.0,-0.75,6.827399993198924,146.46864120985214
run_1788625614,788,26.26666666666713,SIMULATION,SEARCHING,SEARCHING,Reset,False,1681.4348525780654,1157.7402560480784,,,,,,,,,,0.0,0,False,-26.300000000000466,-19.724999999999948,-1.0,-0.75,10.313799997675233,96.95747447356004
run_1788625614,789,26.300000000000466,SIMULATION,SEARCHING,SEARCHING,Reset,False,1682.613363880043,1156.5617447461009,,,,,,,,,,0.0,0,False,-26.3333333333338,-19.749999999999947,-1.0,-0.75,12.155299991718493,82.26864007316219
run_1788625614,790,26.3333333333338,SIMULATION,SEARCHING,SEARCHING,Reset,False,1683.7918751820205,1155.3832334441233,,,,,,,,,,0.0,0,False,-26.366666666667136,-19.774999999999945,-1.0,-0.75,6.7706999980146065,147.69521619525796
run_1788625614,791,26.366666666667136,SIMULATION,SEARCHING,SEARCHING,Reset,False,1684.970386483998,1154.2047221421458,,,,,,,,,,0.0,0,False,-26.40000000000047,-19.799999999999944,-1.0,-0.75,5.84720000915695,171.0220273693323
run_1788625614,792,26.40000000000047,SIMULATION,SEARCHING,SEARCHING,Reset,False,1686.1488977859756,1153.0262108401682,,,,,,,,,,0.0,0,False,-26.433333333333806,-19.824999999999942,-1.0,-0.75,5.004899998311885,199.80419195933834
run_1788625614,793,26.433333333333806,SIMULATION,SEARCHING,SEARCHING,Reset,False,1687.3274090879531,1151.8476995381907,,,,,,,,,,0.0,0,False,-26.46666666666714,-19.84999999999994,-1.0,-0.75,6.335700003546663,157.83575602383476
run_1788625614,794,26.46666666666714,SIMULATION,SEARCHING,SEARCHING,Reset,False,1688.5059203899307,1150.6691882362131,,,,,,,,,,0.0,0,False,-26.500000000000476,-19.87499999999994,-1.0,-0.75,6.18570001097396,161.66319062125783
run_1788625614,795,26.500000000000476,SIMULATION,SEARCHING,SEARCHING,Reset,False,1689.6844316919082,1149.4906769342356,,,,,,,,,,0.0,0,False,-26.53333333333381,-19.899999999999938,-1.0,-0.75,5.273899994790554,189.61300005456658
run_1788625614,796,26.53333333333381,SIMULATION,SEARCHING,SEARCHING,Reset,False,1690.8629429938858,1148.312165632258,,,,,,,,,,0.0,0,False,-26.566666666667146,-19.924999999999937,-1.0,-0.75,4.589399992255494,217.893406913208
run_1788625614,797,26.566666666667146,SIMULATION,SEARCHING,SEARCHING,Reset,False,1692.0414542958633,1147.1336543302805,,,,,,,,,,0.0,0,False,-26.60000000000048,-19.949999999999935,-1.0,-0.75,5.1001999963773414,196.07074246309898
run_1788625614,798,26.60000000000048,SIMULATION,SEARCHING,SEARCHING,Reset,False,1693.2199655978409,1145.955143028303,,,,,,,,,,0.0,0,False,-26.633333333333816,-19.974999999999934,-1.0,-0.75,5.948999998508953,168.09547827376673
run_1788625614,799,26.633333333333816,SIMULATION,SEARCHING,SEARCHING,Reset,False,1694.3984768998184,1144.7766317263254,,,,,,,,,,0.0,0,False,-26.66666666666715,-19.999999999999932,-1.0,-0.75,6.031099997926503,165.8072325684868
run_1788625614,800,26.66666666666715,SIMULATION,SEARCHING,SEARCHING,Reset,False,1695.576988201796,1143.5981204243478,,,,,,,,,,0.0,0,False,-26.700000000000486,-20.02499999999993,-1.0,-0.75,5.466200003866106,182.94244617700141
run_1788625614,801,26.700000000000486,SIMULATION,SEARCHING,SEARCHING,Reset,False,1696.7554995037735,1142.4196091223703,,,,,,,,,,0.0,0,False,-26.73333333333382,-20.04999999999993,-1.0,-0.75,6.01230000029318,166.32569897563937
run_1788625614,802,26.73333333333382,SIMULATION,SEARCHING,SEARCHING,Reset,False,1697.934010805751,1141.2410978203927,,,,,,,,,,0.0,0,False,-26.766666666667156,-20.07499999999993,-1.0,-0.75,5.7662999897729605,173.4214317280731
run_1788625614,803,26.766666666667156,SIMULATION,SEARCHING,SEARCHING,Reset,False,1699.1125221077286,1140.0625865184152,,,,,,,,,,0.0,0,False,-26.80000000000049,-20.099999999999927,-1.0,-0.75,6.219500006409362,160.78462882377573
run_1788625614,804,26.80000000000049,SIMULATION,SEARCHING,SEARCHING,Reset,False,1700.2910334097062,1138.8840752164376,,,,,,,,,,0.0,0,False,-26.833333333333826,-20.124999999999925,-1.0,-0.75,6.504200006020255,153.74680961139032
run_1788625614,805,26.833333333333826,SIMULATION,SEARCHING,SEARCHING,Reset,False,1701.4695447116837,1137.70556391446,,,,,,,,,,0.0,0,False,-26.86666666666716,-20.149999999999924,-1.0,-0.75,5.64930000109598,177.01308123236456
run_1788625614,806,26.86666666666716,SIMULATION,SEARCHING,SEARCHING,Reset,False,1702.6480560136613,1136.5270526124825,,,,,,,,,,0.0,0,False,-26.900000000000496,-20.174999999999923,-1.0,-0.75,4.423099991981871,226.08577735361735
run_1788625614,807,26.900000000000496,SIMULATION,SEARCHING,SEARCHING,Reset,False,1703.8265673156388,1135.348541310505,,,,,,,,,,0.0,0,False,-26.93333333333383,-20.19999999999992,-1.0,-0.75,4.161800010479055,240.2806471916204
run_1788625614,808,26.93333333333383,SIMULATION,SEARCHING,SEARCHING,Reset,False,1705.0050786176164,1134.1700300085274,,,,,,,,,,0.0,0,False,-26.966666666667166,-20.22499999999992,-1.0,-0.75,5.467199996928684,182.9089845920711
run_1788625614,809,26.966666666667166,SIMULATION,SEARCHING,SEARCHING,Reset,False,1706.183589919594,1132.9915187065499,,,,,,,,,,0.0,0,False,-27.0000000000005,-20.24999999999992,-1.0,-0.75,5.606000006082468,178.38030662058642
run_1788625614,810,27.0000000000005,SIMULATION,SEARCHING,SEARCHING,Reset,False,1707.3621012215715,1131.8130074045723,,,,,,,,,,0.0,0,False,-27.033333333333836,-20.274999999999917,-1.0,-0.75,4.930199997033924,202.83152825475918
run_1788625614,811,27.033333333333836,SIMULATION,SEARCHING,SEARCHING,Reset,False,1708.540612523549,1130.6344961025948,,,,,,,,,,0.0,0,False,-27.06666666666717,-20.299999999999915,-1.0,-0.75,5.830599999171682,171.50893563991082
run_1788625614,812,27.06666666666717,SIMULATION,SEARCHING,SEARCHING,Reset,False,1709.7191238255266,1129.4559848006172,,,,,,,,,,0.0,0,False,-27.100000000000506,-20.324999999999914,-1.0,-0.75,4.646300003514625,215.22501759326016
run_1788625614,813,27.100000000000506,SIMULATION,SEARCHING,SEARCHING,Reset,False,1710.8976351275041,1128.2774734986397,,,,,,,,,,0.0,0,False,-27.13333333333384,-20.349999999999913,-1.0,-0.75,6.003200003760867,166.57782505555753
run_1788625614,814,27.13333333333384,SIMULATION,SEARCHING,SEARCHING,Reset,False,1712.0761464294817,1127.0989621966621,,,,,,,,,,0.0,0,False,-27.166666666667176,-20.37499999999991,-1.0,-0.75,4.138100004638545,241.65679874315845
run_1788625614,815,27.166666666667176,SIMULATION,SEARCHING,SEARCHING,Reset,False,1713.2546577314592,1125.9204508946846,,,,,,,,,,0.0,0,False,-27.20000000000051,-20.39999999999991,-1.0,-0.75,5.351700005121529,186.85651270493656
run_1788625614,816,27.20000000000051,SIMULATION,SEARCHING,SEARCHING,Reset,False,1714.4331690334368,1124.741939592707,,,,,,,,,,0.0,0,False,-27.233333333333846,-20.42499999999991,-1.0,-0.75,5.016800001612864,199.33025029471125
run_1788625614,817,27.233333333333846,SIMULATION,SEARCHING,SEARCHING,Reset,False,1715.6116803354143,1123.5634282907295,,,,,,,,,,0.0,0,False,-27.26666666666718,-20.449999999999907,-1.0,-0.75,5.418600005214103,184.5495144571919
run_1788625614,818,27.26666666666718,SIMULATION,SEARCHING,SEARCHING,Reset,False,1716.790191637392,1122.384916988752,,,,,,,,,,0.0,0,False,-27.300000000000516,-20.474999999999905,-1.0,-0.75,5.268900000373833,189.79293589345957
run_1788625614,819,27.300000000000516,SIMULATION,SEARCHING,SEARCHING,Reset,False,1717.9687029393695,1121.2064056867744,,,,,,,,,,0.0,0,False,-27.33333333333385,-20.499999999999904,-1.0,-0.75,5.671600010828115,176.31708831561082
run_1788625614,820,27.33333333333385,SIMULATION,SEARCHING,SEARCHING,Reset,False,1719.147214241347,1120.0278943847968,,,,,,,,,,0.0,0,False,-27.366666666667186,-20.524999999999903,-1.0,-0.75,7.712899998296052,129.6529191641175
run_1788625614,821,27.366666666667186,SIMULATION,SEARCHING,SEARCHING,Reset,False,1720.3257255433246,1118.8493830828193,,,,,,,,,,0.0,0,False,-27.40000000000052,-20.5499999999999,-1.0,-0.75,4.793100000824779,208.63324358513773
run_1788625614,822,27.40000000000052,SIMULATION,SEARCHING,SEARCHING,Reset,False,1721.504236845302,1117.6708717808417,,,,,,,,,,0.0,0,False,-27.433333333333856,-20.5749999999999,-1.0,-0.75,7.044599988148548,141.95270159872038
run_1788625614,823,27.433333333333856,SIMULATION,SEARCHING,SEARCHING,Reset,False,1722.6827481472797,1116.4923604788642,,,,,,,,,,0.0,0,False,-27.46666666666719,-20.5999999999999,-1.0,-0.75,5.616300011752173,178.053166302991
run_1788625614,824,27.46666666666719,SIMULATION,SEARCHING,SEARCHING,Reset,False,1723.8612594492572,1115.3138491768866,,,,,,,,,,0.0,0,False,-27.500000000000526,-20.624999999999897,-1.0,-0.75,5.092399995191954,196.37106294559757
run_1788625614,825,27.500000000000526,SIMULATION,SEARCHING,SEARCHING,Reset,False,1725.0397707512348,1114.135337874909,,,,,,,,,,0.0,0,False,-27.53333333333386,-20.649999999999896,-1.0,-0.75,5.335699999704957,187.41683379037352
run_1788625614,826,27.53333333333386,SIMULATION,SEARCHING,SEARCHING,Reset,False,1726.2182820532123,1112.9568265729315,,,,,,,,,,0.0,0,False,-27.566666666667196,-20.674999999999894,-1.0,-0.75,4.827899989322759,207.12939419034578
run_1788625614,827,27.566666666667196,SIMULATION,SEARCHING,SEARCHING,Reset,False,1727.3967933551899,1111.778315270954,,,,,,,,,,0.0,0,False,-27.60000000000053,-20.699999999999893,-1.0,-0.75,6.407499997294508,156.06710892270596
run_1788625614,828,27.60000000000053,SIMULATION,SEARCHING,SEARCHING,Reset,False,1728.5753046571674,1110.5998039689764,,,,,,,,,,0.0,0,False,-27.633333333333866,-20.72499999999989,-1.0,-0.75,4.6061000030022115,217.10340621093977
run_1788625614,829,27.633333333333866,SIMULATION,SEARCHING,SEARCHING,Reset,False,1729.753815959145,1109.4212926669989,,,,,,,,,,0.0,0,False,-27.6666666666672,-20.74999999999989,-1.0,-0.75,6.042099994374439,165.5053708033731
run_1788625614,830,27.6666666666672,SIMULATION,SEARCHING,SEARCHING,Reset,False,1730.9323272611225,1108.2427813650213,,,,,,,,,,0.0,0,False,-27.700000000000536,-20.77499999999989,-1.0,-0.75,5.766300004324876,173.42143129042432
run_1788625614,831,27.700000000000536,SIMULATION,SEARCHING,SEARCHING,Reset,False,1732.1108385631,1107.0642700630438,,,,,,,,,,0.0,0,False,-27.73333333333387,-20.799999999999887,-1.0,-0.75,6.952600000659004,143.8310847604083
run_1788625614,832,27.73333333333387,SIMULATION,SEARCHING,SEARCHING,Reset,False,1733.2893498650776,1105.8857587610662,,,,,,,,,,0.0,0,False,-27.766666666667206,-20.824999999999886,-1.0,-0.75,4.652800009353086,214.92434619794403
run_1788625614,833,27.766666666667206,SIMULATION,SEARCHING,SEARCHING,Reset,False,1734.4678611670552,1104.7072474590886,,,,,,,,,,0.0,0,False,-27.80000000000054,-20.849999999999884,-1.0,-0.75,6.4165999938268214,155.84577517097276
run_1788625614,834,27.80000000000054,SIMULATION,SEARCHING,SEARCHING,Reset,False,1735.6463724690327,1103.528736157111,,,,,,,,,,0.0,0,False,-27.833333333333876,-20.874999999999883,-1.0,-0.75,9.91559999238234,100.851184070379
run_1788625614,835,27.833333333333876,SIMULATION,SEARCHING,SEARCHING,Reset,False,1736.8248837710103,1102.3502248551335,,,,,,,,,,0.0,0,False,-27.86666666666721,-20.89999999999988,-1.0,-0.75,9.589199995389208,104.2839862012297
run_1788625614,836,27.86666666666721,SIMULATION,SEARCHING,SEARCHING,Reset,False,1738.0033950729878,1101.171713553156,,,,,,,,,,0.0,0,False,-27.900000000000546,-20.92499999999988,-1.0,-0.75,7.299699995201081,136.99193126531407
run_1788625614,837,27.900000000000546,SIMULATION,SEARCHING,SEARCHING,Reset,False,1739.1819063749654,1099.9932022511784,,,,,,,,,,0.0,0,False,-27.93333333333388,-20.94999999999988,-1.0,-0.75,6.754200003342703,148.05602432635882
run_1788625614,838,27.93333333333388,SIMULATION,SEARCHING,SEARCHING,Reset,False,1740.360417676943,1098.814690949201,,,,,,,,,,0.0,0,False,-27.966666666667216,-20.974999999999877,-1.0,-0.75,8.689000009326264,115.08804222887082
run_1788625614,839,27.966666666667216,SIMULATION,SEARCHING,SEARCHING,Reset,False,1741.5389289789205,1097.6361796472233,,,,,,,,,,0.0,0,False,-28.00000000000055,-20.999999999999876,-1.0,-0.75,5.377000008593313,185.97731047086455
run_1788625614,840,28.00000000000055,SIMULATION,SEARCHING,SEARCHING,Reset,False,1742.717440280898,1096.4576683452458,,,,,,,,,,0.0,0,False,-28.033333333333886,-21.024999999999874,-1.0,-0.75,5.204600005527027,192.13772411675242
run_1788625614,841,28.033333333333886,SIMULATION,SEARCHING,SEARCHING,Reset,False,1743.8959515828756,1095.2791570432682,,,,,,,,,,0.0,0,False,-28.06666666666722,-21.049999999999873,-1.0,-0.75,4.910699994070455,203.63695628066762
run_1788625614,842,28.06666666666722,SIMULATION,SEARCHING,SEARCHING,Reset,False,1745.0744628848531,1094.1006457412907,,,,,,,,,,0.0,0,False,-28.100000000000556,-21.07499999999987,-1.0,-0.75,6.099300007917918,163.95324032296028
run_1788625614,843,28.100000000000556,SIMULATION,SEARCHING,SEARCHING,Reset,False,1746.2529741868307,1092.9221344393131,,,,,,,,,,0.0,0,False,-28.13333333333389,-21.09999999999987,-1.0,-0.75,6.559500005096197,152.4506439855296
run_1788625614,844,28.13333333333389,SIMULATION,SEARCHING,SEARCHING,Reset,False,1747.4314854888082,1091.7436231373356,,,,,,,,,,0.0,0,False,-28.166666666667226,-21.12499999999987,-1.0,-0.75,6.054400000721216,165.16913317271363
run_1788625614,845,28.166666666667226,SIMULATION,SEARCHING,SEARCHING,Reset,False,1748.6099967907858,1090.565111835358,,,,,,,,,,0.0,0,False,-28.20000000000056,-21.149999999999867,-1.0,-0.75,5.135999992489815,194.70405012894537
run_1788625614,846,28.20000000000056,SIMULATION,SEARCHING,SEARCHING,Reset,False,1749.7885080927633,1089.3866005333805,,,,,,,,,,0.0,0,False,-28.233333333333896,-21.174999999999866,-1.0,-0.75,6.627700000535697,150.88190472097003
run_1788625614,847,28.233333333333896,SIMULATION,SEARCHING,SEARCHING,Reset,False,1750.9670193947409,1088.208089231403,,,,,,,,,,0.0,0,False,-28.26666666666723,-21.199999999999864,-1.0,-0.75,6.739200005540624,148.3855649302367
run_1788625614,848,28.26666666666723,SIMULATION,SEARCHING,SEARCHING,Reset,False,1752.1455306967184,1087.0295779294254,,,,,,,,,,0.0,0,False,-28.300000000000566,-21.224999999999863,-1.0,-0.75,6.683500003418885,149.62220385852606
run_1788625614,849,28.300000000000566,SIMULATION,SEARCHING,SEARCHING,Reset,False,1753.324041998696,1085.8510666274478,,,,,,,,,,0.0,0,False,-28.3333333333339,-21.24999999999986,-1.0,-0.75,9.54749999800697,104.73946061364221
run_1788625614,850,28.3333333333339,SIMULATION,SEARCHING,SEARCHING,Reset,False,1754.5025533006735,1084.6725553254703,,,,,,,,,,0.0,0,False,-28.366666666667236,-21.27499999999986,-1.0,-0.75,8.844000010867603,113.07100845445378
run_1788625614,851,28.366666666667236,SIMULATION,SEARCHING,SEARCHING,Reset,False,1755.681064602651,1083.4940440234927,,,,,,,,,,0.0,0,False,-28.40000000000057,-21.29999999999986,-1.0,-0.75,9.550300004775636,104.70875255227051
run_1788625614,852,28.40000000000057,SIMULATION,SEARCHING,SEARCHING,Reset,False,1756.8595759046286,1082.3155327215152,,,,,,,,,,0.0,0,False,-28.433333333333906,-21.324999999999857,-1.0,-0.75,9.472999998251908,105.56317958244846
run_1788625614,853,28.433333333333906,SIMULATION,SEARCHING,SEARCHING,Reset,False,1758.0380872066062,1081.1370214195376,,,,,,,,,,0.0,0,False,-28.46666666666724,-21.349999999999856,-1.0,-0.75,10.968300004606135,91.17183151263643
run_1788625614,854,28.46666666666724,SIMULATION,SEARCHING,SEARCHING,Reset,False,1759.2165985085837,1079.95851011756,,,,,,,,,,0.0,0,False,-28.500000000000576,-21.374999999999854,-1.0,-0.75,8.939799998188391,111.85932573465237
run_1788625614,855,28.500000000000576,SIMULATION,SEARCHING,SEARCHING,Reset,False,1760.3951098105613,1078.7799988155825,,,,,,,,,,0.0,0,False,-28.53333333333391,-21.399999999999853,-1.0,-0.75,8.813799999188632,113.45844018380909
run_1788625614,856,28.53333333333391,SIMULATION,SEARCHING,SEARCHING,Reset,False,1761.5736211125388,1077.601487513605,,,,,,,,,,0.0,0,False,-28.566666666667246,-21.42499999999985,-1.0,-0.75,8.481800003210083,117.89950241947851
run_1788625614,857,28.566666666667246,SIMULATION,SEARCHING,SEARCHING,Reset,False,1762.7521324145164,1076.4229762116274,,,,,,,,,,0.0,0,False,-28.60000000000058,-21.44999999999985,-1.0,-0.75,10.5660999979591,94.64229944758762
run_1788625614,858,28.60000000000058,SIMULATION,SEARCHING,SEARCHING,Reset,False,1763.930643716494,1075.2444649096499,,,,,,,,,,0.0,0,False,-28.633333333333916,-21.47499999999985,-1.0,-0.75,7.922500008135103,126.22278308275982
run_1788625614,859,28.633333333333916,SIMULATION,SEARCHING,SEARCHING,Reset,False,1765.1091550184715,1074.0659536076723,,,,,,,,,,0.0,0,False,-28.66666666666725,-21.499999999999847,-1.0,-0.75,7.944700002553873,125.87007686615527
run_1788625614,860,28.66666666666725,SIMULATION,SEARCHING,SEARCHING,Reset,False,1766.287666320449,1072.8874423056948,,,,,,,,,,0.0,0,False,-28.700000000000585,-21.524999999999846,-1.0,-0.75,8.016400010092184,124.74427408076666
run_1788625614,861,28.700000000000585,SIMULATION,SEARCHING,SEARCHING,Reset,False,1767.4661776224266,1071.7089310037172,,,,,,,,,,0.0,0,False,-28.73333333333392,-21.549999999999844,-1.0,-0.75,8.600500004831702,116.27230968411219
run_1788625614,862,28.73333333333392,SIMULATION,SEARCHING,SEARCHING,Reset,False,1768.6446889244041,1070.5304197017397,,,,,,,,,,0.0,0,False,-28.766666666667255,-21.574999999999843,-1.0,-0.75,8.347899987711571,119.79060619701222
run_1788625614,863,28.766666666667255,SIMULATION,SEARCHING,SEARCHING,Reset,False,1769.8232002263817,1069.3519083997621,,,,,,,,,,0.0,0,False,-28.80000000000059,-21.59999999999984,-1.0,-0.75,6.58570000086911,151.84414714730866
run_1788625614,864,28.80000000000059,SIMULATION,SEARCHING,SEARCHING,Reset,False,1771.0017115283592,1068.1733970977846,,,,,,,,,,0.0,0,False,-28.833333333333925,-21.62499999999984,-1.0,-0.75,9.257600002456456,108.01935704012435
run_1788625614,865,28.833333333333925,SIMULATION,SEARCHING,SEARCHING,Reset,False,1772.1802228303368,1066.994885795807,,,,,,,,,,0.0,0,False,-28.86666666666726,-21.64999999999984,-1.0,-0.75,10.368300005211495,96.44782649975046
run_1788625614,866,28.86666666666726,SIMULATION,SEARCHING,SEARCHING,Reset,False,1773.3587341323143,1065.8163744938295,,,,,,,,,,0.0,0,False,-28.900000000000595,-21.674999999999837,-1.0,-0.75,10.40840000496246,96.07624606310533
run_1788625614,867,28.900000000000595,SIMULATION,SEARCHING,SEARCHING,Reset,False,1774.537245434292,1064.637863191852,,,,,,,,,,0.0,0,False,-28.93333333333393,-21.699999999999836,-1.0,-0.75,8.096300007309765,123.51320962626724
run_1788625614,868,28.93333333333393,SIMULATION,SEARCHING,SEARCHING,Reset,False,1775.7157567362694,1063.4593518898744,,,,,,,,,,0.0,0,False,-28.966666666667265,-21.724999999999834,-1.0,-0.75,5.857999989530072,170.70672615010025
run_1788625614,869,28.966666666667265,SIMULATION,SEARCHING,SEARCHING,Reset,False,1776.894268038247,1062.2808405878968,,,,,,,,,,0.0,0,False,-29.0000000000006,-21.749999999999833,-1.0,-0.75,8.202700002584606,121.91107802125006
run_1788625614,870,29.0000000000006,SIMULATION,SEARCHING,SEARCHING,Reset,False,1778.0727793402245,1061.1023292859193,,,,,,,,,,0.0,0,False,-29.033333333333935,-21.77499999999983,-1.0,-0.75,8.416899989242665,118.80858763654834
run_1788625614,871,29.033333333333935,SIMULATION,SEARCHING,SEARCHING,Reset,False,1779.251290642202,1059.9238179839417,,,,,,,,,,0.0,0,False,-29.06666666666727,-21.79999999999983,-1.0,-0.75,9.673900000052527,103.37092589282196
run_1788625614,872,29.06666666666727,SIMULATION,SEARCHING,SEARCHING,Reset,False,1780.4298019441796,1058.7453066819642,,,,,,,,,,0.0,0,False,-29.100000000000605,-21.82499999999983,-1.0,-0.75,8.778100003837608,113.91986871450771
run_1788625614,873,29.100000000000605,SIMULATION,SEARCHING,SEARCHING,Reset,False,1781.6083132461572,1057.5667953799866,,,,,,,,,,0.0,0,False,-29.13333333333394,-21.849999999999827,-1.0,-0.75,8.336099999723956,119.96017322646253
run_1788625614,874,29.13333333333394,SIMULATION,SEARCHING,SEARCHING,Reset,False,1782.7868245481347,1056.388284078009,,,,,,,,,,0.0,0,False,-29.166666666667275,-21.874999999999826,-1.0,-0.75,9.597399999620393,104.1948861191107
run_1788625614,875,29.166666666667275,SIMULATION,SEARCHING,SEARCHING,Reset,False,1783.9653358501123,1055.2097727760315,,,,,,,,,,0.0,0,False,-29.20000000000061,-21.899999999999824,-1.0,-0.75,6.881599998450838,145.31504304596555
run_1788625614,876,29.20000000000061,SIMULATION,SEARCHING,SEARCHING,Reset,False,1785.1438471520898,1054.031261474054,,,,,,,,,,0.0,0,False,-29.233333333333945,-21.924999999999823,-1.0,-0.75,9.666300000390038,103.45219990685678
run_1788625614,877,29.233333333333945,SIMULATION,SEARCHING,SEARCHING,Reset,False,1786.3223584540674,1052.8527501720764,,,,,,,,,,0.0,0,False,-29.26666666666728,-21.94999999999982,-1.0,-0.75,7.584000006318092,131.8565399745409
run_1788625614,878,29.26666666666728,SIMULATION,SEARCHING,SEARCHING,Reset,False,1787.500869756045,1051.6742388700989,,,,,,,,,,0.0,0,False,-29.300000000000615,-21.97499999999982,-1.0,-0.75,7.318600008147769,136.63815468623835
run_1788625614,879,29.300000000000615,SIMULATION,SEARCHING,SEARCHING,Reset,False,1788.6793810580225,1050.4957275681213,,,,,,,,,,0.0,0,False,-29.33333333333395,-21.99999999999982,-1.0,-0.75,7.888899999670684,126.7603848498199
run_1788625614,880,29.33333333333395,SIMULATION,SEARCHING,SEARCHING,Reset,False,1789.85789236,1049.3172162661438,,,,,,,,,,0.0,0,False,-29.366666666667285,-22.024999999999817,-1.0,-0.75,7.355099995038472,135.96008221160415
run_1788625614,881,29.366666666667285,SIMULATION,SEARCHING,SEARCHING,Reset,False,1791.0364036619776,1048.1387049641662,,,,,,,,,,0.0,0,False,-29.40000000000062,-22.049999999999816,-1.0,-0.75,5.369300008169375,186.24401662758697
run_1788625614,882,29.40000000000062,SIMULATION,SEARCHING,SEARCHING,Reset,False,1792.2149149639552,1046.9601936621887,,,,,,,,,,0.0,0,False,-29.433333333333955,-22.074999999999815,-1.0,-0.75,10.187099993345328,98.16336353361065
run_1788625614,883,29.433333333333955,SIMULATION,SEARCHING,SEARCHING,Reset,False,1793.3934262659327,1045.781682360211,,,,,,,,,,0.0,0,False,-29.46666666666729,-22.099999999999813,-1.0,-0.75,6.9992999924579635,142.87143015409276
run_1788625614,884,29.46666666666729,SIMULATION,SEARCHING,SEARCHING,Reset,False,1794.5719375679103,1044.6031710582336,,,,,,,,,,0.0,0,False,-29.500000000000625,-22.12499999999981,-1.0,-0.75,8.595699997385964,116.33723842201447
run_1788625614,885,29.500000000000625,SIMULATION,SEARCHING,SEARCHING,Reset,False,1795.7504488698878,1043.424659756256,,,,,,,,,,0.0,0,False,-29.53333333333396,-22.14999999999981,-1.0,-0.75,7.7342000004136935,129.29585476798002
run_1788625614,886,29.53333333333396,SIMULATION,SEARCHING,SEARCHING,Reset,False,1796.9289601718654,1042.2461484542785,,,,,,,,,,0.0,0,False,-29.566666666667295,-22.17499999999981,-1.0,-0.75,8.126200002152473,123.05874821381697
run_1788625614,887,29.566666666667295,SIMULATION,SEARCHING,SEARCHING,Reset,False,1798.107471473843,1041.067637152301,,,,,,,,,,0.0,0,False,-29.60000000000063,-22.199999999999807,-1.0,-0.75,7.9637000017100945,125.56977281731655
run_1788625614,888,29.60000000000063,SIMULATION,SEARCHING,SEARCHING,Reset,False,1799.2859827758205,1039.8891258503234,,,,,,,,,,0.0,0,False,-29.633333333333965,-22.224999999999806,-1.0,-0.75,8.109899994451553,123.3060827734198
run_1788625614,889,29.633333333333965,SIMULATION,SEARCHING,SEARCHING,Reset,False,1800.464494077798,1038.7106145483458,,,,,,,,,,0.0,0,False,-29.6666666666673,-22.249999999999805,-1.0,-0.75,9.05560000683181,110.42890578708983
run_1788625614,890,29.6666666666673,SIMULATION,SEARCHING,SEARCHING,Reset,False,1801.6430053797756,1037.5321032463683,,,,,,,,,,0.0,0,False,-29.700000000000635,-22.274999999999803,-1.0,-0.75,8.654700010083616,115.54415506428843
run_1788625614,891,29.700000000000635,SIMULATION,SEARCHING,SEARCHING,Reset,False,1802.821516681753,1036.3535919443907,,,,,,,,,,0.0,0,False,-29.73333333333397,-22.2999999999998,-1.0,-0.75,8.105500004603527,123.37301825082338
run_1788625614,892,29.73333333333397,SIMULATION,SEARCHING,SEARCHING,Reset,False,1804.0000279837307,1035.1750806424131,,,,,,,,,,0.0,0,False,-29.766666666667305,-22.3249999999998,-1.0,-0.75,8.785200014244765,113.82780111762392
run_1788625614,893,29.766666666667305,SIMULATION,SEARCHING,SEARCHING,Reset,False,1805.1785392857082,1033.9965693404356,,,,,,,,,,0.0,0,False,-29.80000000000064,-22.3499999999998,-1.0,-0.75,6.053500008420087,165.19368937128186
run_1788625614,894,29.80000000000064,SIMULATION,SEARCHING,SEARCHING,Reset,False,1806.3570505876858,1032.818058038458,,,,,,,,,,0.0,0,False,-29.833333333333975,-22.374999999999797,-1.0,-0.75,6.442400001105852,155.2216564988743
run_1788625614,895,29.833333333333975,SIMULATION,SEARCHING,SEARCHING,Reset,False,1807.5355618896633,1031.6395467364805,,,,,,,,,,0.0,0,False,-29.86666666666731,-22.399999999999796,-1.0,-0.75,9.996000007959083,100.04001592674803
run_1788625614,896,29.86666666666731,SIMULATION,SEARCHING,SEARCHING,Reset,False,1808.7140731916409,1030.461035434503,,,,,,,,,,0.0,0,False,-29.900000000000645,-22.424999999999795,-1.0,-0.75,8.427099994150922,118.66478393445902
run_1788625614,897,29.900000000000645,SIMULATION,SEARCHING,SEARCHING,Reset,False,1809.8925844936184,1029.2825241325254,,,,,,,,,,0.0,0,False,-29.93333333333398,-22.449999999999793,-1.0,-0.75,9.030200002598576,110.73951847270658
run_1788625614,898,29.93333333333398,SIMULATION,SEARCHING,SEARCHING,Reset,False,1811.071095795596,1028.1040128305478,,,,,,,,,,0.0,0,False,-29.966666666667315,-22.474999999999792,-1.0,-0.75,8.215100009692833,121.72706343442196
run_1788625614,899,29.966666666667315,SIMULATION,SEARCHING,SEARCHING,Reset,False,1812.2496070975735,1026.9255015285703,,,,,,,,,,0.0,0,False,-30.00000000000065,-22.49999999999979,-1.0,-0.75,10.468199994647875,95.52740686185538
