run_id,frame_number,timestamp,source,state,previous_state,transition_reason,target_present,ground_truth_x,ground_truth_y,ideal_projected_x,ideal_projected_y,rendered_centroid_x,rendered_centroid_y,estimated_centroid_x,estimated_centroid_y,centroid_error_ideal,centroid_error_rendered,tracking_error,detection_confidence,candidate_count,detection_valid,pan_angle,tilt_angle,pan_command,tilt_command,processing_time_ms,fps
run_1788625067,0,0.0,SIMULATION,SEARCHING,SEARCHING,Reset,False,752.7679466197553,1893.5928379936115,,,,,,,,,,0.0,0,False,-0.03333333333333333,-0.025,-1.0,-0.75,13.591299997642636,73.57647908393211
run_1788625067,1,0.03333333333333333,SIMULATION,SEARCHING,SEARCHING,Reset,False,753.9464579217329,1894.771349295589,,,,,,,,,,0.0,0,False,-0.06666666666666667,-0.05,-1.0,-0.75,7.276799995452166,137.42304318175258
run_1788625067,2,0.06666666666666667,SIMULATION,SEARCHING,SEARCHING,Reset,False,755.1249692237104,1895.9498605975666,,,,,,,,,,0.0,0,False,-0.1,-0.07500000000000001,-1.0,-0.75,9.518100006971508,105.06298518271005
run_1788625067,3,0.1,SIMULATION,SEARCHING,SEARCHING,Reset,False,756.303480525688,1897.1283718995442,,,,,,,,,,0.0,0,False,-0.13333333333333333,-0.1,-1.0,-0.75,7.220400002552196,138.496482140398
run_1788625067,4,0.13333333333333333,SIMULATION,SEARCHING,SEARCHING,Reset,False,757.4819918276655,1898.3068832015217,,,,,,,,,,0.0,0,False,-0.16666666666666666,-0.125,-1.0,-0.75,6.823100004112348,146.56094728163012
run_1788625067,5,0.16666666666666666,SIMULATION,SEARCHING,SEARCHING,Reset,False,758.6605031296431,1899.4853945034993,,,,,,,,,,0.0,0,False,-0.19999999999999998,-0.15,-1.0,-0.75,6.682300008833408,149.64907272617043
run_1788625067,6,0.19999999999999998,SIMULATION,SEARCHING,SEARCHING,Reset,False,759.8390144316206,1900.6639058054768,,,,,,,,,,0.0,0,False,-0.2333333333333333,-0.175,-1.0,-0.75,5.909200001042336,169.22764499824137
run_1788625067,7,0.2333333333333333,SIMULATION,SEARCHING,SEARCHING,Reset,False,761.0175257335982,1901.8424171074544,,,,,,,,,,0.0,0,False,-0.26666666666666666,-0.19999999999999998,-1.0,-0.75,9.298700009821914,107.54191434756821
run_1788625067,8,0.26666666666666666,SIMULATION,SEARCHING,SEARCHING,Reset,False,762.1960370355757,1903.020928409432,,,,,,,,,,0.0,0,False,-0.3,-0.22499999999999998,-1.0,-0.75,7.123599993065,140.378460465709
run_1788625067,9,0.3,SIMULATION,SEARCHING,SEARCHING,Reset,False,763.3745483375533,1904.1994397114095,,,,,,,,,,0.0,0,False,-0.3333333333333333,-0.24999999999999997,-1.0,-0.75,7.801999992807396,128.17226364033482
run_1788625067,10,0.3333333333333333,SIMULATION,SEARCHING,SEARCHING,Reset,False,764.5530596395308,1905.377951013387,,,,,,,,,,0.0,0,False,-0.36666666666666664,-0.27499999999999997,-1.0,-0.75,7.0287999988067895,142.2717960633053
run_1788625067,11,0.36666666666666664,SIMULATION,SEARCHING,SEARCHING,Reset,False,765.7315709415084,1906.5564623153646,,,,,,,,,,0.0,0,False,-0.39999999999999997,-0.3,-1.0,-0.75,8.176000003004447,122.30919760671827
run_1788625067,12,0.39999999999999997,SIMULATION,SEARCHING,SEARCHING,Reset,False,766.9100822434859,1907.7349736173421,,,,,,,,,,0.0,0,False,-0.4333333333333333,-0.325,-1.0,-0.75,6.578599990461953,152.00802624416437
run_1788625067,13,0.4333333333333333,SIMULATION,SEARCHING,SEARCHING,Reset,False,768.0885935454635,1908.9134849193197,,,,,,,,,,0.0,0,False,-0.4666666666666666,-0.35000000000000003,-1.0,-0.75,7.506599999032915,133.2161031797127
run_1788625067,14,0.4666666666666666,SIMULATION,SEARCHING,SEARCHING,Reset,False,769.267104847441,1910.0919962212972,,,,,,,,,,0.0,0,False,-0.49999999999999994,-0.37500000000000006,-1.0,-0.75,7.955000008223578,125.70710232133725
run_1788625067,15,0.49999999999999994,SIMULATION,SEARCHING,SEARCHING,Reset,False,770.4456161494186,1911.2705075232748,,,,,,,,,,0.0,0,False,-0.5333333333333333,-0.4000000000000001,-1.0,-0.75,6.8986000114819035,144.9569475452437
run_1788625067,16,0.5333333333333333,SIMULATION,SEARCHING,SEARCHING,Reset,False,771.6241274513961,1912.4490188252523,,,,,,,,,,0.0,0,False,-0.5666666666666667,-0.4250000000000001,-1.0,-0.75,6.775800007744692,147.584048947284
run_1788625067,17,0.5666666666666667,SIMULATION,SEARCHING,SEARCHING,Reset,False,772.8026387533737,1913.6275301272299,,,,,,,,,,0.0,0,False,-0.6,-0.4500000000000001,-1.0,-0.75,7.349299994530156,136.0673806681272
run_1788625067,18,0.6,SIMULATION,SEARCHING,SEARCHING,Reset,False,773.9811500553512,1914.8060414292074,,,,,,,,,,0.0,0,False,-0.6333333333333333,-0.47500000000000014,-1.0,-0.75,7.55399999616202,132.3801959899487
run_1788625067,19,0.6333333333333333,SIMULATION,SEARCHING,SEARCHING,Reset,False,775.1596613573288,1915.984552731185,,,,,,,,,,0.0,0,False,-0.6666666666666666,-0.5000000000000001,-1.0,-0.75,6.31680000515189,158.3080039235712
run_1788625067,20,0.6666666666666666,SIMULATION,SEARCHING,SEARCHING,Reset,False,776.3381726593063,1917.1630640331625,,,,,,,,,,0.0,0,False,-0.7,-0.5250000000000001,-1.0,-0.75,10.831199993845075,92.32587345522738
run_1788625067,21,0.7,SIMULATION,SEARCHING,SEARCHING,Reset,False,777.5166839612839,1918.34157533514,,,,,,,,,,0.0,0,False,-0.7333333333333333,-0.5500000000000002,-1.0,-0.75,9.335300012025982,107.12028523044502
run_1788625067,22,0.7333333333333333,SIMULATION,SEARCHING,SEARCHING,Reset,False,778.6951952632614,1919.5200866371176,,,,,,,,,,0.0,0,False,-0.7666666666666666,-0.5750000000000002,-1.0,-0.75,8.7511000019731,114.27134871896462
run_1788625067,23,0.7666666666666666,SIMULATION,SEARCHING,SEARCHING,Reset,False,779.873706565239,1920.6985979390952,,,,,,,,,,0.0,0,False,-0.7999999999999999,-0.6000000000000002,-1.0,-0.75,10.306899988790974,97.02238316928721
run_1788625067,24,0.7999999999999999,SIMULATION,SEARCHING,SEARCHING,Reset,False,781.0522178672165,1921.8771092410727,,,,,,,,,,0.0,0,False,-0.8333333333333333,-0.6250000000000002,-1.0,-0.75,8.161799996742047,122.52199274659644
run_1788625067,25,0.8333333333333333,SIMULATION,SEARCHING,SEARCHING,Reset,False,782.2307291691941,1923.0556205430503,,,,,,,,,,0.0,0,False,-0.8666666666666666,-0.6500000000000002,-1.0,-0.75,7.3638000030769035,135.79945131347378
run_1788625067,26,0.8666666666666666,SIMULATION,SEARCHING,SEARCHING,Reset,False,783.4092404711716,1924.2341318450278,,,,,,,,,,0.0,0,False,-0.8999999999999999,-0.6750000000000003,-1.0,-0.75,9.999900008551776,100.00099992448062
run_1788625067,27,0.8999999999999999,SIMULATION,SEARCHING,SEARCHING,Reset,False,784.5877517731492,1925.4126431470054,,,,,,,,,,0.0,0,False,-0.9333333333333332,-0.7000000000000003,-1.0,-0.75,12.780100005329587,78.24664905462224
run_1788625067,28,0.9333333333333332,SIMULATION,SEARCHING,SEARCHING,Reset,False,785.7662630751267,1926.591154448983,,,,,,,,,,0.0,0,False,-0.9666666666666666,-0.7250000000000003,-1.0,-0.75,7.234800010337494,138.2208213870657
run_1788625067,29,0.9666666666666666,SIMULATION,SEARCHING,SEARCHING,Reset,False,786.9447743771043,1927.7696657509605,,,,,,,,,,0.0,0,False,-0.9999999999999999,-0.7500000000000003,-1.0,-0.75,10.917799998424016,91.59354450020608
run_1788625067,30,0.9999999999999999,SIMULATION,SEARCHING,SEARCHING,Reset,False,788.1232856790818,1928.948177052938,,,,,,,,,,0.0,0,False,-1.0333333333333332,-0.7750000000000004,-1.0,-0.75,6.994499999564141,142.96947602577947
run_1788625067,31,1.0333333333333332,SIMULATION,SEARCHING,SEARCHING,Reset,False,789.3017969810594,1930.1266883549156,,,,,,,,,,0.0,0,False,-1.0666666666666667,-0.8000000000000004,-1.0,-0.75,7.946600002469495,125.83998183993643
run_1788625067,32,1.0666666666666667,SIMULATION,SEARCHING,SEARCHING,Reset,False,790.480308283037,1931.3051996568931,,,,,,,,,,0.0,0,False,-1.1,-0.8250000000000004,-1.0,-0.75,6.004599999869242,166.53898678043103
run_1788625067,33,1.1,SIMULATION,SEARCHING,SEARCHING,Reset,False,791.6588195850145,1932.4837109588707,,,,,,,,,,0.0,0,False,-1.1333333333333335,-0.8500000000000004,-1.0,-0.75,8.22449999395758,121.58793856583202
run_1788625067,34,1.1333333333333335,SIMULATION,SEARCHING,SEARCHING,Reset,False,792.837330886992,1933.6622222608482,,,,,,,,,,0.0,0,False,-1.166666666666667,-0.8750000000000004,-1.0,-0.75,6.7374999925959855,148.42300572896863
run_1788625067,35,1.166666666666667,SIMULATION,SEARCHING,SEARCHING,Reset,False,794.0158421889696,1934.8407335628258,,,,,,,,,,0.0,0,False,-1.2000000000000004,-0.9000000000000005,-1.0,-0.75,6.905600006575696,144.81000912994864
run_1788625067,36,1.2000000000000004,SIMULATION,SEARCHING,SEARCHING,Reset,False,795.1943534909472,1936.0192448648033,,,,,,,,,,0.0,0,False,-1.2333333333333338,-0.9250000000000005,-1.0,-0.75,8.049100011703558,124.2374922098097
run_1788625067,37,1.2333333333333338,SIMULATION,SEARCHING,SEARCHING,Reset,False,796.3728647929247,1937.197756166781,,,,,,,,,,0.0,0,False,-1.2666666666666673,-0.9500000000000005,-1.0,-0.75,6.862700000056066,145.7152432704082
run_1788625067,38,1.2666666666666673,SIMULATION,SEARCHING,SEARCHING,Reset,False,797.5513760949023,1938.3762674687584,,,,,,,,,,0.0,0,False,-1.3000000000000007,-0.9750000000000005,-1.0,-0.75,7.33839999884367,136.26948655804705
run_1788625067,39,1.3000000000000007,SIMULATION,SEARCHING,SEARCHING,Reset,False,798.7298873968798,1939.554778770736,,,,,,,,,,0.0,0,False,-1.3333333333333341,-1.0000000000000004,-1.0,-0.75,7.261799997650087,137.7069046687597
run_1788625067,40,1.3333333333333341,SIMULATION,SEARCHING,SEARCHING,Reset,False,799.9083986988574,1940.7332900727135,,,,,,,,,,0.0,0,False,-1.3666666666666676,-1.0250000000000004,-1.0,-0.75,6.904599998961203,144.8309822655114
run_1788625067,41,1.3666666666666676,SIMULATION,SEARCHING,SEARCHING,Reset,False,801.0869100008349,1941.911801374691,,,,,,,,,,0.0,0,False,-1.400000000000001,-1.0500000000000003,-1.0,-0.75,5.279599994537421,189.40828870267782
run_1788625067,42,1.400000000000001,SIMULATION,SEARCHING,SEARCHING,Reset,False,802.2654213028125,1943.0903126766686,,,,,,,,,,0.0,0,False,-1.4333333333333345,-1.0750000000000002,-1.0,-0.75,6.649300004937686,150.39177045063582
run_1788625067,43,1.4333333333333345,SIMULATION,SEARCHING,SEARCHING,Reset,False,803.44393260479,1944.2688239786462,,,,,,,,,,0.0,0,False,-1.466666666666668,-1.1,-1.0,-0.75,8.00889999663923,124.86109208750634
run_1788625067,44,1.466666666666668,SIMULATION,SEARCHING,SEARCHING,Reset,False,804.6224439067676,1945.4473352806237,,,,,,,,,,0.0,0,False,-1.5000000000000013,-1.125,-1.0,-0.75,9.397900008480065,106.40675034823353
run_1788625067,45,1.5000000000000013,SIMULATION,SEARCHING,SEARCHING,Reset,False,805.8009552087451,1946.6258465826013,,,,,,,,,,0.0,0,False,-1.5333333333333348,-1.15,-1.0,-0.75,16.385900002205744,61.02807901094158
run_1788625067,46,1.5333333333333348,SIMULATION,SEARCHING,SEARCHING,Reset,False,806.9794665107227,1947.8043578845788,,,,,,,,,,0.0,0,False,-1.5666666666666682,-1.1749999999999998,-1.0,-0.75,5.31310000224039,188.21403692351495
run_1788625067,47,1.5666666666666682,SIMULATION,SEARCHING,SEARCHING,Reset,False,808.1579778127002,1948.9828691865564,,,,,,,,,,0.0,0,False,-1.6000000000000016,-1.1999999999999997,-1.0,-0.75,7.035100003122352,142.14439020855073
run_1788625067,48,1.6000000000000016,SIMULATION,SEARCHING,SEARCHING,Reset,False,809.3364891146778,1950.161380488534,,,,,,,,,,0.0,0,False,-1.633333333333335,-1.2249999999999996,-1.0,-0.75,8.480999997118488,117.91062378726104
run_1788625067,49,1.633333333333335,SIMULATION,SEARCHING,SEARCHING,Reset,False,810.5150004166553,1951.3398917905115,,,,,,,,,,0.0,0,False,-1.6666666666666685,-1.2499999999999996,-1.0,-0.75,4.299799998989329,232.56895675032578
run_1788625067,50,1.6666666666666685,SIMULATION,SEARCHING,SEARCHING,Reset,False,811.6935117186329,1952.518403092489,,,,,,,,,,0.0,0,False,-1.700000000000002,-1.2749999999999995,-1.0,-0.75,4.424599988851696,226.00913133833984
run_1788625067,51,1.700000000000002,SIMULATION,SEARCHING,SEARCHING,Reset,False,812.8720230206104,1953.6969143944666,,,,,,,,,,0.0,0,False,-1.7333333333333354,-1.2999999999999994,-1.0,-0.75,6.515499990200624,153.48016291980812
run_1788625067,52,1.7333333333333354,SIMULATION,SEARCHING,SEARCHING,Reset,False,814.050534322588,1954.8754256964442,,,,,,,,,,0.0,0,False,-1.7666666666666688,-1.3249999999999993,-1.0,-0.75,5.952899999101646,167.98535170268445
run_1788625067,53,1.7666666666666688,SIMULATION,SEARCHING,SEARCHING,Reset,False,815.2290456245655,1956.0539369984217,,,,,,,,,,0.0,0,False,-1.8000000000000023,-1.3499999999999992,-1.0,-0.75,5.959099988103844,167.8105757574635
run_1788625067,54,1.8000000000000023,SIMULATION,SEARCHING,SEARCHING,Reset,False,816.4075569265431,1957.2324483003993,,,,,,,,,,0.0,0,False,-1.8333333333333357,-1.3749999999999991,-1.0,-0.75,4.483600001549348,223.03506103453498
run_1788625067,55,1.8333333333333357,SIMULATION,SEARCHING,SEARCHING,Reset,False,817.5860682285206,1958.4109596023768,,,,,,,,,,0.0,0,False,-1.8666666666666691,-1.399999999999999,-1.0,-0.75,7.777099992381409,128.58263375546392
run_1788625067,56,1.8666666666666691,SIMULATION,SEARCHING,SEARCHING,Reset,False,818.7645795304982,1959.5894709043544,,,,,,,,,,0.0,0,False,-1.9000000000000026,-1.424999999999999,-1.0,-0.75,5.1743000076385215,193.26285652624654
run_1788625067,57,1.9000000000000026,SIMULATION,SEARCHING,SEARCHING,Reset,False,819.9430908324757,1960.767982206332,,,,,,,,,,0.0,0,False,-1.933333333333336,-1.4499999999999988,-1.0,-0.75,6.334999998216517,157.85319657166986
run_1788625067,58,1.933333333333336,SIMULATION,SEARCHING,SEARCHING,Reset,False,821.1216021344533,1961.9464935083095,,,,,,,,,,0.0,0,False,-1.9666666666666694,-1.4749999999999988,-1.0,-0.75,5.415800012997352,184.64492736070477
run_1788625067,59,1.9666666666666694,SIMULATION,SEARCHING,SEARCHING,Reset,False,822.3001134364308,1963.125004810287,,,,,,,,,,0.0,0,False,-2.0000000000000027,-1.4999999999999987,-1.0,-0.75,7.023999991361052,142.36902067624126
run_1788625067,60,2.0000000000000027,SIMULATION,SEARCHING,SEARCHING,Reset,False,823.4786247384084,1964.3035161122646,,,,,,,,,,0.0,0,False,-2.033333333333336,-1.5249999999999986,-1.0,-0.75,4.989499997464009,200.42088395796486
run_1788625067,61,2.033333333333336,SIMULATION,SEARCHING,SEARCHING,Reset,False,824.6571360403859,1965.482027414242,,,,,,,,,,0.0,0,False,-2.066666666666669,-1.5499999999999985,-1.0,-0.75,4.736799994134344,211.11298793242614
run_1788625067,62,2.066666666666669,SIMULATION,SEARCHING,SEARCHING,Reset,False,825.8356473423635,1966.6605387162197,,,,,,,,,,0.0,0,False,-2.1000000000000023,-1.5749999999999984,-1.0,-0.75,6.379200000083074,156.7594682698422
run_1788625067,63,2.1000000000000023,SIMULATION,SEARCHING,SEARCHING,Reset,False,827.014158644341,1967.8390500181972,,,,,,,,,,0.0,0,False,-2.1333333333333355,-1.5999999999999983,-1.0,-0.75,4.964599997038022,201.42609688527168
run_1788625067,64,2.1333333333333355,SIMULATION,SEARCHING,SEARCHING,Reset,False,828.1926699463186,1969.0175613201748,,,,,,,,,,0.0,0,False,-2.1666666666666687,-1.6249999999999982,-1.0,-0.75,6.842500006314367,146.1454145527489
run_1788625067,65,2.1666666666666687,SIMULATION,SEARCHING,SEARCHING,Reset,False,829.3711812482961,1970.1960726221523,,,,,,,,,,0.0,0,False,-2.200000000000002,-1.6499999999999981,-1.0,-0.75,4.759400006150827,210.11051786100066
run_1788625067,66,2.200000000000002,SIMULATION,SEARCHING,SEARCHING,Reset,False,830.5496925502737,1971.3745839241299,,,,,,,,,,0.0,0,False,-2.233333333333335,-1.674999999999998,-1.0,-0.75,4.310899996198714,231.97012245280217
run_1788625067,67,2.233333333333335,SIMULATION,SEARCHING,SEARCHING,Reset,False,831.7282038522512,1972.5530952261074,,,,,,,,,,0.0,0,False,-2.2666666666666684,-1.699999999999998,-1.0,-0.75,6.096700002672151,164.02315999831146
run_1788625067,68,2.2666666666666684,SIMULATION,SEARCHING,SEARCHING,Reset,False,832.9067151542288,1973.731606528085,,,,,,,,,,0.0,0,False,-2.3000000000000016,-1.7249999999999979,-1.0,-0.75,5.62710000667721,177.71143196555659
run_1788625067,69,2.3000000000000016,SIMULATION,SEARCHING,SEARCHING,Reset,False,834.0852264562063,1974.9101178300625,,,,,,,,,,0.0,0,False,-2.333333333333335,-1.7499999999999978,-1.0,-0.75,6.584400005522184,151.874126596398
run_1788625067,70,2.333333333333335,SIMULATION,SEARCHING,SEARCHING,Reset,False,835.2637377581839,1976.08862913204,,,,,,,,,,0.0,0,False,-2.366666666666668,-1.7749999999999977,-1.0,-0.75,5.804100001114421,172.29200044933654
run_1788625067,71,2.366666666666668,SIMULATION,SEARCHING,SEARCHING,Reset,False,836.4422490601614,1977.2671404340176,,,,,,,,,,0.0,0,False,-2.4000000000000012,-1.7999999999999976,-1.0,-0.75,7.580600009532645,131.9156793317804
run_1788625067,72,2.4000000000000012,SIMULATION,SEARCHING,SEARCHING,Reset,False,837.620760362139,1978.4456517359952,,,,,,,,,,0.0,0,False,-2.4333333333333345,-1.8249999999999975,-1.0,-0.75,4.467899998417124,223.81879638180743
run_1788625067,73,2.4333333333333345,SIMULATION,SEARCHING,SEARCHING,Reset,False,838.7992716641165,1979.6241630379727,,,,,,,,,,0.0,0,False,-2.4666666666666677,-1.8499999999999974,-1.0,-0.75,7.837600001948886,127.59007856376206
run_1788625067,74,2.4666666666666677,SIMULATION,SEARCHING,SEARCHING,Reset,False,839.9777829660941,1980.8026743399503,,,,,,,,,,0.0,0,False,-2.500000000000001,-1.8749999999999973,-1.0,-0.75,5.308500010869466,188.37713063058138
run_1788625067,75,2.500000000000001,SIMULATION,SEARCHING,SEARCHING,Reset,False,841.1562942680716,1981.9811856419278,,,,,,,,,,0.0,0,False,-2.533333333333334,-1.8999999999999972,-1.0,-0.75,7.929800005513243,126.10658519820723
run_1788625067,76,2.533333333333334,SIMULATION,SEARCHING,SEARCHING,Reset,False,842.3348055700492,1983.1596969439054,,,,,,,,,,0.0,0,False,-2.5666666666666673,-1.9249999999999972,-1.0,-0.75,5.24779999977909,190.55604254013028
run_1788625067,77,2.5666666666666673,SIMULATION,SEARCHING,SEARCHING,Reset,False,843.5133168720267,1984.338208245883,,,,,,,,,,0.0,0,False,-2.6000000000000005,-1.949999999999997,-1.0,-0.75,6.790999992517754,147.25371831862589
run_1788625067,78,2.6000000000000005,SIMULATION,SEARCHING,SEARCHING,Reset,False,844.6918281740043,1985.5167195478605,,,,,,,,,,0.0,0,False,-2.6333333333333337,-1.974999999999997,-1.0,-0.75,6.285399998887442,159.09886406227236
run_1788625067,79,2.6333333333333337,SIMULATION,SEARCHING,SEARCHING,Reset,False,845.8703394759818,1986.695230849838,,,,,,,,,,0.0,0,False,-2.666666666666667,-1.999999999999997,-1.0,-0.75,7.172500001615845,139.4214011536726
run_1788625067,80,2.666666666666667,SIMULATION,SEARCHING,SEARCHING,Reset,False,847.0488507779594,1987.8737421518156,,,,,,,,,,0.0,0,False,-2.7,-2.024999999999997,-1.0,-0.75,7.123799994587898,140.37451932391718
run_1788625067,81,2.7,SIMULATION,SEARCHING,SEARCHING,Reset,False,848.2273620799369,1989.0522534537931,,,,,,,,,,0.0,0,False,-2.7333333333333334,-2.0499999999999967,-1.0,-0.75,6.320100001175888,158.22534450624906
run_1788625067,82,2.7333333333333334,SIMULATION,SEARCHING,SEARCHING,Reset,False,849.4058733819145,1989.7692352442293,,,,,,,,,,0.0,0,False,-2.7666666666666666,-2.0749999999999966,-1.0,-0.75,4.956300006597303,201.7634119542614
run_1788625067,83,2.7666666666666666,SIMULATION,SEARCHING,SEARCHING,Reset,False,850.584384683892,1988.5907239422518,,,,,,,,,,0.0,0,False,-2.8,-2.0999999999999965,-1.0,-0.75,5.419100009021349,184.5324866371294
run_1788625067,84,2.8,SIMULATION,SEARCHING,SEARCHING,Reset,False,851.7628959858696,1987.4122126402742,,,,,,,,,,0.0,0,False,-2.833333333333333,-2.1249999999999964,-1.0,-0.75,5.190800002310425,192.64853193243817
run_1788625067,85,2.833333333333333,SIMULATION,SEARCHING,SEARCHING,Reset,False,852.9414072878471,1986.2337013382967,,,,,,,,,,0.0,0,False,-2.8666666666666663,-2.1499999999999964,-1.0,-0.75,9.317800009739585,107.32147062125539
run_1788625067,86,2.8666666666666663,SIMULATION,SEARCHING,SEARCHING,Reset,False,854.1199185898247,1985.0551900363191,,,,,,,,,,0.0,0,False,-2.8999999999999995,-2.1749999999999963,-1.0,-0.75,5.900900010601617,169.46567442312016
run_1788625067,87,2.8999999999999995,SIMULATION,SEARCHING,SEARCHING,Reset,False,855.2984298918022,1983.8766787343416,,,,,,,,,,0.0,0,False,-2.9333333333333327,-2.199999999999996,-1.0,-0.75,6.502599993837066,153.78464013590943
run_1788625067,88,2.9333333333333327,SIMULATION,SEARCHING,SEARCHING,Reset,False,856.4769411937798,1982.698167432364,,,,,,,,,,0.0,0,False,-2.966666666666666,-2.224999999999996,-1.0,-0.75,5.875900009414181,170.18669453153248
run_1788625067,89,2.966666666666666,SIMULATION,SEARCHING,SEARCHING,Reset,False,857.6554524957573,1981.5196561303865,,,,,,,,,,0.0,0,False,-2.999999999999999,-2.249999999999996,-1.0,-0.75,6.915300007676706,144.60688601939114
run_1788625067,90,2.999999999999999,SIMULATION,SEARCHING,SEARCHING,Reset,False,858.8339637977349,1980.341144828409,,,,,,,,,,0.0,0,False,-3.0333333333333323,-2.274999999999996,-1.0,-0.75,5.981800000881776,167.17376038192353
run_1788625067,91,3.0333333333333323,SIMULATION,SEARCHING,SEARCHING,Reset,False,860.0124750997124,1979.1626335264314,,,,,,,,,,0.0,0,False,-3.0666666666666655,-2.299999999999996,-1.0,-0.75,7.195700003649108,138.97188591698884
run_1788625067,92,3.0666666666666655,SIMULATION,SEARCHING,SEARCHING,Reset,False,861.19098640169,1977.9841222244538,,,,,,,,,,0.0,0,False,-3.0999999999999988,-2.3249999999999957,-1.0,-0.75,4.936299999826588,202.58088042362297
run_1788625067,93,3.0999999999999988,SIMULATION,SEARCHING,SEARCHING,Reset,False,862.3694977036675,1976.8056109224763,,,,,,,,,,0.0,0,False,-3.133333333333332,-2.3499999999999956,-1.0,-0.75,4.6336999948835,215.81025985803853
run_1788625067,94,3.133333333333332,SIMULATION,SEARCHING,SEARCHING,Reset,False,863.5480090056451,1975.6270996204987,,,,,,,,,,0.0,0,False,-3.166666666666665,-2.3749999999999956,-1.0,-0.75,5.954699998255819,167.93457273966922
run_1788625067,95,3.166666666666665,SIMULATION,SEARCHING,SEARCHING,Reset,False,864.7265203076226,1974.4485883185212,,,,,,,,,,0.0,0,False,-3.1999999999999984,-2.3999999999999955,-1.0,-0.75,5.395599990151823,185.33620020483798
run_1788625067,96,3.1999999999999984,SIMULATION,SEARCHING,SEARCHING,Reset,False,865.9050316096002,1973.2700770165436,,,,,,,,,,0.0,0,False,-3.2333333333333316,-2.4249999999999954,-1.0,-0.75,7.084600001689978,141.15122939353776
run_1788625067,97,3.2333333333333316,SIMULATION,SEARCHING,SEARCHING,Reset,False,867.0835429115778,1972.091565714566,,,,,,,,,,0.0,0,False,-3.266666666666665,-2.4499999999999953,-1.0,-0.75,4.935799996019341,202.60140216509726
run_1788625067,98,3.266666666666665,SIMULATION,SEARCHING,SEARCHING,Reset,False,868.2620542135553,1970.9130544125885,,,,,,,,,,0.0,0,False,-3.299999999999998,-2.474999999999995,-1.0,-0.75,6.598699997994117,151.54500133419938
run_1788625067,99,3.299999999999998,SIMULATION,SEARCHING,SEARCHING,Reset,False,869.4405655155329,1969.734543110611,,,,,,,,,,0.0,0,False,-3.3333333333333313,-2.499999999999995,-1.0,-0.75,6.270099998801015,159.48708955060087
run_1788625067,100,3.3333333333333313,SIMULATION,SEARCHING,SEARCHING,Reset,False,870.6190768175104,1968.5560318086334,,,,,,,,,,0.0,0,False,-3.3666666666666645,-2.524999999999995,-1.0,-0.75,6.339500003377907,157.7411466940871
run_1788625067,101,3.3666666666666645,SIMULATION,SEARCHING,SEARCHING,Reset,False,871.797588119488,1967.3775205066559,,,,,,,,,,0.0,0,False,-3.3999999999999977,-2.549999999999995,-1.0,-0.75,5.536700002267025,180.61300044982494
run_1788625067,102,3.3999999999999977,SIMULATION,SEARCHING,SEARCHING,Reset,False,872.9760994214655,1966.1990092046783,,,,,,,,,,0.0,0,False,-3.433333333333331,-2.574999999999995,-1.0,-0.75,7.138500004657544,140.0854520343974
run_1788625067,103,3.433333333333331,SIMULATION,SEARCHING,SEARCHING,Reset,False,874.154610723443,1965.0204979027008,,,,,,,,,,0.0,0,False,-3.466666666666664,-2.5999999999999948,-1.0,-0.75,4.7415000008186325,210.90372241428815
run_1788625067,104,3.466666666666664,SIMULATION,SEARCHING,SEARCHING,Reset,False,875.3331220254206,1963.8419866007232,,,,,,,,,,0.0,0,False,-3.4999999999999973,-2.6249999999999947,-1.0,-0.75,5.168799994862638,193.46850351995002
run_1788625067,105,3.4999999999999973,SIMULATION,SEARCHING,SEARCHING,Reset,False,876.5116333273982,1962.6634752987457,,,,,,,,,,0.0,0,False,-3.5333333333333306,-2.6499999999999946,-1.0,-0.75,5.390000005718321,185.52875676049854
run_1788625067,106,3.5333333333333306,SIMULATION,SEARCHING,SEARCHING,Reset,False,877.6901446293757,1961.484963996768,,,,,,,,,,0.0,0,False,-3.5666666666666638,-2.6749999999999945,-1.0,-0.75,4.967200002283789,201.32066346034506
run_1788625067,107,3.5666666666666638,SIMULATION,SEARCHING,SEARCHING,Reset,False,878.8686559313533,1960.3064526947906,,,,,,,,,,0.0,0,False,-3.599999999999997,-2.6999999999999944,-1.0,-0.75,5.633499997202307,177.50954122599046
run_1788625067,108,3.599999999999997,SIMULATION,SEARCHING,SEARCHING,Reset,False,880.0471672333308,1959.127941392813,,,,,,,,,,0.0,0,False,-3.63333333333333,-2.7249999999999943,-1.0,-0.75,5.322099998011254,187.89575550509704
run_1788625067,109,3.63333333333333,SIMULATION,SEARCHING,SEARCHING,Reset,False,881.2256785353084,1957.9494300908354,,,,,,,,,,0.0,0,False,-3.6666666666666634,-2.7499999999999942,-1.0,-0.75,5.290799992508255,189.0073337521726
run_1788625067,110,3.6666666666666634,SIMULATION,SEARCHING,SEARCHING,Reset,False,882.4041898372859,1956.770918788858,,,,,,,,,,0.0,0,False,-3.6999999999999966,-2.774999999999994,-1.0,-0.75,5.731500001274981,174.47439584359216
run_1788625067,111,3.6999999999999966,SIMULATION,SEARCHING,SEARCHING,Reset,False,883.5827011392635,1955.5924074868803,,,,,,,,,,0.0,0,False,-3.73333333333333,-2.799999999999994,-1.0,-0.75,6.538600006024353,152.9379376439372
run_1788625067,112,3.73333333333333,SIMULATION,SEARCHING,SEARCHING,Reset,False,884.761212441241,1954.4138961849028,,,,,,,,,,0.0,0,False,-3.766666666666663,-2.824999999999994,-1.0,-0.75,5.796599987661466,172.5149229080118
run_1788625067,113,3.766666666666663,SIMULATION,SEARCHING,SEARCHING,Reset,False,885.9397237432186,1953.2353848829252,,,,,,,,,,0.0,0,False,-3.7999999999999963,-2.849999999999994,-1.0,-0.75,5.325399994035251,187.77932195141332
run_1788625067,114,3.7999999999999963,SIMULATION,SEARCHING,SEARCHING,Reset,False,887.1182350451961,1952.0568735809477,,,,,,,,,,0.0,0,False,-3.8333333333333295,-2.874999999999994,-1.0,-0.75,5.461699998704717,183.09317616074804
run_1788625067,115,3.8333333333333295,SIMULATION,SEARCHING,SEARCHING,Reset,False,888.2967463471737,1950.8783622789701,,,,,,,,,,0.0,0,False,-3.8666666666666627,-2.8999999999999937,-1.0,-0.75,5.207299996982329,192.03810047039883
run_1788625067,116,3.8666666666666627,SIMULATION,SEARCHING,SEARCHING,Reset,False,889.4752576491512,1949.6998509769926,,,,,,,,,,0.0,0,False,-3.899999999999996,-2.9249999999999936,-1.0,-0.75,5.882900004507974,169.98419133993707
run_1788625067,117,3.899999999999996,SIMULATION,SEARCHING,SEARCHING,Reset,False,890.6537689511288,1948.521339675015,,,,,,,,,,0.0,0,False,-3.933333333333329,-2.9499999999999935,-1.0,-0.75,5.867400002898648,170.43324121518458
run_1788625067,118,3.933333333333329,SIMULATION,SEARCHING,SEARCHING,Reset,False,891.8322802531063,1947.3428283730375,,,,,,,,,,0.0,0,False,-3.9666666666666623,-2.9749999999999934,-1.0,-0.75,7.020399993052706,142.4420262363379
run_1788625067,119,3.9666666666666623,SIMULATION,SEARCHING,SEARCHING,Reset,False,893.0107915550839,1946.16431707106,,,,,,,,,,0.0,0,False,-3.9999999999999956,-2.9999999999999933,-1.0,-0.75,5.0023999938275665,199.9040463045527
run_1788625067,120,3.9999999999999956,SIMULATION,SEARCHING,SEARCHING,Reset,False,894.1893028570614,1944.9858057690824,,,,,,,,,,0.0,0,False,-4.033333333333329,-3.0249999999999932,-1.0,-0.75,4.915500001516193,203.43810389412033
run_1788625067,121,4.033333333333329,SIMULATION,SEARCHING,SEARCHING,Reset,False,895.367814159039,1943.8072944671048,,,,,,,,,,0.0,0,False,-4.066666666666662,-3.049999999999993,-1.0,-0.75,5.1518999971449375,194.10314651957077
run_1788625067,122,4.066666666666662,SIMULATION,SEARCHING,SEARCHING,Reset,False,896.5463254610165,1942.6287831651273,,,,,,,,,,0.0,0,False,-4.099999999999995,-3.074999999999993,-1.0,-0.75,4.569199998513795,218.85669270884745
run_1788625067,123,4.099999999999995,SIMULATION,SEARCHING,SEARCHING,Reset,False,897.7248367629941,1941.4502718631497,,,,,,,,,,0.0,0,False,-4.133333333333328,-3.099999999999993,-1.0,-0.75,6.2692000064998865,159.5099851597019
run_1788625067,124,4.133333333333328,SIMULATION,SEARCHING,SEARCHING,Reset,False,898.9033480649716,1940.2717605611722,,,,,,,,,,0.0,0,False,-4.166666666666662,-3.124999999999993,-1.0,-0.75,5.244599989964627,190.67231093190478
run_1788625067,125,4.166666666666662,SIMULATION,SEARCHING,SEARCHING,Reset,False,900.0818593669492,1939.0932492591946,,,,,,,,,,0.0,0,False,-4.199999999999995,-3.149999999999993,-1.0,-0.75,6.216800000402145,160.85445887519515
run_1788625067,126,4.199999999999995,SIMULATION,SEARCHING,SEARCHING,Reset,False,901.2603706689267,1937.914737957217,,,,,,,,,,0.0,0,False,-4.233333333333328,-3.1749999999999927,-1.0,-0.75,6.187599996337667,161.61354977566143
run_1788625067,127,4.233333333333328,SIMULATION,SEARCHING,SEARCHING,Reset,False,902.4388819709043,1936.7362266552395,,,,,,,,,,0.0,0,False,-4.266666666666661,-3.1999999999999926,-1.0,-0.75,7.137900000088848,140.0972274741244
run_1788625067,128,4.266666666666661,SIMULATION,SEARCHING,SEARCHING,Reset,False,903.6173932728818,1935.557715353262,,,,,,,,,,0.0,0,False,-4.2999999999999945,-3.2249999999999925,-1.0,-0.75,5.14120000298135,194.5071188477605
run_1788625067,129,4.2999999999999945,SIMULATION,SEARCHING,SEARCHING,Reset,False,904.7959045748594,1934.3792040512844,,,,,,,,,,0.0,0,False,-4.333333333333328,-3.2499999999999925,-1.0,-0.75,6.537399996886961,152.96601102520714
run_1788625067,130,4.333333333333328,SIMULATION,SEARCHING,SEARCHING,Reset,False,905.9744158768369,1933.2006927493069,,,,,,,,,,0.0,0,False,-4.366666666666661,-3.2749999999999924,-1.0,-0.75,6.582799993338995,151.911041048168
run_1788625067,131,4.366666666666661,SIMULATION,SEARCHING,SEARCHING,Reset,False,907.1529271788145,1932.0221814473293,,,,,,,,,,0.0,0,False,-4.399999999999994,-3.2999999999999923,-1.0,-0.75,4.841800007852726,206.53475946510372
run_1788625067,132,4.399999999999994,SIMULATION,SEARCHING,SEARCHING,Reset,False,908.331438480792,1930.8436701453518,,,,,,,,,,0.0,0,False,-4.433333333333327,-3.324999999999992,-1.0,-0.75,5.244300002232194,190.6832178888237
run_1788625067,133,4.433333333333327,SIMULATION,SEARCHING,SEARCHING,Reset,False,909.5099497827696,1929.6651588433742,,,,,,,,,,0.0,0,False,-4.466666666666661,-3.349999999999992,-1.0,-0.75,4.684499988798052,213.46995461442614
run_1788625067,134,4.466666666666661,SIMULATION,SEARCHING,SEARCHING,Reset,False,910.6884610847471,1928.4866475413967,,,,,,,,,,0.0,0,False,-4.499999999999994,-3.374999999999992,-1.0,-0.75,5.96570000925567,167.62492221340648
run_1788625067,135,4.499999999999994,SIMULATION,SEARCHING,SEARCHING,Reset,False,911.8669723867247,1927.3081362394191,,,,,,,,,,0.0,0,False,-4.533333333333327,-3.399999999999992,-1.0,-0.75,4.5378000068012625,220.37110461042758
run_1788625067,136,4.533333333333327,SIMULATION,SEARCHING,SEARCHING,Reset,False,913.0454836887022,1926.1296249374416,,,,,,,,,,0.0,0,False,-4.56666666666666,-3.424999999999992,-1.0,-0.75,5.542500002775341,180.4239963011749
run_1788625067,137,4.56666666666666,SIMULATION,SEARCHING,SEARCHING,Reset,False,914.2239949906798,1924.951113635464,,,,,,,,,,0.0,0,False,-4.599999999999993,-3.4499999999999917,-1.0,-0.75,4.973100003553554,201.08182004895232
run_1788625067,138,4.599999999999993,SIMULATION,SEARCHING,SEARCHING,Reset,False,915.4025062926573,1923.7726023334865,,,,,,,,,,0.0,0,False,-4.633333333333327,-3.4749999999999917,-1.0,-0.75,5.069099992397241,197.27367806905056
run_1788625067,139,4.633333333333327,SIMULATION,SEARCHING,SEARCHING,Reset,False,916.5810175946349,1922.594091031509,,,,,,,,,,0.0,0,False,-4.66666666666666,-3.4999999999999916,-1.0,-0.75,5.704600000171922,175.29712862774997
run_1788625067,140,4.66666666666666,SIMULATION,SEARCHING,SEARCHING,Reset,False,917.7595288966124,1921.4155797295314,,,,,,,,,,0.0,0,False,-4.699999999999993,-3.5249999999999915,-1.0,-0.75,6.142699989140965,162.79486248193712
run_1788625067,141,4.699999999999993,SIMULATION,SEARCHING,SEARCHING,Reset,False,918.93804019859,1920.2370684275538,,,,,,,,,,0.0,0,False,-4.733333333333326,-3.5499999999999914,-1.0,-0.75,5.590399989159778,178.87807704977786
run_1788625067,142,4.733333333333326,SIMULATION,SEARCHING,SEARCHING,Reset,False,920.1165515005675,1919.0585571255763,,,,,,,,,,0.0,0,False,-4.7666666666666595,-3.5749999999999913,-1.0,-0.75,4.678099998272955,213.76199747101953
run_1788625067,143,4.7666666666666595,SIMULATION,SEARCHING,SEARCHING,Reset,False,921.2950628025451,1917.8800458235987,,,,,,,,,,0.0,0,False,-4.799999999999993,-3.599999999999991,-1.0,-0.75,4.94119999348186,202.37998893368842
run_1788625067,144,4.799999999999993,SIMULATION,SEARCHING,SEARCHING,Reset,False,922.4735741045226,1916.7015345216212,,,,,,,,,,0.0,0,False,-4.833333333333326,-3.624999999999991,-1.0,-0.75,5.7527000026311725,173.83141821103473
run_1788625067,145,4.833333333333326,SIMULATION,SEARCHING,SEARCHING,Reset,False,923.6520854065002,1915.5230232196436,,,,,,,,,,0.0,0,False,-4.866666666666659,-3.649999999999991,-1.0,-0.75,4.962899998645298,201.49509364947224
run_1788625067,146,4.866666666666659,SIMULATION,SEARCHING,SEARCHING,Reset,False,924.8305967084777,1914.344511917666,,,,,,,,,,0.0,0,False,-4.899999999999992,-3.674999999999991,-1.0,-0.75,6.183899997267872,161.71024764983474
run_1788625067,147,4.899999999999992,SIMULATION,SEARCHING,SEARCHING,Reset,False,926.0091080104553,1913.1660006156885,,,,,,,,,,0.0,0,False,-4.933333333333326,-3.699999999999991,-1.0,-0.75,4.610599993611686,216.8915111667833
run_1788625067,148,4.933333333333326,SIMULATION,SEARCHING,SEARCHING,Reset,False,927.1876193124328,1911.987489313711,,,,,,,,,,0.0,0,False,-4.966666666666659,-3.7249999999999908,-1.0,-0.75,4.991099995095283,200.35663500685072
run_1788625067,149,4.966666666666659,SIMULATION,SEARCHING,SEARCHING,Reset,False,928.3661306144104,1910.8089780117334,,,,,,,,,,0.0,0,False,-4.999999999999992,-3.7499999999999907,-1.0,-0.75,5.706299998564646,175.24490479847512
run_1788625067,150,4.999999999999992,SIMULATION,SEARCHING,SEARCHING,Reset,False,929.544641916388,1909.6304667097559,,,,,,,,,,0.0,0,False,-5.033333333333325,-3.7749999999999906,-1.0,-0.75,4.242299997713417,235.72118910473
run_1788625067,151,5.033333333333325,SIMULATION,SEARCHING,SEARCHING,Reset,False,930.7231532183655,1908.4519554077783,,,,,,,,,,0.0,0,False,-5.066666666666658,-3.7999999999999905,-1.0,-0.75,5.714200000511482,175.00262502371098
run_1788625067,152,5.066666666666658,SIMULATION,SEARCHING,SEARCHING,Reset,False,931.901664520343,1907.2734441058008,,,,,,,,,,0.0,0,False,-5.099999999999992,-3.8249999999999904,-1.0,-0.75,4.974900002707727,201.0090653994497
run_1788625067,153,5.099999999999992,SIMULATION,SEARCHING,SEARCHING,Reset,False,933.0801758223206,1906.0949328038232,,,,,,,,,,0.0,0,False,-5.133333333333325,-3.8499999999999903,-1.0,-0.75,6.059300008928403,165.03556492111233
run_1788625067,154,5.133333333333325,SIMULATION,SEARCHING,SEARCHING,Reset,False,934.2586871242981,1904.9164215018457,,,,,,,,,,0.0,0,False,-5.166666666666658,-3.8749999999999902,-1.0,-0.75,6.698599987430498,149.28492548837625
run_1788625067,155,5.166666666666658,SIMULATION,SEARCHING,SEARCHING,Reset,False,935.4371984262757,1903.737910199868,,,,,,,,,,0.0,0,False,-5.199999999999991,-3.89999999999999,-1.0,-0.75,5.6062999938149005,178.3707616615666
run_1788625067,156,5.199999999999991,SIMULATION,SEARCHING,SEARCHING,Reset,False,936.6157097282533,1902.5593988978906,,,,,,,,,,0.0,0,False,-5.2333333333333245,-3.92499999999999,-1.0,-0.75,5.221599989454262,191.51218056144424
run_1788625067,157,5.2333333333333245,SIMULATION,SEARCHING,SEARCHING,Reset,False,937.7942210302308,1901.380887595913,,,,,,,,,,0.0,0,False,-5.266666666666658,-3.94999999999999,-1.0,-0.75,5.774299992481247,173.18116504201487
run_1788625067,158,5.266666666666658,SIMULATION,SEARCHING,SEARCHING,Reset,False,938.9727323322084,1900.2023762939355,,,,,,,,,,0.0,0,False,-5.299999999999991,-3.97499999999999,-1.0,-0.75,5.642799995257519,177.21698462473384
run_1788625067,159,5.299999999999991,SIMULATION,SEARCHING,SEARCHING,Reset,False,940.1512436341859,1899.023864991958,,,,,,,,,,0.0,0,False,-5.333333333333324,-3.99999999999999,-1.0,-0.75,6.9411000004038215,144.0693838068637
run_1788625067,160,5.333333333333324,SIMULATION,SEARCHING,SEARCHING,Reset,False,941.3297549361635,1897.8453536899804,,,,,,,,,,0.0,0,False,-5.366666666666657,-4.02499999999999,-1.0,-0.75,5.836399999679998,171.33849634275046
run_1788625067,161,5.366666666666657,SIMULATION,SEARCHING,SEARCHING,Reset,False,942.508266238141,1896.6668423880028,,,,,,,,,,0.0,0,False,-5.399999999999991,-4.04999999999999,-1.0,-0.75,4.650499991839752,215.030642243781
run_1788625067,162,5.399999999999991,SIMULATION,SEARCHING,SEARCHING,Reset,False,943.6867775401186,1895.4883310860253,,,,,,,,,,0.0,0,False,-5.433333333333324,-4.07499999999999,-1.0,-0.75,5.833299990626983,171.42955130146092
run_1788625067,163,5.433333333333324,SIMULATION,SEARCHING,SEARCHING,Reset,False,944.8652888420961,1894.3098197840477,,,,,,,,,,0.0,0,False,-5.466666666666657,-4.099999999999991,-1.0,-0.75,4.857699997955933,205.85873981941845
run_1788625067,164,5.466666666666657,SIMULATION,SEARCHING,SEARCHING,Reset,False,946.0438001440737,1893.1313084820702,,,,,,,,,,0.0,0,False,-5.49999999999999,-4.124999999999991,-1.0,-0.75,5.179599989787675,193.06510193289895
run_1788625067,165,5.49999999999999,SIMULATION,SEARCHING,SEARCHING,Reset,False,947.2223114460512,1891.9527971800926,,,,,,,,,,0.0,0,False,-5.5333333333333234,-4.1499999999999915,-1.0,-0.75,4.491999992751516,222.61798789261863
run_1788625067,166,5.5333333333333234,SIMULATION,SEARCHING,SEARCHING,Reset,False,948.4008227480288,1890.774285878115,,,,,,,,,,0.0,0,False,-5.566666666666657,-4.174999999999992,-1.0,-0.75,5.005500002880581,199.78024161912234
run_1788625067,167,5.566666666666657,SIMULATION,SEARCHING,SEARCHING,Reset,False,949.5793340500063,1889.5957745761375,,,,,,,,,,0.0,0,False,-5.59999999999999,-4.199999999999992,-1.0,-0.75,5.443900008685887,183.69183827852706
run_1788625067,168,5.59999999999999,SIMULATION,SEARCHING,SEARCHING,Reset,False,950.7578453519839,1888.41726327416,,,,,,,,,,0.0,0,False,-5.633333333333323,-4.2249999999999925,-1.0,-0.75,4.613299999618903,216.76457201625917
run_1788625067,169,5.633333333333323,SIMULATION,SEARCHING,SEARCHING,Reset,False,951.9363566539614,1887.2387519721824,,,,,,,,,,0.0,0,False,-5.666666666666656,-4.249999999999993,-1.0,-0.75,5.268399996566586,189.8109484191974
run_1788625067,170,5.666666666666656,SIMULATION,SEARCHING,SEARCHING,Reset,False,953.114867955939,1886.0602406702048,,,,,,,,,,0.0,0,False,-5.6999999999999895,-4.274999999999993,-1.0,-0.75,4.512699990300462,221.5968272097385
run_1788625067,171,5.6999999999999895,SIMULATION,SEARCHING,SEARCHING,Reset,False,954.2933792579165,1884.8817293682273,,,,,,,,,,0.0,0,False,-5.733333333333323,-4.299999999999994,-1.0,-0.75,8.462600002530962,118.16699356000801
run_1788625067,172,5.733333333333323,SIMULATION,SEARCHING,SEARCHING,Reset,False,955.4718905598941,1883.7032180662497,,,,,,,,,,0.0,0,False,-5.766666666666656,-4.324999999999994,-1.0,-0.75,4.462199998670258,224.10470178342555
run_1788625067,173,5.766666666666656,SIMULATION,SEARCHING,SEARCHING,Reset,False,956.6504018618716,1882.5247067642722,,,,,,,,,,0.0,0,False,-5.799999999999989,-4.349999999999994,-1.0,-0.75,4.6535000001313165,214.8920167555133
run_1788625067,174,5.799999999999989,SIMULATION,SEARCHING,SEARCHING,Reset,False,957.8289131638492,1881.3461954622946,,,,,,,,,,0.0,0,False,-5.833333333333322,-4.374999999999995,-1.0,-0.75,5.579399992711842,179.23074189093128
run_1788625067,175,5.833333333333322,SIMULATION,SEARCHING,SEARCHING,Reset,False,959.0074244658267,1880.167684160317,,,,,,,,,,0.0,0,False,-5.866666666666656,-4.399999999999995,-1.0,-0.75,4.971599992131814,201.14248965778148
run_1788625067,176,5.866666666666656,SIMULATION,SEARCHING,SEARCHING,Reset,False,960.1859357678043,1878.9891728583395,,,,,,,,,,0.0,0,False,-5.899999999999989,-4.424999999999995,-1.0,-0.75,6.6796000028261915,149.7095633835697
run_1788625067,177,5.899999999999989,SIMULATION,SEARCHING,SEARCHING,Reset,False,961.3644470697818,1877.810661556362,,,,,,,,,,0.0,0,False,-5.933333333333322,-4.449999999999996,-1.0,-0.75,5.159199994523078,193.82850074848494
run_1788625067,178,5.933333333333322,SIMULATION,SEARCHING,SEARCHING,Reset,False,962.5429583717594,1876.6321502543844,,,,,,,,,,0.0,0,False,-5.966666666666655,-4.474999999999996,-1.0,-0.75,5.681499998900108,176.00985658604097
run_1788625067,179,5.966666666666655,SIMULATION,SEARCHING,SEARCHING,Reset,False,963.7214696737369,1875.453638952407,,,,,,,,,,0.0,0,False,-5.9999999999999885,-4.4999999999999964,-1.0,-0.75,5.246899992926046,190.58872883954638
run_1788625067,180,5.9999999999999885,SIMULATION,SEARCHING,SEARCHING,Reset,False,964.8999809757145,1874.2751276504293,,,,,,,,,,0.0,0,False,-6.033333333333322,-4.524999999999997,-1.0,-0.75,4.97969999560155,200.8153103366219
run_1788625067,181,6.033333333333322,SIMULATION,SEARCHING,SEARCHING,Reset,False,966.078492277692,1873.0966163484518,,,,,,,,,,0.0,0,False,-6.066666666666655,-4.549999999999997,-1.0,-0.75,5.166000002645887,193.5733642059285
run_1788625067,182,6.066666666666655,SIMULATION,SEARCHING,SEARCHING,Reset,False,967.2570035796696,1871.9181050464742,,,,,,,,,,0.0,0,False,-6.099999999999988,-4.5749999999999975,-1.0,-0.75,4.534300009254366,220.54120767462032
run_1788625067,183,6.099999999999988,SIMULATION,SEARCHING,SEARCHING,Reset,False,968.4355148816471,1870.7395937444967,,,,,,,,,,0.0,0,False,-6.133333333333321,-4.599999999999998,-1.0,-0.75,5.46570000005886,182.9591818045687
run_1788625067,184,6.133333333333321,SIMULATION,SEARCHING,SEARCHING,Reset,False,969.6140261836247,1869.5610824425191,,,,,,,,,,0.0,0,False,-6.1666666666666545,-4.624999999999998,-1.0,-0.75,5.713400008971803,175.0271289301801
run_1788625067,185,6.1666666666666545,SIMULATION,SEARCHING,SEARCHING,Reset,False,970.7925374856022,1868.3825711405416,,,,,,,,,,0.0,0,False,-6.199999999999988,-4.649999999999999,-1.0,-0.75,6.849199999123812,146.00245285988518
run_1788625067,186,6.199999999999988,SIMULATION,SEARCHING,SEARCHING,Reset,False,971.9710487875798,1867.204059838564,,,,,,,,,,0.0,0,False,-6.233333333333321,-4.674999999999999,-1.0,-0.75,5.0325000047450885,198.70839524234697
run_1788625067,187,6.233333333333321,SIMULATION,SEARCHING,SEARCHING,Reset,False,973.1495600895573,1866.0255485365865,,,,,,,,,,0.0,0,False,-6.266666666666654,-4.699999999999999,-1.0,-0.75,5.978799992590211,167.25764388160565
run_1788625067,188,6.266666666666654,SIMULATION,SEARCHING,SEARCHING,Reset,False,974.3280713915349,1864.847037234609,,,,,,,,,,0.0,0,False,-6.299999999999987,-4.725,-1.0,-0.75,6.08490000013262,164.34123814330638
run_1788625067,189,6.299999999999987,SIMULATION,SEARCHING,SEARCHING,Reset,False,975.5065826935124,1863.6685259326314,,,,,,,,,,0.0,0,False,-6.333333333333321,-4.75,-1.0,-0.75,7.898600000771694,126.60471474720836
run_1788625067,190,6.333333333333321,SIMULATION,SEARCHING,SEARCHING,Reset,False,976.68509399549,1862.4900146306538,,,,,,,,,,0.0,0,False,-6.366666666666654,-4.775,-1.0,-0.75,5.046199992648326,198.16891947542177
run_1788625067,191,6.366666666666654,SIMULATION,SEARCHING,SEARCHING,Reset,False,977.8636052974675,1861.3115033286763,,,,,,,,,,0.0,0,False,-6.399999999999987,-4.800000000000001,-1.0,-0.75,5.7822000089799985,172.94455370740516
run_1788625067,192,6.399999999999987,SIMULATION,SEARCHING,SEARCHING,Reset,False,979.0421165994451,1860.1329920266987,,,,,,,,,,0.0,0,False,-6.43333333333332,-4.825000000000001,-1.0,-0.75,5.376700006308965,185.98768739684382
run_1788625067,193,6.43333333333332,SIMULATION,SEARCHING,SEARCHING,Reset,False,980.2206279014226,1858.9544807247212,,,,,,,,,,0.0,0,False,-6.4666666666666535,-4.850000000000001,-1.0,-0.75,5.209799986914732,191.94594850314107
run_1788625067,194,6.4666666666666535,SIMULATION,SEARCHING,SEARCHING,Reset,False,981.3991392034002,1857.7759694227436,,,,,,,,,,0.0,0,False,-6.499999999999987,-4.875000000000002,-1.0,-0.75,6.757000010111369,147.9946719703376
run_1788625067,195,6.499999999999987,SIMULATION,SEARCHING,SEARCHING,Reset,False,982.5776505053777,1856.597458120766,,,,,,,,,,0.0,0,False,-6.53333333333332,-4.900000000000002,-1.0,-0.75,5.513600000995211,181.3697039719056
run_1788625067,196,6.53333333333332,SIMULATION,SEARCHING,SEARCHING,Reset,False,983.7561618073553,1855.4189468187885,,,,,,,,,,0.0,0,False,-6.566666666666653,-4.9250000000000025,-1.0,-0.75,5.541899998206645,180.44353025561617
run_1788625067,197,6.566666666666653,SIMULATION,SEARCHING,SEARCHING,Reset,False,984.9346731093328,1854.240435516811,,,,,,,,,,0.0,0,False,-6.599999999999986,-4.950000000000003,-1.0,-0.75,5.071399995358661,197.1842096689669
run_1788625067,198,6.599999999999986,SIMULATION,SEARCHING,SEARCHING,Reset,False,986.1131844113104,1853.0619242148334,,,,,,,,,,0.0,0,False,-6.6333333333333195,-4.975000000000003,-1.0,-0.75,5.712500002118759,175.05470453025842
run_1788625067,199,6.6333333333333195,SIMULATION,SEARCHING,SEARCHING,Reset,False,987.2916957132879,1851.8834129128559,,,,,,,,,,0.0,0,False,-6.666666666666653,-5.0000000000000036,-1.0,-0.75,7.043699995847419,141.97083927332872
run_1788625067,200,6.666666666666653,SIMULATION,SEARCHING,SEARCHING,Reset,False,988.4702070152655,1850.7049016108783,,,,,,,,,,0.0,0,False,-6.699999999999986,-5.025000000000004,-1.0,-0.75,6.614300000364892,151.18757842021571
run_1788625067,201,6.699999999999986,SIMULATION,SEARCHING,SEARCHING,Reset,False,989.648718317243,1849.5263903089008,,,,,,,,,,0.0,0,False,-6.733333333333319,-5.050000000000004,-1.0,-0.75,7.155499988584779,139.75263805398745
run_1788625067,202,6.733333333333319,SIMULATION,SEARCHING,SEARCHING,Reset,False,990.8272296192206,1848.3478790069232,,,,,,,,,,0.0,0,False,-6.766666666666652,-5.075000000000005,-1.0,-0.75,7.798099992214702,128.23636539648868
run_1788625067,203,6.766666666666652,SIMULATION,SEARCHING,SEARCHING,Reset,False,992.0057409211981,1847.1693677049457,,,,,,,,,,0.0,0,False,-6.799999999999986,-5.100000000000005,-1.0,-0.75,6.277399996179156,159.3016217874704
run_1788625067,204,6.799999999999986,SIMULATION,SEARCHING,SEARCHING,Reset,False,993.1842522231757,1845.9908564029681,,,,,,,,,,0.0,0,False,-6.833333333333319,-5.125000000000005,-1.0,-0.75,6.120200006989762,163.39335297178513
run_1788625067,205,6.833333333333319,SIMULATION,SEARCHING,SEARCHING,Reset,False,994.3627635251532,1844.8123451009906,,,,,,,,,,0.0,0,False,-6.866666666666652,-5.150000000000006,-1.0,-0.75,5.343500000890344,187.14325813294246
run_1788625067,206,6.866666666666652,SIMULATION,SEARCHING,SEARCHING,Reset,False,995.5412748271308,1843.633833799013,,,,,,,,,,0.0,0,False,-6.899999999999985,-5.175000000000006,-1.0,-0.75,6.367399997543544,157.0499733620923
run_1788625067,207,6.899999999999985,SIMULATION,SEARCHING,SEARCHING,Reset,False,996.7197861291083,1842.4553224970355,,,,,,,,,,0.0,0,False,-6.9333333333333185,-5.200000000000006,-1.0,-0.75,5.953399988356978,167.97124365164325
run_1788625067,208,6.9333333333333185,SIMULATION,SEARCHING,SEARCHING,Reset,False,997.8982974310859,1841.276811195058,,,,,,,,,,0.0,0,False,-6.966666666666652,-5.225000000000007,-1.0,-0.75,12.034899991704151,83.09167510235365
run_1788625067,209,6.966666666666652,SIMULATION,SEARCHING,SEARCHING,Reset,False,999.0768087330634,1840.0982998930804,,,,,,,,,,0.0,0,False,-6.999999999999985,-5.250000000000007,-1.0,-0.75,9.742900001583621,102.63884468048107
run_1788625067,210,6.999999999999985,SIMULATION,SEARCHING,SEARCHING,Reset,False,1000.255320035041,1838.9197885911028,,,,,,,,,,0.0,0,False,-7.033333333333318,-5.2750000000000075,-1.0,-0.75,8.449700006167404,118.34739686262279
run_1788625067,211,7.033333333333318,SIMULATION,SEARCHING,SEARCHING,Reset,False,1001.4338313370185,1837.7412772891253,,,,,,,,,,0.0,0,False,-7.066666666666651,-5.300000000000008,-1.0,-0.75,7.206099995528348,138.77131882995477
run_1788625067,212,7.066666666666651,SIMULATION,SEARCHING,SEARCHING,Reset,False,1002.6123426389961,1836.5627659871477,,,,,,,,,,0.0,0,False,-7.0999999999999845,-5.325000000000008,-1.0,-0.75,5.700200010323897,175.43244064924977
run_1788625067,213,7.0999999999999845,SIMULATION,SEARCHING,SEARCHING,Reset,False,1003.7908539409736,1835.3842546851702,,,,,,,,,,0.0,0,False,-7.133333333333318,-5.3500000000000085,-1.0,-0.75,8.237600006395951,121.39458085165172
run_1788625067,214,7.133333333333318,SIMULATION,SEARCHING,SEARCHING,Reset,False,1004.9693652429512,1834.2057433831926,,,,,,,,,,0.0,0,False,-7.166666666666651,-5.375000000000009,-1.0,-0.75,5.949399987002835,168.08417692281876
run_1788625067,215,7.166666666666651,SIMULATION,SEARCHING,SEARCHING,Reset,False,1006.1478765449287,1833.027232081215,,,,,,,,,,0.0,0,False,-7.199999999999984,-5.400000000000009,-1.0,-0.75,8.972900002845563,111.44668944074618
run_1788625067,216,7.199999999999984,SIMULATION,SEARCHING,SEARCHING,Reset,False,1007.3263878469063,1831.8487207792375,,,,,,,,,,0.0,0,False,-7.233333333333317,-5.42500000000001,-1.0,-0.75,8.578599998145364,116.56913718044824
run_1788625067,217,7.233333333333317,SIMULATION,SEARCHING,SEARCHING,Reset,False,1008.5048991488839,1830.67020947726,,,,,,,,,,0.0,0,False,-7.266666666666651,-5.45000000000001,-1.0,-0.75,5.950499995378777,168.05310491162268
run_1788625067,218,7.266666666666651,SIMULATION,SEARCHING,SEARCHING,Reset,False,1009.6834104508614,1829.4916981752824,,,,,,,,,,0.0,0,False,-7.299999999999984,-5.47500000000001,-1.0,-0.75,6.1006999894743785,163.91561652356512
run_1788625067,219,7.299999999999984,SIMULATION,SEARCHING,SEARCHING,Reset,False,1010.861921752839,1828.3131868733049,,,,,,,,,,0.0,0,False,-7.333333333333317,-5.500000000000011,-1.0,-0.75,6.516900000860915,153.44719112889487
run_1788625067,220,7.333333333333317,SIMULATION,SEARCHING,SEARCHING,Reset,False,1012.0404330548165,1827.1346755713273,,,,,,,,,,0.0,0,False,-7.36666666666665,-5.525000000000011,-1.0,-0.75,7.954000000609085,125.72290670397587
run_1788625067,221,7.36666666666665,SIMULATION,SEARCHING,SEARCHING,Reset,False,1013.218944356794,1825.9561642693498,,,,,,,,,,0.0,0,False,-7.3999999999999835,-5.550000000000011,-1.0,-0.75,8.97469998744782,111.424337459594
run_1788625067,222,7.3999999999999835,SIMULATION,SEARCHING,SEARCHING,Reset,False,1014.3974556587716,1824.7776529673722,,,,,,,,,,0.0,0,False,-7.433333333333317,-5.575000000000012,-1.0,-0.75,7.552999988547526,132.39772295992074
run_1788625067,223,7.433333333333317,SIMULATION,SEARCHING,SEARCHING,Reset,False,1015.5759669607492,1823.5991416653947,,,,,,,,,,0.0,0,False,-7.46666666666665,-5.600000000000012,-1.0,-0.75,6.636199992499314,150.68864728764476
run_1788625067,224,7.46666666666665,SIMULATION,SEARCHING,SEARCHING,Reset,False,1016.7544782627267,1822.420630363417,,,,,,,,,,0.0,0,False,-7.499999999999983,-5.625000000000012,-1.0,-0.75,5.530499998712912,180.81547784698046
run_1788625067,225,7.499999999999983,SIMULATION,SEARCHING,SEARCHING,Reset,False,1017.9329895647043,1821.2421190614396,,,,,,,,,,0.0,0,False,-7.533333333333316,-5.650000000000013,-1.0,-0.75,7.227499998407438,138.360428947817
run_1788625067,226,7.533333333333316,SIMULATION,SEARCHING,SEARCHING,Reset,False,1019.1115008666818,1820.063607759462,,,,,,,,,,0.0,0,False,-7.5666666666666496,-5.675000000000013,-1.0,-0.75,7.20569999248255,138.77902230779304
run_1788625067,227,7.5666666666666496,SIMULATION,SEARCHING,SEARCHING,Reset,False,1020.2900121686594,1818.8850964574845,,,,,,,,,,0.0,0,False,-7.599999999999983,-5.7000000000000135,-1.0,-0.75,4.4360000028973445,225.42831364897577
run_1788625067,228,7.599999999999983,SIMULATION,SEARCHING,SEARCHING,Reset,False,1021.4685234706369,1817.706585155507,,,,,,,,,,0.0,0,False,-7.633333333333316,-5.725000000000014,-1.0,-0.75,4.411799993249588,226.6648536946555
run_1788625067,229,7.633333333333316,SIMULATION,SEARCHING,SEARCHING,Reset,False,1022.6470347726145,1816.5280738535293,,,,,,,,,,0.0,0,False,-7.666666666666649,-5.750000000000014,-1.0,-0.75,8.161899997503497,122.5204915896878
run_1788625067,230,7.666666666666649,SIMULATION,SEARCHING,SEARCHING,Reset,False,1023.825546074592,1815.3495625515518,,,,,,,,,,0.0,0,False,-7.699999999999982,-5.775000000000015,-1.0,-0.75,6.97839999338612,143.2993237630065
run_1788625067,231,7.699999999999982,SIMULATION,SEARCHING,SEARCHING,Reset,False,1025.0040573765696,1814.1710512495742,,,,,,,,,,0.0,0,False,-7.733333333333316,-5.800000000000015,-1.0,-0.75,5.525500004296191,180.97909677359138
run_1788625067,232,7.733333333333316,SIMULATION,SEARCHING,SEARCHING,Reset,False,1026.182568678547,1812.9925399475967,,,,,,,,,,0.0,0,False,-7.766666666666649,-5.825000000000015,-1.0,-0.75,6.972100003622472,143.4288090360771
run_1788625067,233,7.766666666666649,SIMULATION,SEARCHING,SEARCHING,Reset,False,1027.3610799805247,1811.8140286456191,,,,,,,,,,0.0,0,False,-7.799999999999982,-5.850000000000016,-1.0,-0.75,9.021000005304813,110.85245531669975
run_1788625067,234,7.799999999999982,SIMULATION,SEARCHING,SEARCHING,Reset,False,1028.5395912825022,1810.6355173436416,,,,,,,,,,0.0,0,False,-7.833333333333315,-5.875000000000016,-1.0,-0.75,6.610999989788979,151.26304667138862
run_1788625067,235,7.833333333333315,SIMULATION,SEARCHING,SEARCHING,Reset,False,1029.7181025844798,1809.457006041664,,,,,,,,,,0.0,0,False,-7.8666666666666485,-5.900000000000016,-1.0,-0.75,6.216699999640696,160.85704635221205
run_1788625067,236,7.8666666666666485,SIMULATION,SEARCHING,SEARCHING,Reset,False,1030.8966138864573,1808.2784947396865,,,,,,,,,,0.0,0,False,-7.899999999999982,-5.925000000000017,-1.0,-0.75,5.609100000583567,178.28172075662062
run_1788625067,237,7.899999999999982,SIMULATION,SEARCHING,SEARCHING,Reset,False,1032.0751251884349,1807.099983437709,,,,,,,,,,0.0,0,False,-7.933333333333315,-5.950000000000017,-1.0,-0.75,7.315900002140552,136.68858236271834
run_1788625067,238,7.933333333333315,SIMULATION,SEARCHING,SEARCHING,Reset,False,1033.2536364904124,1805.9214721357314,,,,,,,,,,0.0,0,False,-7.966666666666648,-5.975000000000017,-1.0,-0.75,5.522399995243177,181.08068971124308
run_1788625067,239,7.966666666666648,SIMULATION,SEARCHING,SEARCHING,Reset,False,1034.43214779239,1804.7429608337538,,,,,,,,,,0.0,0,False,-7.999999999999981,-6.000000000000018,-1.0,-0.75,4.85589999880176,205.93504813665015
run_1788625067,240,7.999999999999981,SIMULATION,SEARCHING,SEARCHING,Reset,False,1035.6106590943675,1803.5644495317763,,,,,,,,,,0.0,0,False,-8.033333333333315,-6.025000000000018,-1.0,-0.75,5.8431000070413575,171.14203056509862
run_1788625067,241,8.033333333333315,SIMULATION,SEARCHING,SEARCHING,Reset,False,1036.789170396345,1802.3859382297987,,,,,,,,,,0.0,0,False,-8.066666666666649,-6.0500000000000185,-1.0,-0.75,6.376499994075857,156.82584504493983
run_1788625067,242,8.066666666666649,SIMULATION,SEARCHING,SEARCHING,Reset,False,1037.9676816983226,1801.2074269278212,,,,,,,,,,0.0,0,False,-8.099999999999982,-6.075000000000019,-1.0,-0.75,9.389300001203083,106.50421222794742
run_1788625067,243,8.099999999999982,SIMULATION,SEARCHING,SEARCHING,Reset,False,1039.1461930003002,1800.0289156258436,,,,,,,,,,0.0,0,False,-8.133333333333315,-6.100000000000019,-1.0,-0.75,8.8392999896314,113.13113042582687
run_1788625067,244,8.133333333333315,SIMULATION,SEARCHING,SEARCHING,Reset,False,1040.3247043022777,1798.850404323866,,,,,,,,,,0.0,0,False,-8.166666666666648,-6.1250000000000195,-1.0,-0.75,5.5548999953316525,180.02124265790593
run_1788625067,245,8.166666666666648,SIMULATION,SEARCHING,SEARCHING,Reset,False,1041.5032156042553,1797.6718930218885,,,,,,,,,,0.0,0,False,-8.199999999999982,-6.15000000000002,-1.0,-0.75,7.108800011337735,140.67071775899063
run_1788625067,246,8.199999999999982,SIMULATION,SEARCHING,SEARCHING,Reset,False,1042.6817269062328,1796.493381719911,,,,,,,,,,0.0,0,False,-8.233333333333315,-6.17500000000002,-1.0,-0.75,6.227700010640547,160.57292391917022
run_1788625067,247,8.233333333333315,SIMULATION,SEARCHING,SEARCHING,Reset,False,1043.8602382082104,1795.3148704179334,,,,,,,,,,0.0,0,False,-8.266666666666648,-6.200000000000021,-1.0,-0.75,6.379200000083074,156.7594682698422
run_1788625067,248,8.266666666666648,SIMULATION,SEARCHING,SEARCHING,Reset,False,1045.038749510188,1794.1363591159559,,,,,,,,,,0.0,0,False,-8.299999999999981,-6.225000000000021,-1.0,-0.75,5.042299992055632,198.32219454922247
run_1788625067,249,8.299999999999981,SIMULATION,SEARCHING,SEARCHING,Reset,False,1046.2172608121655,1792.9578478139783,,,,,,,,,,0.0,0,False,-8.333333333333314,-6.250000000000021,-1.0,-0.75,4.769599996507168,209.6611876745034
run_1788625067,250,8.333333333333314,SIMULATION,SEARCHING,SEARCHING,Reset,False,1047.395772114143,1791.7793365120008,,,,,,,,,,0.0,0,False,-8.366666666666648,-6.275000000000022,-1.0,-0.75,5.071399995358661,197.1842096689669
run_1788625067,251,8.366666666666648,SIMULATION,SEARCHING,SEARCHING,Reset,False,1048.5742834161206,1790.6008252100232,,,,,,,,,,0.0,0,False,-8.39999999999998,-6.300000000000022,-1.0,-0.75,4.585100003168918,218.0977512614482
run_1788625067,252,8.39999999999998,SIMULATION,SEARCHING,SEARCHING,Reset,False,1049.7527947180981,1789.4223139080457,,,,,,,,,,0.0,0,False,-8.433333333333314,-6.325000000000022,-1.0,-0.75,6.067299997084774,164.8179586439572
run_1788625067,253,8.433333333333314,SIMULATION,SEARCHING,SEARCHING,Reset,False,1050.9313060200757,1788.2438026060681,,,,,,,,,,0.0,0,False,-8.466666666666647,-6.350000000000023,-1.0,-0.75,4.363399988505989,229.17908113722942
run_1788625067,254,8.466666666666647,SIMULATION,SEARCHING,SEARCHING,Reset,False,1052.1098173220532,1787.0652913040906,,,,,,,,,,0.0,0,False,-8.49999999999998,-6.375000000000023,-1.0,-0.75,4.564499991829507,219.08204661847043
run_1788625067,255,8.49999999999998,SIMULATION,SEARCHING,SEARCHING,Reset,False,1053.2883286240308,1785.886780002113,,,,,,,,,,0.0,0,False,-8.533333333333314,-6.4000000000000234,-1.0,-0.75,5.258699995465577,190.16106658723083
run_1788625067,256,8.533333333333314,SIMULATION,SEARCHING,SEARCHING,Reset,False,1054.4668399260083,1784.7082687001355,,,,,,,,,,0.0,0,False,-8.566666666666647,-6.425000000000024,-1.0,-0.75,4.356500008725561,229.54206312340565
run_1788625067,257,8.566666666666647,SIMULATION,SEARCHING,SEARCHING,Reset,False,1055.6453512279859,1783.529757398158,,,,,,,,,,0.0,0,False,-8.59999999999998,-6.450000000000024,-1.0,-0.75,5.830299996887334,171.51776075568625
run_1788625067,258,8.59999999999998,SIMULATION,SEARCHING,SEARCHING,Reset,False,1056.8238625299634,1782.3512460961804,,,,,,,,,,0.0,0,False,-8.633333333333313,-6.4750000000000245,-1.0,-0.75,4.687299995566718,213.3424361457144
run_1788625067,259,8.633333333333313,SIMULATION,SEARCHING,SEARCHING,Reset,False,1058.002373831941,1781.1727347942028,,,,,,,,,,0.0,0,False,-8.666666666666647,-6.500000000000025,-1.0,-0.75,5.861099998583086,170.61643722880498
run_1788625067,260,8.666666666666647,SIMULATION,SEARCHING,SEARCHING,Reset,False,1059.1808851339185,1779.9942234922253,,,,,,,,,,0.0,0,False,-8.69999999999998,-6.525000000000025,-1.0,-0.75,4.5919999975012615,217.77003496170522
run_1788625067,261,8.69999999999998,SIMULATION,SEARCHING,SEARCHING,Reset,False,1060.359396435896,1778.8157121902477,,,,,,,,,,0.0,0,False,-8.733333333333313,-6.550000000000026,-1.0,-0.75,4.293699996196665,232.89936439103673
run_1788625067,262,8.733333333333313,SIMULATION,SEARCHING,SEARCHING,Reset,False,1061.5379077378736,1777.6372008882702,,,,,,,,,,0.0,0,False,-8.766666666666646,-6.575000000000026,-1.0,-0.75,6.386799999745563,156.57293167781017
run_1788625067,263,8.766666666666646,SIMULATION,SEARCHING,SEARCHING,Reset,False,1062.7164190398512,1776.4586895862926,,,,,,,,,,0.0,0,False,-8.79999999999998,-6.600000000000026,-1.0,-0.75,4.742399993119761,210.86369801172245
run_1788625067,264,8.79999999999998,SIMULATION,SEARCHING,SEARCHING,Reset,False,1063.8949303418287,1775.280178284315,,,,,,,,,,0.0,0,False,-8.833333333333313,-6.625000000000027,-1.0,-0.75,7.480200001737103,133.68626504208086
run_1788625067,265,8.833333333333313,SIMULATION,SEARCHING,SEARCHING,Reset,False,1065.0734416438063,1774.1016669823375,,,,,,,,,,0.0,0,False,-8.866666666666646,-6.650000000000027,-1.0,-0.75,4.797200002940372,208.45493191592283
run_1788625067,266,8.866666666666646,SIMULATION,SEARCHING,SEARCHING,Reset,False,1066.2519529457838,1772.92315568036,,,,,,,,,,0.0,0,False,-8.899999999999979,-6.675000000000027,-1.0,-0.75,6.103599997004494,163.83773518755766
run_1788625067,267,8.899999999999979,SIMULATION,SEARCHING,SEARCHING,Reset,False,1067.4304642477614,1771.7446443783824,,,,,,,,,,0.0,0,False,-8.933333333333312,-6.700000000000028,-1.0,-0.75,4.489200000534765,222.7568386084107
run_1788625067,268,8.933333333333312,SIMULATION,SEARCHING,SEARCHING,Reset,False,1068.608975549739,1770.5661330764049,,,,,,,,,,0.0,0,False,-8.966666666666645,-6.725000000000028,-1.0,-0.75,5.671999999321997,176.3046544639519
run_1788625067,269,8.966666666666645,SIMULATION,SEARCHING,SEARCHING,Reset,False,1069.7874868517165,1769.3876217744273,,,,,,,,,,0.0,0,False,-8.999999999999979,-6.750000000000028,-1.0,-0.75,6.634400007897057,150.72953075028343
run_1788625067,270,8.999999999999979,SIMULATION,SEARCHING,SEARCHING,Reset,False,1070.965998153694,1768.2091104724498,,,,,,,,,,0.0,0,False,-9.033333333333312,-6.775000000000029,-1.0,-0.75,5.032000000937842,198.72813986757242
run_1788625067,271,9.033333333333312,SIMULATION,SEARCHING,SEARCHING,Reset,False,1072.1445094556716,1767.0305991704722,,,,,,,,,,0.0,0,False,-9.066666666666645,-6.800000000000029,-1.0,-0.75,5.8686999982455745,170.39548797841877
run_1788625067,272,9.066666666666645,SIMULATION,SEARCHING,SEARCHING,Reset,False,1073.3230207576491,1765.8520878684947,,,,,,,,,,0.0,0,False,-9.099999999999978,-6.8250000000000295,-1.0,-0.75,7.841800004825927,127.5217423786107
run_1788625067,273,9.099999999999978,SIMULATION,SEARCHING,SEARCHING,Reset,False,1074.5015320596267,1764.673576566517,,,,,,,,,,0.0,0,False,-9.133333333333312,-6.85000000000003,-1.0,-0.75,7.7492999989772215,129.04391366084462
run_1788625067,274,9.133333333333312,SIMULATION,SEARCHING,SEARCHING,Reset,False,1075.6800433616042,1763.4950652645396,,,,,,,,,,0.0,0,False,-9.166666666666645,-6.87500000000003,-1.0,-0.75,8.88880000275094,112.50112497643282
run_1788625067,275,9.166666666666645,SIMULATION,SEARCHING,SEARCHING,Reset,False,1076.8585546635818,1762.316553962562,,,,,,,,,,0.0,0,False,-9.199999999999978,-6.9000000000000306,-1.0,-0.75,6.039899992174469,165.5656552750276
run_1788625067,276,9.199999999999978,SIMULATION,SEARCHING,SEARCHING,Reset,False,1078.0370659655593,1761.1380426605845,,,,,,,,,,0.0,0,False,-9.233333333333311,-6.925000000000031,-1.0,-0.75,7.591999994474463,131.71759756688758
run_1788625067,277,9.233333333333311,SIMULATION,SEARCHING,SEARCHING,Reset,False,1079.215577267537,1759.959531358607,,,,,,,,,,0.0,0,False,-9.266666666666644,-6.950000000000031,-1.0,-0.75,7.682199997361749,130.171044797509
run_1788625067,278,9.266666666666644,SIMULATION,SEARCHING,SEARCHING,Reset,False,1080.3940885695145,1758.7810200566294,,,,,,,,,,0.0,0,False,-9.299999999999978,-6.975000000000032,-1.0,-0.75,6.447800013120286,155.09165885498203
run_1788625067,279,9.299999999999978,SIMULATION,SEARCHING,SEARCHING,Reset,False,1081.572599871492,1757.6025087546518,,,,,,,,,,0.0,0,False,-9.33333333333331,-7.000000000000032,-1.0,-0.75,6.07760000275448,164.53863359661406
run_1788625067,280,9.33333333333331,SIMULATION,SEARCHING,SEARCHING,Reset,False,1082.7511111734696,1756.4239974526743,,,,,,,,,,0.0,0,False,-9.366666666666644,-7.025000000000032,-1.0,-0.75,6.234599990420975,160.39521405325598
run_1788625067,281,9.366666666666644,SIMULATION,SEARCHING,SEARCHING,Reset,False,1083.929622475447,1755.2454861506967,,,,,,,,,,0.0,0,False,-9.399999999999977,-7.050000000000033,-1.0,-0.75,6.7851000057999045,147.38176285466682
run_1788625067,282,9.399999999999977,SIMULATION,SEARCHING,SEARCHING,Reset,False,1085.1081337774247,1754.0669748487192,,,,,,,,,,0.0,0,False,-9.43333333333331,-7.075000000000033,-1.0,-0.75,8.019699991564266,124.69294375748176
run_1788625067,283,9.43333333333331,SIMULATION,SEARCHING,SEARCHING,Reset,False,1086.2866450794022,1752.8884635467416,,,,,,,,,,0.0,0,False,-9.466666666666644,-7.100000000000033,-1.0,-0.75,11.58920000307262,86.2872329181369
run_1788625067,284,9.466666666666644,SIMULATION,SEARCHING,SEARCHING,Reset,False,1087.4651563813798,1751.709952244764,,,,,,,,,,0.0,0,False,-9.499999999999977,-7.125000000000034,-1.0,-0.75,9.759199994732626,102.46741541722008
run_1788625067,285,9.499999999999977,SIMULATION,SEARCHING,SEARCHING,Reset,False,1088.6436676833573,1750.5314409427865,,,,,,,,,,0.0,0,False,-9.53333333333331,-7.150000000000034,-1.0,-0.75,9.002799997688271,111.07655398951202
run_1788625067,286,9.53333333333331,SIMULATION,SEARCHING,SEARCHING,Reset,False,1089.8221789853349,1749.352929640809,,,,,,,,,,0.0,0,False,-9.566666666666643,-7.1750000000000345,-1.0,-0.75,5.655099987052381,176.8315330037572
run_1788625067,287,9.566666666666643,SIMULATION,SEARCHING,SEARCHING,Reset,False,1091.0006902873124,1748.1744183388314,,,,,,,,,,0.0,0,False,-9.599999999999977,-7.200000000000035,-1.0,-0.75,9.266499997465871,107.91561002249739
run_1788625067,288,9.599999999999977,SIMULATION,SEARCHING,SEARCHING,Reset,False,1092.17920158929,1746.9959070368539,,,,,,,,,,0.0,0,False,-9.63333333333331,-7.225000000000035,-1.0,-0.75,6.118400007835589,163.4414223848294
run_1788625067,289,9.63333333333331,SIMULATION,SEARCHING,SEARCHING,Reset,False,1093.3577128912675,1745.8173957348763,,,,,,,,,,0.0,0,False,-9.666666666666643,-7.2500000000000355,-1.0,-0.75,7.127299992134795,140.3055857201931
run_1788625067,290,9.666666666666643,SIMULATION,SEARCHING,SEARCHING,Reset,False,1094.536224193245,1744.6388844328987,,,,,,,,,,0.0,0,False,-9.699999999999976,-7.275000000000036,-1.0,-0.75,4.940099999657832,202.42505213847156
run_1788625067,291,9.699999999999976,SIMULATION,SEARCHING,SEARCHING,Reset,False,1095.7147354952226,1743.4603731309212,,,,,,,,,,0.0,0,False,-9.73333333333331,-7.300000000000036,-1.0,-0.75,7.721300004050136,129.51186969492952
run_1788625067,292,9.73333333333331,SIMULATION,SEARCHING,SEARCHING,Reset,False,1096.8932467972002,1742.2818618289436,,,,,,,,,,0.0,0,False,-9.766666666666643,-7.325000000000037,-1.0,-0.75,5.914399996981956,169.07885846582704
run_1788625067,293,9.766666666666643,SIMULATION,SEARCHING,SEARCHING,Reset,False,1098.0717580991777,1741.103350526966,,,,,,,,,,0.0,0,False,-9.799999999999976,-7.350000000000037,-1.0,-0.75,6.3045999995665625,158.6143450922738
run_1788625067,294,9.799999999999976,SIMULATION,SEARCHING,SEARCHING,Reset,False,1099.2502694011553,1739.9248392249885,,,,,,,,,,0.0,0,False,-9.833333333333309,-7.375000000000037,-1.0,-0.75,5.0537000061012805,197.8748241472011
run_1788625067,295,9.833333333333309,SIMULATION,SEARCHING,SEARCHING,Reset,False,1100.4287807031328,1738.746327923011,,,,,,,,,,0.0,0,False,-9.866666666666642,-7.400000000000038,-1.0,-0.75,5.928099999437109,168.68811256472614
run_1788625067,296,9.866666666666642,SIMULATION,SEARCHING,SEARCHING,Reset,False,1101.6072920051104,1737.5678166210334,,,,,,,,,,0.0,0,False,-9.899999999999975,-7.425000000000038,-1.0,-0.75,5.414400002337061,184.69267131507868
run_1788625067,297,9.899999999999975,SIMULATION,SEARCHING,SEARCHING,Reset,False,1102.785803307088,1736.389305319056,,,,,,,,,,0.0,0,False,-9.933333333333309,-7.450000000000038,-1.0,-0.75,4.787300000316463,208.8860108900414
run_1788625067,298,9.933333333333309,SIMULATION,SEARCHING,SEARCHING,Reset,False,1103.9643146090655,1735.2107940170783,,,,,,,,,,0.0,0,False,-9.966666666666642,-7.475000000000039,-1.0,-0.75,7.06660001014825,141.51076876629685
run_1788625067,299,9.966666666666642,SIMULATION,SEARCHING,SEARCHING,Reset,False,1105.142825911043,1734.0322827151008,,,,,,,,,,0.0,0,False,-9.999999999999975,-7.500000000000039,-1.0,-0.75,4.977300006430596,200.91214086111248
run_1788625067,300,9.999999999999975,SIMULATION,SEARCHING,SEARCHING,Reset,False,1106.3213372130206,1732.8537714131232,,,,,,,,,,0.0,0,False,-10.033333333333308,-7.525000000000039,-1.0,-0.75,6.3624999893363565,157.17092364259562
run_1788625067,301,10.033333333333308,SIMULATION,SEARCHING,SEARCHING,Reset,False,1107.4998485149981,1731.6752601111457,,,,,,,,,,0.0,0,False,-10.066666666666642,-7.55000000000004,-1.0,-0.75,4.610799995134585,216.88210311772826
run_1788625067,302,10.066666666666642,SIMULATION,SEARCHING,SEARCHING,Reset,False,1108.6783598169757,1730.4967488091681,,,,,,,,,,0.0,0,False,-10.099999999999975,-7.57500000000004,-1.0,-0.75,7.964200005517341,125.56188936832729
run_1788625067,303,10.099999999999975,SIMULATION,SEARCHING,SEARCHING,Reset,False,1109.8568711189532,1729.3182375071906,,,,,,,,,,0.0,0,False,-10.133333333333308,-7.6000000000000405,-1.0,-0.75,4.573700003675185,218.64136239728285
run_1788625067,304,10.133333333333308,SIMULATION,SEARCHING,SEARCHING,Reset,False,1111.0353824209308,1728.139726205213,,,,,,,,,,0.0,0,False,-10.166666666666641,-7.625000000000041,-1.0,-0.75,4.831800004467368,206.9622085093389
run_1788625067,305,10.166666666666641,SIMULATION,SEARCHING,SEARCHING,Reset,False,1112.2138937229083,1726.9612149032355,,,,,,,,,,0.0,0,False,-10.199999999999974,-7.650000000000041,-1.0,-0.75,5.197800011956133,192.38908724840712
run_1788625067,306,10.199999999999974,SIMULATION,SEARCHING,SEARCHING,Reset,False,1113.3924050248859,1725.782703601258,,,,,,,,,,0.0,0,False,-10.233333333333308,-7.675000000000042,-1.0,-0.75,5.101000002468936,196.03999206351494
run_1788625067,307,10.233333333333308,SIMULATION,SEARCHING,SEARCHING,Reset,False,1114.5709163268634,1724.6041922992804,,,,,,,,,,0.0,0,False,-10.26666666666664,-7.700000000000042,-1.0,-0.75,7.079699993482791,141.24892310698883
run_1788625067,308,10.26666666666664,SIMULATION,SEARCHING,SEARCHING,Reset,False,1115.749427628841,1723.4256809973028,,,,,,,,,,0.0,0,False,-10.299999999999974,-7.725000000000042,-1.0,-0.75,5.358499998692423,186.61938980013423
run_1788625067,309,10.299999999999974,SIMULATION,SEARCHING,SEARCHING,Reset,False,1116.9279389308185,1722.2471696953253,,,,,,,,,,0.0,0,False,-10.333333333333307,-7.750000000000043,-1.0,-0.75,6.3322999922093,157.92050301317235
run_1788625067,310,10.333333333333307,SIMULATION,SEARCHING,SEARCHING,Reset,False,1118.106450232796,1721.0686583933477,,,,,,,,,,0.0,0,False,-10.36666666666664,-7.775000000000043,-1.0,-0.75,4.993500013370067,200.26033790377608
run_1788625067,311,10.36666666666664,SIMULATION,SEARCHING,SEARCHING,Reset,False,1119.2849615347736,1719.8901470913702,,,,,,,,,,0.0,0,False,-10.399999999999974,-7.800000000000043,-1.0,-0.75,4.059500002767891,246.3357554669712
run_1788625067,312,10.399999999999974,SIMULATION,SEARCHING,SEARCHING,Reset,False,1120.4634728367512,1718.7116357893926,,,,,,,,,,0.0,0,False,-10.433333333333307,-7.825000000000044,-1.0,-0.75,5.197500009671785,192.40019204216387
run_1788625067,313,10.433333333333307,SIMULATION,SEARCHING,SEARCHING,Reset,False,1121.6419841387287,1717.533124487415,,,,,,,,,,0.0,0,False,-10.46666666666664,-7.850000000000044,-1.0,-0.75,4.968900000676513,201.25178608220142
run_1788625067,314,10.46666666666664,SIMULATION,SEARCHING,SEARCHING,Reset,False,1122.8204954407063,1716.3546131854375,,,,,,,,,,0.0,0,False,-10.499999999999973,-7.875000000000044,-1.0,-0.75,5.785999994259328,172.83097148153578
run_1788625067,315,10.499999999999973,SIMULATION,SEARCHING,SEARCHING,Reset,False,1123.9990067426838,1715.17610188346,,,,,,,,,,0.0,0,False,-10.533333333333307,-7.900000000000045,-1.0,-0.75,5.867600004421547,170.42743187102855
run_1788625067,316,10.533333333333307,SIMULATION,SEARCHING,SEARCHING,Reset,False,1125.1775180446614,1713.9975905814824,,,,,,,,,,0.0,0,False,-10.56666666666664,-7.925000000000045,-1.0,-0.75,6.905199988977984,144.81839796040532
run_1788625067,317,10.56666666666664,SIMULATION,SEARCHING,SEARCHING,Reset,False,1126.356029346639,1712.8190792795049,,,,,,,,,,0.0,0,False,-10.599999999999973,-7.9500000000000455,-1.0,-0.75,111.72210000222549,8.95078055263981
run_1788625067,318,10.599999999999973,SIMULATION,SEARCHING,SEARCHING,Reset,False,1127.5345406486165,1711.6405679775273,,,,,,,,,,0.0,0,False,-10.633333333333306,-7.975000000000046,-1.0,-0.75,6.182200013427064,161.75471479863302
run_1788625067,319,10.633333333333306,SIMULATION,SEARCHING,SEARCHING,Reset,False,1128.713051950594,1710.4620566755498,,,,,,,,,,0.0,0,False,-10.66666666666664,-8.000000000000046,-1.0,-0.75,25.169899992761202,39.729994965716884
run_1788625067,320,10.66666666666664,SIMULATION,SEARCHING,SEARCHING,Reset,False,1129.8915632525716,1709.2835453735722,,,,,,,,,,0.0,0,False,-10.699999999999973,-8.025000000000047,-1.0,-0.75,6.7414999939501286,148.33494042830338
run_1788625067,321,10.699999999999973,SIMULATION,SEARCHING,SEARCHING,Reset,False,1131.0700745545491,1708.1050340715947,,,,,,,,,,0.0,0,False,-10.733333333333306,-8.050000000000047,-1.0,-0.75,7.145900002797134,139.94038534104422
run_1788625067,322,10.733333333333306,SIMULATION,SEARCHING,SEARCHING,Reset,False,1132.2485858565267,1706.9265227696171,,,,,,,,,,0.0,0,False,-10.766666666666639,-8.075000000000047,-1.0,-0.75,8.154600000125356,122.63017192561591
run_1788625067,323,10.766666666666639,SIMULATION,SEARCHING,SEARCHING,Reset,False,1133.4270971585042,1705.7480114676396,,,,,,,,,,0.0,0,False,-10.799999999999972,-8.100000000000048,-1.0,-0.75,6.0996999964118,163.94248907130816
run_1788625067,324,10.799999999999972,SIMULATION,SEARCHING,SEARCHING,Reset,False,1134.6056084604818,1704.569500165662,,,,,,,,,,0.0,0,False,-10.833333333333306,-8.125000000000048,-1.0,-0.75,6.923399996594526,144.43770408930277
run_1788625067,325,10.833333333333306,SIMULATION,SEARCHING,SEARCHING,Reset,False,1135.7841197624593,1703.3909888636845,,,,,,,,,,0.0,0,False,-10.866666666666639,-8.150000000000048,-1.0,-0.75,7.073800006764941,141.36673344505957
run_1788625067,326,10.866666666666639,SIMULATION,SEARCHING,SEARCHING,Reset,False,1136.962631064437,1702.212477561707,,,,,,,,,,0.0,0,False,-10.899999999999972,-8.175000000000049,-1.0,-0.75,6.386900000507012,156.57048018923373
run_1788625067,327,10.899999999999972,SIMULATION,SEARCHING,SEARCHING,Reset,False,1138.1411423664144,1701.0339662597294,,,,,,,,,,0.0,0,False,-10.933333333333305,-8.200000000000049,-1.0,-0.75,4.837100001168437,206.73544060665327
run_1788625067,328,10.933333333333305,SIMULATION,SEARCHING,SEARCHING,Reset,False,1139.319653668392,1699.8554549577518,,,,,,,,,,0.0,0,False,-10.966666666666638,-8.22500000000005,-1.0,-0.75,6.820399998105131,146.61896667025744
run_1788625067,329,10.966666666666638,SIMULATION,SEARCHING,SEARCHING,Reset,False,1140.4981649703695,1698.6769436557743,,,,,,,,,,0.0,0,False,-10.999999999999972,-8.25000000000005,-1.0,-0.75,4.68259998888243,213.55657164272628
run_1788625067,330,10.999999999999972,SIMULATION,SEARCHING,SEARCHING,Reset,False,1141.676676272347,1697.4984323537967,,,,,,,,,,0.0,0,False,-11.033333333333305,-8.27500000000005,-1.0,-0.75,5.295199996908195,188.8502796086811
run_1788625067,331,11.033333333333305,SIMULATION,SEARCHING,SEARCHING,Reset,False,1142.8551875743246,1696.3199210518192,,,,,,,,,,0.0,0,False,-11.066666666666638,-8.30000000000005,-1.0,-0.75,8.247499994467944,121.24886337323498
run_1788625067,332,11.066666666666638,SIMULATION,SEARCHING,SEARCHING,Reset,False,1144.0336988763022,1695.1414097498416,,,,,,,,,,0.0,0,False,-11.099999999999971,-8.32500000000005,-1.0,-0.75,6.427400003303774,155.5839063207496
run_1788625067,333,11.099999999999971,SIMULATION,SEARCHING,SEARCHING,Reset,False,1145.2122101782797,1693.962898447864,,,,,,,,,,0.0,0,False,-11.133333333333304,-8.350000000000051,-1.0,-0.75,5.319999996572733,187.96992493312464
run_1788625067,334,11.133333333333304,SIMULATION,SEARCHING,SEARCHING,Reset,False,1146.3907214802573,1692.7843871458865,,,,,,,,,,0.0,0,False,-11.166666666666638,-8.375000000000052,-1.0,-0.75,5.888300001970492,169.82830352824323
run_1788625067,335,11.166666666666638,SIMULATION,SEARCHING,SEARCHING,Reset,False,1147.5692327822348,1691.605875843909,,,,,,,,,,0.0,0,False,-11.19999999999997,-8.400000000000052,-1.0,-0.75,5.4038000089349225,185.05496101753363
run_1788625067,336,11.19999999999997,SIMULATION,SEARCHING,SEARCHING,Reset,False,1148.7477440842124,1690.4273645419314,,,,,,,,,,0.0,0,False,-11.233333333333304,-8.425000000000052,-1.0,-0.75,5.377000008593313,185.97731047086455
run_1788625067,337,11.233333333333304,SIMULATION,SEARCHING,SEARCHING,Reset,False,1149.92625538619,1689.2488532399539,,,,,,,,,,0.0,0,False,-11.266666666666637,-8.450000000000053,-1.0,-0.75,5.296999996062368,188.78610548298474
run_1788625067,338,11.266666666666637,SIMULATION,SEARCHING,SEARCHING,Reset,False,1151.1047666881675,1688.0703419379763,,,,,,,,,,0.0,0,False,-11.29999999999997,-8.475000000000053,-1.0,-0.75,4.375800010166131,228.5296397634119
run_1788625067,339,11.29999999999997,SIMULATION,SEARCHING,SEARCHING,Reset,False,1152.283277990145,1686.8918306359988,,,,,,,,,,0.0,0,False,-11.333333333333304,-8.500000000000053,-1.0,-0.75,4.341899999417365,230.31391790096248
run_1788625067,340,11.333333333333304,SIMULATION,SEARCHING,SEARCHING,Reset,False,1153.4617892921226,1685.7133193340212,,,,,,,,,,0.0,0,False,-11.366666666666637,-8.525000000000054,-1.0,-0.75,8.970499999122694,111.47650633719402
run_1788625067,341,11.366666666666637,SIMULATION,SEARCHING,SEARCHING,Reset,False,1154.6403005941002,1684.5348080320437,,,,,,,,,,0.0,0,False,-11.39999999999997,-8.550000000000054,-1.0,-0.75,9.970200000680052,100.29889068742769
run_1788625067,342,11.39999999999997,SIMULATION,SEARCHING,SEARCHING,Reset,False,1155.8188118960777,1683.356296730066,,,,,,,,,,0.0,0,False,-11.433333333333303,-8.575000000000054,-1.0,-0.75,8.389100010390393,119.20229807267063
run_1788625067,343,11.433333333333303,SIMULATION,SEARCHING,SEARCHING,Reset,False,1156.9973231980553,1682.1777854280886,,,,,,,,,,0.0,0,False,-11.466666666666637,-8.600000000000055,-1.0,-0.75,6.604199996218085,151.4187941874342
run_1788625067,344,11.466666666666637,SIMULATION,SEARCHING,SEARCHING,Reset,False,1158.1758345000328,1680.999274126111,,,,,,,,,,0.0,0,False,-11.49999999999997,-8.625000000000055,-1.0,-0.75,9.463099995628,105.67361651699814
run_1788625067,345,11.49999999999997,SIMULATION,SEARCHING,SEARCHING,Reset,False,1159.3543458020104,1679.8207628241335,,,,,,,,,,0.0,0,False,-11.533333333333303,-8.650000000000055,-1.0,-0.75,10.540400005993433,94.87305979197987
run_1788625067,346,11.533333333333303,SIMULATION,SEARCHING,SEARCHING,Reset,False,1160.532857103988,1678.642251522156,,,,,,,,,,0.0,0,False,-11.566666666666636,-8.675000000000056,-1.0,-0.75,8.785500001977198,113.82391437880003
run_1788625067,347,11.566666666666636,SIMULATION,SEARCHING,SEARCHING,Reset,False,1161.7113684059655,1677.4637402201784,,,,,,,,,,0.0,0,False,-11.59999999999997,-8.700000000000056,-1.0,-0.75,7.754299993393943,128.96070578284588
run_1788625067,348,11.59999999999997,SIMULATION,SEARCHING,SEARCHING,Reset,False,1162.889879707943,1676.2852289182008,,,,,,,,,,0.0,0,False,-11.633333333333303,-8.725000000000056,-1.0,-0.75,9.916599999996834,100.84101405726956
run_1788625067,349,11.633333333333303,SIMULATION,SEARCHING,SEARCHING,Reset,False,1164.0683910099206,1675.1067176162232,,,,,,,,,,0.0,0,False,-11.666666666666636,-8.750000000000057,-1.0,-0.75,8.04960000095889,124.22977537776751
run_1788625067,350,11.666666666666636,SIMULATION,SEARCHING,SEARCHING,Reset,False,1165.246902311898,1673.9282063142457,,,,,,,,,,0.0,0,False,-11.699999999999969,-8.775000000000057,-1.0,-0.75,7.77620000008028,128.597515494673
run_1788625067,351,11.699999999999969,SIMULATION,SEARCHING,SEARCHING,Reset,False,1166.4254136138757,1672.7496950122681,,,,,,,,,,0.0,0,False,-11.733333333333302,-8.800000000000058,-1.0,-0.75,7.01169999956619,142.6187657860247
run_1788625067,352,11.733333333333302,SIMULATION,SEARCHING,SEARCHING,Reset,False,1167.6039249158532,1671.5711837102906,,,,,,,,,,0.0,0,False,-11.766666666666636,-8.825000000000058,-1.0,-0.75,6.504000004497357,153.75153740905972
run_1788625067,353,11.766666666666636,SIMULATION,SEARCHING,SEARCHING,Reset,False,1168.7824362178308,1670.392672408313,,,,,,,,,,0.0,0,False,-11.799999999999969,-8.850000000000058,-1.0,-0.75,7.868199987569824,127.09387173429745
run_1788625067,354,11.799999999999969,SIMULATION,SEARCHING,SEARCHING,Reset,False,1169.9609475198083,1669.2141611063355,,,,,,,,,,0.0,0,False,-11.833333333333302,-8.875000000000059,-1.0,-0.75,5.8529999951133505,170.8525543883302
run_1788625067,355,11.833333333333302,SIMULATION,SEARCHING,SEARCHING,Reset,False,1171.1394588217859,1668.035649804358,,,,,,,,,,0.0,0,False,-11.866666666666635,-8.900000000000059,-1.0,-0.75,8.723299994016998,114.63551645430796
run_1788625067,356,11.866666666666635,SIMULATION,SEARCHING,SEARCHING,Reset,False,1172.3179701237634,1666.8571385023804,,,,,,,,,,0.0,0,False,-11.899999999999968,-8.92500000000006,-1.0,-0.75,6.289400000241585,158.9976786277846
run_1788625067,357,11.899999999999968,SIMULATION,SEARCHING,SEARCHING,Reset,False,1173.496481425741,1665.6786272004028,,,,,,,,,,0.0,0,False,-11.933333333333302,-8.95000000000006,-1.0,-0.75,6.653699994785711,150.29231867737764
run_1788625067,358,11.933333333333302,SIMULATION,SEARCHING,SEARCHING,Reset,False,1174.6749927277185,1664.5001158984253,,,,,,,,,,0.0,0,False,-11.966666666666635,-8.97500000000006,-1.0,-0.75,4.845300005399622,206.38556929098218
run_1788625067,359,11.966666666666635,SIMULATION,SEARCHING,SEARCHING,Reset,False,1175.853504029696,1663.3216045964477,,,,,,,,,,0.0,0,False,-11.999999999999968,-9.00000000000006,-1.0,-0.75,5.8871000073850155,169.8629204099743
run_1788625067,360,11.999999999999968,SIMULATION,SEARCHING,SEARCHING,Reset,False,1177.0320153316736,1662.1430932944702,,,,,,,,,,0.0,0,False,-12.033333333333301,-9.02500000000006,-1.0,-0.75,6.224000011570752,160.66838016403375
run_1788625067,361,12.033333333333301,SIMULATION,SEARCHING,SEARCHING,Reset,False,1178.2105266336512,1660.9645819924926,,,,,,,,,,0.0,0,False,-12.066666666666634,-9.050000000000061,-1.0,-0.75,8.001900001545437,124.9703195249711
run_1788625067,362,12.066666666666634,SIMULATION,SEARCHING,SEARCHING,Reset,False,1179.3890379356287,1659.786070690515,,,,,,,,,,0.0,0,False,-12.099999999999968,-9.075000000000061,-1.0,-0.75,7.889100001193583,126.75717126778781
run_1788625067,363,12.099999999999968,SIMULATION,SEARCHING,SEARCHING,Reset,False,1180.5675492376063,1658.6075593885375,,,,,,,,,,0.0,0,False,-12.1333333333333,-9.100000000000062,-1.0,-0.75,6.325700000161305,158.08527119125156
run_1788625067,364,12.1333333333333,SIMULATION,SEARCHING,SEARCHING,Reset,False,1181.7460605395838,1657.42904808656,,,,,,,,,,0.0,0,False,-12.166666666666634,-9.125000000000062,-1.0,-0.75,5.2601999923354015,190.10684032110805
run_1788625067,365,12.166666666666634,SIMULATION,SEARCHING,SEARCHING,Reset,False,1182.9245718415614,1656.2505367845824,,,,,,,,,,0.0,0,False,-12.199999999999967,-9.150000000000063,-1.0,-0.75,6.579300010344014,151.99185299770403
run_1788625067,366,12.199999999999967,SIMULATION,SEARCHING,SEARCHING,Reset,False,1184.103083143539,1655.0720254826049,,,,,,,,,,0.0,0,False,-12.2333333333333,-9.175000000000063,-1.0,-0.75,6.278500004555099,159.27371175830095
run_1788625067,367,12.2333333333333,SIMULATION,SEARCHING,SEARCHING,Reset,False,1185.2815944455165,1653.8935141806273,,,,,,,,,,0.0,0,False,-12.266666666666634,-9.200000000000063,-1.0,-0.75,6.848899996839464,146.0088482035752
run_1788625067,368,12.266666666666634,SIMULATION,SEARCHING,SEARCHING,Reset,False,1186.460105747494,1652.7150028786498,,,,,,,,,,0.0,0,False,-12.299999999999967,-9.225000000000064,-1.0,-0.75,4.977300006430596,200.91214086111248
run_1788625067,369,12.299999999999967,SIMULATION,SEARCHING,SEARCHING,Reset,False,1187.6386170494716,1651.5364915766722,,,,,,,,,,0.0,0,False,-12.3333333333333,-9.250000000000064,-1.0,-0.75,8.673600008478388,115.29238136673428
run_1788625067,370,12.3333333333333,SIMULATION,SEARCHING,SEARCHING,Reset,False,1188.8171283514491,1650.3579802746947,,,,,,,,,,0.0,0,False,-12.366666666666633,-9.275000000000064,-1.0,-0.75,4.896699989330955,204.21916845606705
run_1788625067,371,12.366666666666633,SIMULATION,SEARCHING,SEARCHING,Reset,False,1189.9956396534267,1649.1794689727171,,,,,,,,,,0.0,0,False,-12.399999999999967,-9.300000000000065,-1.0,-0.75,6.579699998837896,151.98261321589428
run_1788625067,372,12.399999999999967,SIMULATION,SEARCHING,SEARCHING,Reset,False,1191.1741509554042,1648.0009576707396,,,,,,,,,,0.0,0,False,-12.4333333333333,-9.325000000000065,-1.0,-0.75,5.3222999995341524,187.8886947536831
run_1788625067,373,12.4333333333333,SIMULATION,SEARCHING,SEARCHING,Reset,False,1192.3526622573818,1646.822446368762,,,,,,,,,,0.0,0,False,-12.466666666666633,-9.350000000000065,-1.0,-0.75,4.412800000864081,226.6134879904341
run_1788625067,374,12.466666666666633,SIMULATION,SEARCHING,SEARCHING,Reset,False,1193.5311735593593,1645.6439350667845,,,,,,,,,,0.0,0,False,-12.499999999999966,-9.375000000000066,-1.0,-0.75,5.405499992775731,184.9967628038972
run_1788625067,375,12.499999999999966,SIMULATION,SEARCHING,SEARCHING,Reset,False,1194.7096848613369,1644.465423764807,,,,,,,,,,0.0,0,False,-12.5333333333333,-9.400000000000066,-1.0,-0.75,5.075099994428456,197.0404526211936
run_1788625067,376,12.5333333333333,SIMULATION,SEARCHING,SEARCHING,Reset,False,1195.8881961633144,1643.2869124628294,,,,,,,,,,0.0,0,False,-12.566666666666633,-9.425000000000066,-1.0,-0.75,6.5411999967182055,152.87714800062852
run_1788625067,377,12.566666666666633,SIMULATION,SEARCHING,SEARCHING,Reset,False,1197.066707465292,1642.1084011608518,,,,,,,,,,0.0,0,False,-12.599999999999966,-9.450000000000067,-1.0,-0.75,7.229800001368858,138.31641259933394
run_1788625067,378,12.599999999999966,SIMULATION,SEARCHING,SEARCHING,Reset,False,1198.2452187672695,1640.9298898588743,,,,,,,,,,0.0,0,False,-12.633333333333299,-9.475000000000067,-1.0,-0.75,4.965600004652515,201.38553227465982
run_1788625067,379,12.633333333333299,SIMULATION,SEARCHING,SEARCHING,Reset,False,1199.423730069247,1639.7513785568967,,,,,,,,,,0.0,0,False,-12.666666666666632,-9.500000000000068,-1.0,-0.75,6.726600011461414,148.66351474684177
run_1788625067,380,12.666666666666632,SIMULATION,SEARCHING,SEARCHING,Reset,False,1200.6022413712246,1638.5728672549192,,,,,,,,,,0.0,0,False,-12.699999999999966,-9.525000000000068,-1.0,-0.75,5.390599995735101,185.50810685103204
run_1788625067,381,12.699999999999966,SIMULATION,SEARCHING,SEARCHING,Reset,False,1201.7807526732022,1637.3943559529416,,,,,,,,,,0.0,0,False,-12.733333333333299,-9.550000000000068,-1.0,-0.75,6.191799999214709,161.50392456584962
run_1788625067,382,12.733333333333299,SIMULATION,SEARCHING,SEARCHING,Reset,False,1202.9592639751797,1636.215844650964,,,,,,,,,,0.0,0,False,-12.766666666666632,-9.575000000000069,-1.0,-0.75,4.385100008221343,228.0449700406294
run_1788625067,383,12.766666666666632,SIMULATION,SEARCHING,SEARCHING,Reset,False,1204.1377752771573,1635.0373333489865,,,,,,,,,,0.0,0,False,-12.799999999999965,-9.600000000000069,-1.0,-0.75,5.495399993378669,181.9703754421673
run_1788625067,384,12.799999999999965,SIMULATION,SEARCHING,SEARCHING,Reset,False,1205.3162865791348,1633.858822047009,,,,,,,,,,0.0,0,False,-12.833333333333298,-9.62500000000007,-1.0,-0.75,7.35030000214465,136.04886871396036
run_1788625067,385,12.833333333333298,SIMULATION,SEARCHING,SEARCHING,Reset,False,1206.4947978811124,1632.6803107450314,,,,,,,,,,0.0,0,False,-12.866666666666632,-9.65000000000007,-1.0,-0.75,8.880399996996857,112.60754023897307
run_1788625067,386,12.866666666666632,SIMULATION,SEARCHING,SEARCHING,Reset,False,1207.67330918309,1631.5017994430539,,,,,,,,,,0.0,0,False,-12.899999999999965,-9.67500000000007,-1.0,-0.75,8.686300003319047,115.1238156197574
run_1788625067,387,12.899999999999965,SIMULATION,SEARCHING,SEARCHING,Reset,False,1208.8518204850675,1630.3232881410763,,,,,,,,,,0.0,0,False,-12.933333333333298,-9.70000000000007,-1.0,-0.75,7.514800003264099,133.07074034779953
run_1788625067,388,12.933333333333298,SIMULATION,SEARCHING,SEARCHING,Reset,False,1210.030331787045,1629.1447768390988,,,,,,,,,,0.0,0,False,-12.966666666666631,-9.72500000000007,-1.0,-0.75,4.251899998052977,235.18897444858024
run_1788625067,389,12.966666666666631,SIMULATION,SEARCHING,SEARCHING,Reset,False,1211.2088430890226,1627.9662655371212,,,,,,,,,,0.0,0,False,-12.999999999999964,-9.750000000000071,-1.0,-0.75,6.176900002174079,161.89350639447468
run_1788625067,390,12.999999999999964,SIMULATION,SEARCHING,SEARCHING,Reset,False,1212.3873543910001,1626.7877542351437,,,,,,,,,,0.0,0,False,-13.033333333333298,-9.775000000000071,-1.0,-0.75,7.10869999602437,140.67269691494403
run_1788625067,391,13.033333333333298,SIMULATION,SEARCHING,SEARCHING,Reset,False,1213.5658656929777,1625.6092429331661,,,,,,,,,,0.0,0,False,-13.066666666666631,-9.800000000000072,-1.0,-0.75,6.982500010053627,143.21518060295998
run_1788625067,392,13.066666666666631,SIMULATION,SEARCHING,SEARCHING,Reset,False,1214.7443769949552,1624.4307316311886,,,,,,,,,,0.0,0,False,-13.099999999999964,-9.825000000000072,-1.0,-0.75,8.329300006153062,120.05810803564225
run_1788625067,393,13.099999999999964,SIMULATION,SEARCHING,SEARCHING,Reset,False,1215.9228882969328,1623.252220329211,,,,,,,,,,0.0,0,False,-13.133333333333297,-9.850000000000072,-1.0,-0.75,9.483200003160164,105.44963721810801
run_1788625067,394,13.133333333333297,SIMULATION,SEARCHING,SEARCHING,Reset,False,1217.1013995989103,1622.0737090272335,,,,,,,,,,0.0,0,False,-13.16666666666663,-9.875000000000073,-1.0,-0.75,5.536099997698329,180.63257535372495
run_1788625067,395,13.16666666666663,SIMULATION,SEARCHING,SEARCHING,Reset,False,1218.279910900888,1620.895197725256,,,,,,,,,,0.0,0,False,-13.199999999999964,-9.900000000000073,-1.0,-0.75,4.459499992663041,224.2403860623932
run_1788625067,396,13.199999999999964,SIMULATION,SEARCHING,SEARCHING,Reset,False,1219.4584222028654,1619.7166864232784,,,,,,,,,,0.0,0,False,-13.233333333333297,-9.925000000000074,-1.0,-0.75,4.833799990592524,206.8765778365233
run_1788625067,397,13.233333333333297,SIMULATION,SEARCHING,SEARCHING,Reset,False,1220.636933504843,1618.5381751213008,,,,,,,,,,0.0,0,False,-13.26666666666663,-9.950000000000074,-1.0,-0.75,4.819299996597692,207.49901452617092
run_1788625067,398,13.26666666666663,SIMULATION,SEARCHING,SEARCHING,Reset,False,1221.8154448068206,1617.3596638193233,,,,,,,,,,0.0,0,False,-13.299999999999963,-9.975000000000074,-1.0,-0.75,6.656499987002462,150.22909966988783
run_1788625067,399,13.299999999999963,SIMULATION,SEARCHING,SEARCHING,Reset,False,1222.993956108798,1616.1811525173457,,,,,,,,,,0.0,0,False,-13.333333333333297,-10.000000000000075,-1.0,-0.75,7.8064999979687855,128.09837958882923
run_1788625067,400,13.333333333333297,SIMULATION,SEARCHING,SEARCHING,Reset,False,1224.1724674107757,1615.0026412153682,,,,,,,,,,0.0,0,False,-13.36666666666663,-10.025000000000075,-1.0,-0.75,4.473799999686889,223.52362646295936
run_1788625067,401,13.36666666666663,SIMULATION,SEARCHING,SEARCHING,Reset,False,1225.3509787127532,1613.8241299133906,,,,,,,,,,0.0,0,False,-13.399999999999963,-10.050000000000075,-1.0,-0.75,4.879899992374703,204.9222323331611
run_1788625067,402,13.399999999999963,SIMULATION,SEARCHING,SEARCHING,Reset,False,1226.5294900147308,1612.645618611413,,,,,,,,,,0.0,0,False,-13.433333333333296,-10.075000000000076,-1.0,-0.75,7.306999992579222,136.85507061934734
run_1788625067,403,13.433333333333296,SIMULATION,SEARCHING,SEARCHING,Reset,False,1227.7080013167083,1611.4671073094355,,,,,,,,,,0.0,0,False,-13.46666666666663,-10.100000000000076,-1.0,-0.75,5.527899993467145,180.9005230162986
run_1788625067,404,13.46666666666663,SIMULATION,SEARCHING,SEARCHING,Reset,False,1228.8865126186859,1610.288596007458,,,,,,,,,,0.0,0,False,-13.499999999999963,-10.125000000000076,-1.0,-0.75,5.288400003337301,189.09310932776253
run_1788625067,405,13.499999999999963,SIMULATION,SEARCHING,SEARCHING,Reset,False,1230.0650239206634,1609.1100847054804,,,,,,,,,,0.0,0,False,-13.533333333333296,-10.150000000000077,-1.0,-0.75,5.565100000239909,179.6912903554097
run_1788625067,406,13.533333333333296,SIMULATION,SEARCHING,SEARCHING,Reset,False,1231.243535222641,1607.9315734035029,,,,,,,,,,0.0,0,False,-13.56666666666663,-10.175000000000077,-1.0,-0.75,8.011199999600649,124.82524466370195
run_1788625067,407,13.56666666666663,SIMULATION,SEARCHING,SEARCHING,Reset,False,1232.4220465246185,1606.7530621015253,,,,,,,,,,0.0,0,False,-13.599999999999962,-10.200000000000077,-1.0,-0.75,5.432899997686036,184.0637597647512
run_1788625067,408,13.599999999999962,SIMULATION,SEARCHING,SEARCHING,Reset,False,1233.600557826596,1605.5745507995478,,,,,,,,,,0.0,0,False,-13.633333333333296,-10.225000000000078,-1.0,-0.75,7.525199995143339,132.88683365829297
run_1788625067,409,13.633333333333296,SIMULATION,SEARCHING,SEARCHING,Reset,False,1234.7790691285736,1604.3960394975702,,,,,,,,,,0.0,0,False,-13.666666666666629,-10.250000000000078,-1.0,-0.75,9.453400009078905,105.78204656944749
run_1788625067,410,13.666666666666629,SIMULATION,SEARCHING,SEARCHING,Reset,False,1235.9575804305512,1603.2175281955926,,,,,,,,,,0.0,0,False,-13.699999999999962,-10.275000000000079,-1.0,-0.75,4.905299996607937,203.8611299393533
run_1788625067,411,13.699999999999962,SIMULATION,SEARCHING,SEARCHING,Reset,False,1237.1360917325287,1602.039016893615,,,,,,,,,,0.0,0,False,-13.733333333333295,-10.300000000000079,-1.0,-0.75,6.134700000984594,163.00715598798703
run_1788625067,412,13.733333333333295,SIMULATION,SEARCHING,SEARCHING,Reset,False,1238.3146030345063,1600.8605055916375,,,,,,,,,,0.0,0,False,-13.766666666666628,-10.32500000000008,-1.0,-0.75,5.772800010163337,173.2261637748483
run_1788625067,413,13.766666666666628,SIMULATION,SEARCHING,SEARCHING,Reset,False,1239.4931143364838,1599.68199428966,,,,,,,,,,0.0,0,False,-13.799999999999962,-10.35000000000008,-1.0,-0.75,8.754700000281446,114.22435948323209
run_1788625067,414,13.799999999999962,SIMULATION,SEARCHING,SEARCHING,Reset,False,1240.6716256384614,1598.5034829876824,,,,,,,,,,0.0,0,False,-13.833333333333295,-10.37500000000008,-1.0,-0.75,7.602999990922399,131.52702896145598
run_1788625067,415,13.833333333333295,SIMULATION,SEARCHING,SEARCHING,Reset,False,1241.850136940439,1597.324971685705,,,,,,,,,,0.0,0,False,-13.866666666666628,-10.40000000000008,-1.0,-0.75,6.663799998932518,150.0645277709702
run_1788625067,416,13.866666666666628,SIMULATION,SEARCHING,SEARCHING,Reset,False,1243.0286482424165,1596.1464603837273,,,,,,,,,,0.0,0,False,-13.899999999999961,-10.42500000000008,-1.0,-0.75,6.190200001583435,161.54566891929227
run_1788625067,417,13.899999999999961,SIMULATION,SEARCHING,SEARCHING,Reset,False,1244.207159544394,1594.9679490817498,,,,,,,,,,0.0,0,False,-13.933333333333294,-10.450000000000081,-1.0,-0.75,7.226900008390658,138.3719158752672
run_1788625067,418,13.933333333333294,SIMULATION,SEARCHING,SEARCHING,Reset,False,1245.3856708463716,1593.7894377797722,,,,,,,,,,0.0,0,False,-13.966666666666628,-10.475000000000081,-1.0,-0.75,8.068299997830763,123.94184651895185
run_1788625067,419,13.966666666666628,SIMULATION,SEARCHING,SEARCHING,Reset,False,1246.5641821483491,1592.6109264777947,,,,,,,,,,0.0,0,False,-13.999999999999961,-10.500000000000082,-1.0,-0.75,6.444599988753907,155.168668613264
run_1788625067,420,13.999999999999961,SIMULATION,SEARCHING,SEARCHING,Reset,False,1247.7426934503267,1591.4324151758171,,,,,,,,,,0.0,0,False,-14.033333333333294,-10.525000000000082,-1.0,-0.75,6.371800001943484,156.94152354044175
run_1788625067,421,14.033333333333294,SIMULATION,SEARCHING,SEARCHING,Reset,False,1248.9212047523042,1590.2539038738396,,,,,,,,,,0.0,0,False,-14.066666666666627,-10.550000000000082,-1.0,-0.75,6.317600011243485,158.28795717049064
run_1788625067,422,14.066666666666627,SIMULATION,SEARCHING,SEARCHING,Reset,False,1250.0997160542818,1589.075392571862,,,,,,,,,,0.0,0,False,-14.09999999999996,-10.575000000000083,-1.0,-0.75,7.7843999897595495,128.46205247874073
run_1788625067,423,14.09999999999996,SIMULATION,SEARCHING,SEARCHING,Reset,False,1251.2782273562593,1587.8968812698845,,,,,,,,,,0.0,0,False,-14.133333333333294,-10.600000000000083,-1.0,-0.75,5.637299997033551,177.38988532209
run_1788625067,424,14.133333333333294,SIMULATION,SEARCHING,SEARCHING,Reset,False,1252.4567386582369,1586.718369967907,,,,,,,,,,0.0,0,False,-14.166666666666627,-10.625000000000083,-1.0,-0.75,6.135699994047172,162.9805891699717
run_1788625067,425,14.166666666666627,SIMULATION,SEARCHING,SEARCHING,Reset,False,1253.6352499602144,1585.5398586659294,,,,,,,,,,0.0,0,False,-14.19999999999996,-10.650000000000084,-1.0,-0.75,11.931300003197975,83.81316367302537
run_1788625067,426,14.19999999999996,SIMULATION,SEARCHING,SEARCHING,Reset,False,1254.813761262192,1584.3613473639518,,,,,,,,,,0.0,0,False,-14.233333333333293,-10.675000000000084,-1.0,-0.75,8.93480000377167,111.92192321908352
run_1788625067,427,14.233333333333293,SIMULATION,SEARCHING,SEARCHING,Reset,False,1255.9922725641695,1583.1828360619743,,,,,,,,,,0.0,0,False,-14.266666666666627,-10.700000000000085,-1.0,-0.75,6.395899996277876,156.3501619134062
run_1788625067,428,14.266666666666627,SIMULATION,SEARCHING,SEARCHING,Reset,False,1257.170783866147,1582.0043247599967,,,,,,,,,,0.0,0,False,-14.29999999999996,-10.725000000000085,-1.0,-0.75,7.739000007859431,129.21566080687924
run_1788625067,429,14.29999999999996,SIMULATION,SEARCHING,SEARCHING,Reset,False,1258.3492951681246,1580.8258134580192,,,,,,,,,,0.0,0,False,-14.333333333333293,-10.750000000000085,-1.0,-0.75,5.025499995099381,198.985175798458
run_1788625067,430,14.333333333333293,SIMULATION,SEARCHING,SEARCHING,Reset,False,1259.5278064701022,1579.6473021560416,,,,,,,,,,0.0,0,False,-14.366666666666626,-10.775000000000086,-1.0,-0.75,7.500499996240251,133.32444510382862
run_1788625067,431,14.366666666666626,SIMULATION,SEARCHING,SEARCHING,Reset,False,1260.7063177720797,1578.468790854064,,,,,,,,,,0.0,0,False,-14.39999999999996,-10.800000000000086,-1.0,-0.75,4.73220000276342,211.31820282660053
run_1788625067,432,14.39999999999996,SIMULATION,SEARCHING,SEARCHING,Reset,False,1261.8848290740573,1577.2902795520865,,,,,,,,,,0.0,0,False,-14.433333333333293,-10.825000000000086,-1.0,-0.75,4.282299996702932,233.5193706115707
run_1788625067,433,14.433333333333293,SIMULATION,SEARCHING,SEARCHING,Reset,False,1263.0633403760348,1576.111768250109,,,,,,,,,,0.0,0,False,-14.466666666666626,-10.850000000000087,-1.0,-0.75,6.210099993040785,161.0280029501342
run_1788625067,434,14.466666666666626,SIMULATION,SEARCHING,SEARCHING,Reset,False,1264.2418516780124,1574.9332569481314,,,,,,,,,,0.0,0,False,-14.49999999999996,-10.875000000000087,-1.0,-0.75,6.849900004453957,145.9875325697861
run_1788625067,435,14.49999999999996,SIMULATION,SEARCHING,SEARCHING,Reset,False,1265.42036297999,1573.7547456461539,,,,,,,,,,0.0,0,False,-14.533333333333292,-10.900000000000087,-1.0,-0.75,6.4310999878216535,155.49439472153514
run_1788625067,436,14.533333333333292,SIMULATION,SEARCHING,SEARCHING,Reset,False,1266.5988742819675,1572.5762343441763,,,,,,,,,,0.0,0,False,-14.566666666666626,-10.925000000000088,-1.0,-0.75,7.627599989064038,131.10283725336092
run_1788625067,437,14.566666666666626,SIMULATION,SEARCHING,SEARCHING,Reset,False,1267.777385583945,1571.3977230421988,,,,,,,,,,0.0,0,False,-14.599999999999959,-10.950000000000088,-1.0,-0.75,6.6454999905545264,150.47776712381818
run_1788625067,438,14.599999999999959,SIMULATION,SEARCHING,SEARCHING,Reset,False,1268.9558968859226,1570.2192117402212,,,,,,,,,,0.0,0,False,-14.633333333333292,-10.975000000000088,-1.0,-0.75,7.094200002029538,140.96022098530008
run_1788625067,439,14.633333333333292,SIMULATION,SEARCHING,SEARCHING,Reset,False,1270.1344081879001,1569.0407004382437,,,,,,,,,,0.0,0,False,-14.666666666666625,-11.000000000000089,-1.0,-0.75,8.342599991010502,119.86670834962021
run_1788625067,440,14.666666666666625,SIMULATION,SEARCHING,SEARCHING,Reset,False,1271.3129194898777,1567.8621891362661,,,,,,,,,,0.0,0,False,-14.699999999999958,-11.02500000000009,-1.0,-0.75,6.385300002875738,156.6097128638641
run_1788625067,441,14.699999999999958,SIMULATION,SEARCHING,SEARCHING,Reset,False,1272.4914307918552,1566.6836778342886,,,,,,,,,,0.0,0,False,-14.733333333333292,-11.05000000000009,-1.0,-0.75,9.756700004800223,102.49367096538866
run_1788625067,442,14.733333333333292,SIMULATION,SEARCHING,SEARCHING,Reset,False,1273.6699420938328,1565.505166532311,,,,,,,,,,0.0,0,False,-14.766666666666625,-11.07500000000009,-1.0,-0.75,8.382499989238568,119.29615285222755
run_1788625067,443,14.766666666666625,SIMULATION,SEARCHING,SEARCHING,Reset,False,1274.8484533958103,1564.3266552303335,,,,,,,,,,0.0,0,False,-14.799999999999958,-11.10000000000009,-1.0,-0.75,8.27620000927709,120.82839937157922
run_1788625067,444,14.799999999999958,SIMULATION,SEARCHING,SEARCHING,Reset,False,1276.026964697788,1563.148143928356,,,,,,,,,,0.0,0,False,-14.833333333333291,-11.12500000000009,-1.0,-0.75,8.036800005356781,124.42763280577698
run_1788625067,445,14.833333333333291,SIMULATION,SEARCHING,SEARCHING,Reset,False,1277.2054759997654,1561.9696326263784,,,,,,,,,,0.0,0,False,-14.866666666666625,-11.150000000000091,-1.0,-0.75,9.655000001657754,103.57327807646826
run_1788625067,446,14.866666666666625,SIMULATION,SEARCHING,SEARCHING,Reset,False,1278.383987301743,1560.7911213244008,,,,,,,,,,0.0,0,False,-14.899999999999958,-11.175000000000091,-1.0,-0.75,6.116999997175299,163.4788295670719
run_1788625067,447,14.899999999999958,SIMULATION,SEARCHING,SEARCHING,Reset,False,1279.5624986037205,1559.6126100224233,,,,,,,,,,0.0,0,False,-14.933333333333291,-11.200000000000092,-1.0,-0.75,8.492699998896569,117.74818374956456
run_1788625067,448,14.933333333333291,SIMULATION,SEARCHING,SEARCHING,Reset,False,1280.741009905698,1558.4340987204457,,,,,,,,,,0.0,0,False,-14.966666666666624,-11.225000000000092,-1.0,-0.75,4.898300001514144,204.1524609948112
run_1788625067,449,14.966666666666624,SIMULATION,SEARCHING,SEARCHING,Reset,False,1281.9195212076756,1557.2555874184682,,,,,,,,,,0.0,0,False,-14.999999999999957,-11.250000000000092,-1.0,-0.75,7.0657000032952055,141.52879396714175
run_1788625067,450,14.999999999999957,SIMULATION,SEARCHING,SEARCHING,Reset,False,1283.0980325096532,1556.0770761164906,,,,,,,,,,0.0,0,False,-15.03333333333329,-11.275000000000093,-1.0,-0.75,17.315900011453778,57.7503912207012
run_1788625067,451,15.03333333333329,SIMULATION,SEARCHING,SEARCHING,Reset,False,1284.2765438116307,1554.898564814513,,,,,,,,,,0.0,0,False,-15.066666666666624,-11.300000000000093,-1.0,-0.75,14.7006000042893,68.02443435698018
run_1788625067,452,15.066666666666624,SIMULATION,SEARCHING,SEARCHING,Reset,False,1285.4550551136083,1553.7200535125355,,,,,,,,,,0.0,0,False,-15.099999999999957,-11.325000000000093,-1.0,-0.75,11.456300009740517,87.28821688937683
run_1788625067,453,15.099999999999957,SIMULATION,SEARCHING,SEARCHING,Reset,False,1286.6335664155858,1552.541542210558,,,,,,,,,,0.0,0,False,-15.13333333333329,-11.350000000000094,-1.0,-0.75,20.308599996496923,49.24022336214669
run_1788625067,454,15.13333333333329,SIMULATION,SEARCHING,SEARCHING,Reset,False,1287.8120777175634,1551.3630309085804,,,,,,,,,,0.0,0,False,-15.166666666666623,-11.375000000000094,-1.0,-0.75,9.526199995889328,104.97365165874244
run_1788625067,455,15.166666666666623,SIMULATION,SEARCHING,SEARCHING,Reset,False,1288.990589019541,1550.1845196066029,,,,,,,,,,0.0,0,False,-15.199999999999957,-11.400000000000095,-1.0,-0.75,12.138399994000793,82.38318069055508
run_1788625067,456,15.199999999999957,SIMULATION,SEARCHING,SEARCHING,Reset,False,1290.1691003215185,1549.0060083046253,,,,,,,,,,0.0,0,False,-15.23333333333329,-11.425000000000095,-1.0,-0.75,6.640100007643923,150.60014139076583
run_1788625067,457,15.23333333333329,SIMULATION,SEARCHING,SEARCHING,Reset,False,1291.347611623496,1547.8274970026478,,,,,,,,,,0.0,0,False,-15.266666666666623,-11.450000000000095,-1.0,-0.75,6.688099994789809,149.5192955815589
run_1788625067,458,15.266666666666623,SIMULATION,SEARCHING,SEARCHING,Reset,False,1292.5261229254736,1546.6489857006702,,,,,,,,,,0.0,0,False,-15.299999999999956,-11.475000000000096,-1.0,-0.75,13.992000007419847,71.46941105415294
run_1788625067,459,15.299999999999956,SIMULATION,SEARCHING,SEARCHING,Reset,False,1293.7046342274512,1545.4704743986927,,,,,,,,,,0.0,0,False,-15.33333333333329,-11.500000000000096,-1.0,-0.75,6.701399994199164,149.2225506410027
run_1788625067,460,15.33333333333329,SIMULATION,SEARCHING,SEARCHING,Reset,False,1294.8831455294287,1544.291963096715,,,,,,,,,,0.0,0,False,-15.366666666666623,-11.525000000000096,-1.0,-0.75,4.211699997540563,237.43381546262873
run_1788625067,461,15.366666666666623,SIMULATION,SEARCHING,SEARCHING,Reset,False,1296.0616568314063,1543.1134517947376,,,,,,,,,,0.0,0,False,-15.399999999999956,-11.550000000000097,-1.0,-0.75,6.081100000301376,164.44393283294806
run_1788625067,462,15.399999999999956,SIMULATION,SEARCHING,SEARCHING,Reset,False,1297.2401681333838,1541.93494049276,,,,,,,,,,0.0,0,False,-15.43333333333329,-11.575000000000097,-1.0,-0.75,4.489400002057664,222.74691485313443
run_1788625067,463,15.43333333333329,SIMULATION,SEARCHING,SEARCHING,Reset,False,1298.4186794353614,1540.7564291907825,,,,,,,,,,0.0,0,False,-15.466666666666622,-11.600000000000097,-1.0,-0.75,4.774900007760152,209.42846936580938
run_1788625067,464,15.466666666666622,SIMULATION,SEARCHING,SEARCHING,Reset,False,1299.597190737339,1539.577917888805,,,,,,,,,,0.0,0,False,-15.499999999999956,-11.625000000000098,-1.0,-0.75,6.591099998331629,151.71974332859838
run_1788625067,465,15.499999999999956,SIMULATION,SEARCHING,SEARCHING,Reset,False,1300.7757020393165,1538.3994065868274,,,,,,,,,,0.0,0,False,-15.533333333333289,-11.650000000000098,-1.0,-0.75,6.3126000022748485,158.41333200893985
run_1788625067,466,15.533333333333289,SIMULATION,SEARCHING,SEARCHING,Reset,False,1301.954213341294,1537.2208952848498,,,,,,,,,,0.0,0,False,-15.566666666666622,-11.675000000000098,-1.0,-0.75,6.059900013497099,165.019224372138
run_1788625067,467,15.566666666666622,SIMULATION,SEARCHING,SEARCHING,Reset,False,1303.1327246432716,1536.0423839828723,,,,,,,,,,0.0,0,False,-15.599999999999955,-11.700000000000099,-1.0,-0.75,4.585300004691817,218.0882382781432
run_1788625067,468,15.599999999999955,SIMULATION,SEARCHING,SEARCHING,Reset,False,1304.311235945249,1534.8638726808947,,,,,,,,,,0.0,0,False,-15.633333333333288,-11.7250000000001,-1.0,-0.75,5.62270000227727,177.85049879861745
run_1788625067,469,15.633333333333288,SIMULATION,SEARCHING,SEARCHING,Reset,False,1305.4897472472267,1533.6853613789172,,,,,,,,,,0.0,0,False,-15.666666666666622,-11.7500000000001,-1.0,-0.75,6.032599994796328,165.76600485074295
run_1788625067,470,15.666666666666622,SIMULATION,SEARCHING,SEARCHING,Reset,False,1306.6682585492042,1532.5068500769396,,,,,,,,,,0.0,0,False,-15.699999999999955,-11.7750000000001,-1.0,-0.75,5.461299995658919,183.10658648945864
run_1788625067,471,15.699999999999955,SIMULATION,SEARCHING,SEARCHING,Reset,False,1307.8467698511818,1531.328338774962,,,,,,,,,,0.0,0,False,-15.733333333333288,-11.8000000000001,-1.0,-0.75,5.927000005613081,168.71941944541322
run_1788625067,472,15.733333333333288,SIMULATION,SEARCHING,SEARCHING,Reset,False,1309.0252811531593,1530.1498274729845,,,,,,,,,,0.0,0,False,-15.766666666666621,-11.8250000000001,-1.0,-0.75,7.279600002220832,137.37018513310124
run_1788625067,473,15.766666666666621,SIMULATION,SEARCHING,SEARCHING,Reset,False,1310.2037924551369,1528.971316171007,,,,,,,,,,0.0,0,False,-15.799999999999955,-11.850000000000101,-1.0,-0.75,9.234199998900294,108.29308441652667
run_1788625067,474,15.799999999999955,SIMULATION,SEARCHING,SEARCHING,Reset,False,1311.3823037571144,1527.7928048690294,,,,,,,,,,0.0,0,False,-15.833333333333288,-11.875000000000101,-1.0,-0.75,6.384399996022694,156.6317900856733
run_1788625067,475,15.833333333333288,SIMULATION,SEARCHING,SEARCHING,Reset,False,1312.560815059092,1526.6142935670518,,,,,,,,,,0.0,0,False,-15.866666666666621,-11.900000000000102,-1.0,-0.75,6.590999997570179,151.72204526910292
run_1788625067,476,15.866666666666621,SIMULATION,SEARCHING,SEARCHING,Reset,False,1313.7393263610695,1525.4357822650743,,,,,,,,,,0.0,0,False,-15.899999999999954,-11.925000000000102,-1.0,-0.75,5.367000005207956,186.32383063715926
run_1788625067,477,15.899999999999954,SIMULATION,SEARCHING,SEARCHING,Reset,False,1314.917837663047,1524.2572709630967,,,,,,,,,,0.0,0,False,-15.933333333333287,-11.950000000000102,-1.0,-0.75,6.26199999533128,159.69338881276968
run_1788625067,478,15.933333333333287,SIMULATION,SEARCHING,SEARCHING,Reset,False,1316.0963489650246,1523.0787596611192,,,,,,,,,,0.0,0,False,-15.96666666666662,-11.975000000000103,-1.0,-0.75,6.134299997938797,163.01778529514579
run_1788625067,479,15.96666666666662,SIMULATION,SEARCHING,SEARCHING,Reset,False,1317.2748602670022,1521.9002483591416,,,,,,,,,,0.0,0,False,-15.999999999999954,-12.000000000000103,-1.0,-0.75,6.585899987840094,151.83953625872766
run_1788625067,480,15.999999999999954,SIMULATION,SEARCHING,SEARCHING,Reset,False,1318.4533715689797,1520.721737057164,,,,,,,,,,0.0,0,False,-16.03333333333329,-12.025000000000103,-1.0,-0.75,5.760800006100908,173.58700162146954
run_1788625067,481,16.03333333333329,SIMULATION,SEARCHING,SEARCHING,Reset,False,1319.6318828709573,1519.5432257551865,,,,,,,,,,0.0,0,False,-16.066666666666624,-12.050000000000104,-1.0,-0.75,4.274300008546561,233.95643684357137
run_1788625067,482,16.066666666666624,SIMULATION,SEARCHING,SEARCHING,Reset,False,1320.8103941729348,1518.364714453209,,,,,,,,,,0.0,0,False,-16.09999999999996,-12.075000000000104,-1.0,-0.75,5.711999998311512,175.07002806295583
run_1788625067,483,16.09999999999996,SIMULATION,SEARCHING,SEARCHING,Reset,False,1321.9889054749124,1517.1862031512314,,,,,,,,,,0.0,0,False,-16.133333333333294,-12.100000000000104,-1.0,-0.75,6.131600006483495,163.08956861873077
run_1788625067,484,16.133333333333294,SIMULATION,SEARCHING,SEARCHING,Reset,False,1323.16741677689,1516.007691849254,,,,,,,,,,0.0,0,False,-16.16666666666663,-12.125000000000105,-1.0,-0.75,5.640300005325116,177.29553375811227
run_1788625067,485,16.16666666666663,SIMULATION,SEARCHING,SEARCHING,Reset,False,1324.3459280788675,1514.8291805472763,,,,,,,,,,0.0,0,False,-16.199999999999964,-12.150000000000105,-1.0,-0.75,4.586900002323091,218.0121649683965
run_1788625067,486,16.199999999999964,SIMULATION,SEARCHING,SEARCHING,Reset,False,1325.524439380845,1513.6506692452988,,,,,,,,,,0.0,0,False,-16.2333333333333,-12.175000000000106,-1.0,-0.75,10.201800003414974,98.02191766798582
run_1788625067,487,16.2333333333333,SIMULATION,SEARCHING,SEARCHING,Reset,False,1326.7029506828226,1512.4721579433212,,,,,,,,,,0.0,0,False,-16.266666666666634,-12.200000000000106,-1.0,-0.75,5.90340000053402,169.3939085797236
run_1788625067,488,16.266666666666634,SIMULATION,SEARCHING,SEARCHING,Reset,False,1327.8814619848001,1511.2936466413437,,,,,,,,,,0.0,0,False,-16.29999999999997,-12.225000000000106,-1.0,-0.75,6.292500009294599,158.919348195933
run_1788625067,489,16.29999999999997,SIMULATION,SEARCHING,SEARCHING,Reset,False,1329.0599732867777,1510.1151353393661,,,,,,,,,,0.0,0,False,-16.333333333333304,-12.250000000000107,-1.0,-0.75,6.954600001336075,143.78972188305383
run_1788625067,490,16.333333333333304,SIMULATION,SEARCHING,SEARCHING,Reset,False,1330.2384845887552,1508.9366240373886,,,,,,,,,,0.0,0,False,-16.36666666666664,-12.275000000000107,-1.0,-0.75,5.9779000002890825,167.28282506426027
run_1788625067,491,16.36666666666664,SIMULATION,SEARCHING,SEARCHING,Reset,False,1331.4169958907328,1507.758112735411,,,,,,,,,,0.0,0,False,-16.399999999999974,-12.300000000000107,-1.0,-0.75,5.25529999868013,190.2840942003597
run_1788625067,492,16.399999999999974,SIMULATION,SEARCHING,SEARCHING,Reset,False,1332.5955071927103,1506.5796014334335,,,,,,,,,,0.0,0,False,-16.43333333333331,-12.325000000000108,-1.0,-0.75,5.84639998851344,171.04543000217632
run_1788625067,493,16.43333333333331,SIMULATION,SEARCHING,SEARCHING,Reset,False,1333.7740184946879,1505.401090131456,,,,,,,,,,0.0,0,False,-16.466666666666644,-12.350000000000108,-1.0,-0.75,5.250200003501959,190.46893438973478
run_1788625067,494,16.466666666666644,SIMULATION,SEARCHING,SEARCHING,Reset,False,1334.9525297966654,1504.2225788294784,,,,,,,,,,0.0,0,False,-16.49999999999998,-12.375000000000108,-1.0,-0.75,5.529000001843087,180.86453240489254
run_1788625067,495,16.49999999999998,SIMULATION,SEARCHING,SEARCHING,Reset,False,1336.131041098643,1503.0440675275008,,,,,,,,,,0.0,0,False,-16.533333333333314,-12.400000000000109,-1.0,-0.75,4.218699992634356,237.0398468120395
run_1788625067,496,16.533333333333314,SIMULATION,SEARCHING,SEARCHING,Reset,False,1337.3095524006205,1501.8655562255233,,,,,,,,,,0.0,0,False,-16.56666666666665,-12.425000000000109,-1.0,-0.75,5.594600006588735,178.74378844283856
run_1788625067,497,16.56666666666665,SIMULATION,SEARCHING,SEARCHING,Reset,False,1338.488063702598,1500.6870449235457,,,,,,,,,,0.0,0,False,-16.599999999999984,-12.45000000000011,-1.0,-0.75,5.649600003380328,177.00368157067217
run_1788625067,498,16.599999999999984,SIMULATION,SEARCHING,SEARCHING,Reset,False,1339.6665750045756,1499.5085336215682,,,,,,,,,,0.0,0,False,-16.63333333333332,-12.47500000000011,-1.0,-0.75,6.027499999618158,165.90626297193697
run_1788625067,499,16.63333333333332,SIMULATION,SEARCHING,SEARCHING,Reset,False,1340.8450863065532,1498.3300223195906,,,,,,,,,,0.0,0,False,-16.666666666666654,-12.50000000000011,-1.0,-0.75,4.323500004829839,231.29409017760767
run_1788625067,500,16.666666666666654,SIMULATION,SEARCHING,SEARCHING,Reset,False,1342.0235976085307,1497.151511017613,,,,,,,,,,0.0,0,False,-16.69999999999999,-12.52500000000011,-1.0,-0.75,4.5190999953774735,221.2829990535475
run_1788625067,501,16.69999999999999,SIMULATION,SEARCHING,SEARCHING,Reset,False,1343.2021089105083,1495.9729997156355,,,,,,,,,,0.0,0,False,-16.733333333333324,-12.55000000000011,-1.0,-0.75,5.977000007987954,167.3080138302746
run_1788625067,502,16.733333333333324,SIMULATION,SEARCHING,SEARCHING,Reset,False,1344.3806202124858,1494.794488413658,,,,,,,,,,0.0,0,False,-16.76666666666666,-12.575000000000111,-1.0,-0.75,4.681599995819852,213.60218747712082
run_1788625067,503,16.76666666666666,SIMULATION,SEARCHING,SEARCHING,Reset,False,1345.5591315144634,1493.6159771116804,,,,,,,,,,0.0,0,False,-16.799999999999994,-12.600000000000112,-1.0,-0.75,4.556899992167018,219.44743174503012
run_1788625067,504,16.799999999999994,SIMULATION,SEARCHING,SEARCHING,Reset,False,1346.737642816441,1492.4374658097029,,,,,,,,,,0.0,0,False,-16.83333333333333,-12.625000000000112,-1.0,-0.75,5.991899990476668,166.8919710925362
run_1788625067,505,16.83333333333333,SIMULATION,SEARCHING,SEARCHING,Reset,False,1347.9161541184185,1491.2589545077253,,,,,,,,,,0.0,0,False,-16.866666666666664,-12.650000000000112,-1.0,-0.75,4.888199997367337,204.57428103158117
run_1788625067,506,16.866666666666664,SIMULATION,SEARCHING,SEARCHING,Reset,False,1349.094665420396,1490.0804432057478,,,,,,,,,,0.0,0,False,-16.9,-12.675000000000113,-1.0,-0.75,6.212500011315569,160.9657944754254
run_1788625067,507,16.9,SIMULATION,SEARCHING,SEARCHING,Reset,False,1350.2731767223736,1488.9019319037702,,,,,,,,,,0.0,0,False,-16.933333333333334,-12.700000000000113,-1.0,-0.75,7.7969000121811405,128.25610158366715
run_1788625067,508,16.933333333333334,SIMULATION,SEARCHING,SEARCHING,Reset,False,1351.4516880243511,1487.7234206017927,,,,,,,,,,0.0,0,False,-16.96666666666667,-12.725000000000113,-1.0,-0.75,5.267300002742559,189.85058748871788
run_1788625067,509,16.96666666666667,SIMULATION,SEARCHING,SEARCHING,Reset,False,1352.6301993263287,1486.5449092998151,,,,,,,,,,0.0,0,False,-17.000000000000004,-12.750000000000114,-1.0,-0.75,7.154799997806549,139.76631077131026
run_1788625067,510,17.000000000000004,SIMULATION,SEARCHING,SEARCHING,Reset,False,1353.8087106283062,1485.3663979978376,,,,,,,,,,0.0,0,False,-17.03333333333334,-12.775000000000114,-1.0,-0.75,6.842300004791468,146.14968640657796
run_1788625067,511,17.03333333333334,SIMULATION,SEARCHING,SEARCHING,Reset,False,1354.9872219302838,1484.18788669586,,,,,,,,,,0.0,0,False,-17.066666666666674,-12.800000000000114,-1.0,-0.75,5.022499986807816,199.10403237961515
run_1788625067,512,17.066666666666674,SIMULATION,SEARCHING,SEARCHING,Reset,False,1356.1657332322613,1483.0093753938825,,,,,,,,,,0.0,0,False,-17.10000000000001,-12.825000000000115,-1.0,-0.75,5.19009999698028,192.67451505401112
run_1788625067,513,17.10000000000001,SIMULATION,SEARCHING,SEARCHING,Reset,False,1357.344244534239,1481.830864091905,,,,,,,,,,0.0,0,False,-17.133333333333344,-12.850000000000115,-1.0,-0.75,5.135100000188686,194.73817451719648
run_1788625067,514,17.133333333333344,SIMULATION,SEARCHING,SEARCHING,Reset,False,1358.5227558362164,1480.6523527899274,,,,,,,,,,0.0,0,False,-17.16666666666668,-12.875000000000115,-1.0,-0.75,6.330899996100925,157.9554250763525
run_1788625067,515,17.16666666666668,SIMULATION,SEARCHING,SEARCHING,Reset,False,1359.701267138194,1479.4738414879498,,,,,,,,,,0.0,0,False,-17.200000000000014,-12.900000000000116,-1.0,-0.75,4.74630000826437,210.69043218059883
run_1788625067,516,17.200000000000014,SIMULATION,SEARCHING,SEARCHING,Reset,False,1360.8797784401715,1478.2953301859723,,,,,,,,,,0.0,0,False,-17.23333333333335,-12.925000000000116,-1.0,-0.75,6.137999997008592,162.9195178376277
run_1788625067,517,17.23333333333335,SIMULATION,SEARCHING,SEARCHING,Reset,False,1362.058289742149,1477.1168188839947,,,,,,,,,,0.0,0,False,-17.266666666666683,-12.950000000000117,-1.0,-0.75,8.162799989804626,122.50698305103697
run_1788625067,518,17.266666666666683,SIMULATION,SEARCHING,SEARCHING,Reset,False,1363.2368010441267,1475.9383075820172,,,,,,,,,,0.0,0,False,-17.30000000000002,-12.975000000000117,-1.0,-0.75,10.102600004756823,98.9844198057083
run_1788625067,519,17.30000000000002,SIMULATION,SEARCHING,SEARCHING,Reset,False,1364.4153123461042,1474.7597962800396,,,,,,,,,,0.0,0,False,-17.333333333333353,-13.000000000000117,-1.0,-0.75,9.034600006998517,110.68558643718207
run_1788625067,520,17.333333333333353,SIMULATION,SEARCHING,SEARCHING,Reset,False,1365.5938236480818,1473.581284978062,,,,,,,,,,0.0,0,False,-17.36666666666669,-13.025000000000118,-1.0,-0.75,10.14309999300167,98.58918877758867
run_1788625067,521,17.36666666666669,SIMULATION,SEARCHING,SEARCHING,Reset,False,1366.7723349500593,1472.4027736760845,,,,,,,,,,0.0,0,False,-17.400000000000023,-13.050000000000118,-1.0,-0.75,10.186800005612895,98.16625431430901
run_1788625067,522,17.400000000000023,SIMULATION,SEARCHING,SEARCHING,Reset,False,1367.9508462520369,1471.224262374107,,,,,,,,,,0.0,0,False,-17.43333333333336,-13.075000000000118,-1.0,-0.75,10.370200005127117,96.43015559059529
run_1788625067,523,17.43333333333336,SIMULATION,SEARCHING,SEARCHING,Reset,False,1369.1293575540144,1470.0457510721294,,,,,,,,,,0.0,0,False,-17.466666666666693,-13.100000000000119,-1.0,-0.75,8.846600001561455,113.03777720519709
run_1788625067,524,17.466666666666693,SIMULATION,SEARCHING,SEARCHING,Reset,False,1370.307868855992,1468.8672397701519,,,,,,,,,,0.0,0,False,-17.50000000000003,-13.125000000000119,-1.0,-0.75,7.431899997754954,134.5550936237143
run_1788625067,525,17.50000000000003,SIMULATION,SEARCHING,SEARCHING,Reset,False,1371.4863801579695,1467.6887284681743,,,,,,,,,,0.0,0,False,-17.533333333333363,-13.15000000000012,-1.0,-0.75,8.432600006926805,118.5873869481024
run_1788625067,526,17.533333333333363,SIMULATION,SEARCHING,SEARCHING,Reset,False,1372.664891459947,1466.5102171661968,,,,,,,,,,0.0,0,False,-17.5666666666667,-13.17500000000012,-1.0,-0.75,9.260400009225123,107.98669593147267
run_1788625067,527,17.5666666666667,SIMULATION,SEARCHING,SEARCHING,Reset,False,1373.8434027619246,1465.3317058642192,,,,,,,,,,0.0,0,False,-17.600000000000033,-13.20000000000012,-1.0,-0.75,9.479000000283122,105.49636037241604
run_1788625067,528,17.600000000000033,SIMULATION,SEARCHING,SEARCHING,Reset,False,1375.0219140639022,1464.1531945622417,,,,,,,,,,0.0,0,False,-17.63333333333337,-13.22500000000012,-1.0,-0.75,8.589799996116199,116.41714596988767
run_1788625067,529,17.63333333333337,SIMULATION,SEARCHING,SEARCHING,Reset,False,1376.2004253658797,1462.974683260264,,,,,,,,,,0.0,0,False,-17.666666666666703,-13.25000000000012,-1.0,-0.75,6.7673000012291595,147.76942056926217
run_1788625067,530,17.666666666666703,SIMULATION,SEARCHING,SEARCHING,Reset,False,1377.3789366678573,1461.7961719582865,,,,,,,,,,0.0,0,False,-17.70000000000004,-13.275000000000121,-1.0,-0.75,7.125899996026419,140.33315097849047
run_1788625067,531,17.70000000000004,SIMULATION,SEARCHING,SEARCHING,Reset,False,1378.5574479698348,1460.617660656309,,,,,,,,,,0.0,0,False,-17.733333333333373,-13.300000000000122,-1.0,-0.75,5.9342000022297725,168.51471127098017
run_1788625067,532,17.733333333333373,SIMULATION,SEARCHING,SEARCHING,Reset,False,1379.7359592718124,1459.4391493543314,,,,,,,,,,0.0,0,False,-17.76666666666671,-13.325000000000122,-1.0,-0.75,8.376400000997819,119.38302849444598
run_1788625067,533,17.76666666666671,SIMULATION,SEARCHING,SEARCHING,Reset,False,1380.91447057379,1458.260638052354,,,,,,,,,,0.0,0,False,-17.800000000000043,-13.350000000000122,-1.0,-0.75,6.694299998343922,149.38081655249783
run_1788625067,534,17.800000000000043,SIMULATION,SEARCHING,SEARCHING,Reset,False,1382.0929818757675,1457.0821267503763,,,,,,,,,,0.0,0,False,-17.83333333333338,-13.375000000000123,-1.0,-0.75,8.940900006564334,111.84556356360191
run_1788625067,535,17.83333333333338,SIMULATION,SEARCHING,SEARCHING,Reset,False,1383.271493177745,1455.9036154483988,,,,,,,,,,0.0,0,False,-17.866666666666713,-13.400000000000123,-1.0,-0.75,5.379900001571514,185.8770608576166
run_1788625067,536,17.866666666666713,SIMULATION,SEARCHING,SEARCHING,Reset,False,1384.4500044797226,1454.7251041464212,,,,,,,,,,0.0,0,False,-17.90000000000005,-13.425000000000123,-1.0,-0.75,8.506400001351722,117.55854413630837
run_1788625067,537,17.90000000000005,SIMULATION,SEARCHING,SEARCHING,Reset,False,1385.6285157817001,1453.5465928444437,,,,,,,,,,0.0,0,False,-17.933333333333383,-13.450000000000124,-1.0,-0.75,7.01459999254439,142.5598039892325
run_1788625067,538,17.933333333333383,SIMULATION,SEARCHING,SEARCHING,Reset,False,1386.8070270836777,1452.3680815424661,,,,,,,,,,0.0,0,False,-17.96666666666672,-13.475000000000124,-1.0,-0.75,6.295399987720884,158.84614193704772
run_1788625067,539,17.96666666666672,SIMULATION,SEARCHING,SEARCHING,Reset,False,1387.9855383856552,1451.1895702404886,,,,,,,,,,0.0,0,False,-18.000000000000053,-13.500000000000124,-1.0,-0.75,5.678100002114661,176.1152497538923
run_1788625067,540,18.000000000000053,SIMULATION,SEARCHING,SEARCHING,Reset,False,1389.1640496876328,1450.011058938511,,,,,,,,,,0.0,0,False,-18.03333333333339,-13.525000000000125,-1.0,-0.75,3.880899996147491,257.6721896963808
run_1788625067,541,18.03333333333339,SIMULATION,SEARCHING,SEARCHING,Reset,False,1390.3425609896103,1448.8325476365335,,,,,,,,,,0.0,0,False,-18.066666666666723,-13.550000000000125,-1.0,-0.75,6.3144999876385555,158.36566663356217
run_1788625067,542,18.066666666666723,SIMULATION,SEARCHING,SEARCHING,Reset,False,1391.5210722915879,1447.654036334556,,,,,,,,,,0.0,0,False,-18.10000000000006,-13.575000000000125,-1.0,-0.75,3.7388999917311594,267.4583439545242
run_1788625067,543,18.10000000000006,SIMULATION,SEARCHING,SEARCHING,Reset,False,1392.6995835935654,1446.4755250325784,,,,,,,,,,0.0,0,False,-18.133333333333393,-13.600000000000126,-1.0,-0.75,4.667599991080351,214.2428661219837
run_1788625067,544,18.133333333333393,SIMULATION,SEARCHING,SEARCHING,Reset,False,1393.878094895543,1445.2970137306008,,,,,,,,,,0.0,0,False,-18.16666666666673,-13.625000000000126,-1.0,-0.75,5.764599991380237,173.47257424544503
run_1788625067,545,18.16666666666673,SIMULATION,SEARCHING,SEARCHING,Reset,False,1395.0566061975205,1444.1185024286233,,,,,,,,,,0.0,0,False,-18.200000000000063,-13.650000000000126,-1.0,-0.75,4.630600000382401,215.95473586952417
run_1788625067,546,18.200000000000063,SIMULATION,SEARCHING,SEARCHING,Reset,False,1396.235117499498,1442.9399911266457,,,,,,,,,,0.0,0,False,-18.2333333333334,-13.675000000000127,-1.0,-0.75,4.221199997118674,236.89946003093542
run_1788625067,547,18.2333333333334,SIMULATION,SEARCHING,SEARCHING,Reset,False,1397.4136288014756,1441.7614798246682,,,,,,,,,,0.0,0,False,-18.266666666666733,-13.700000000000127,-1.0,-0.75,3.770799987250939,265.19571533388046
run_1788625067,548,18.266666666666733,SIMULATION,SEARCHING,SEARCHING,Reset,False,1398.5921401034532,1440.5829685226906,,,,,,,,,,0.0,0,False,-18.300000000000068,-13.725000000000128,-1.0,-0.75,4.398000004584901,227.37607979934134
run_1788625067,549,18.300000000000068,SIMULATION,SEARCHING,SEARCHING,Reset,False,1399.7706514054307,1439.404457220713,,,,,,,,,,0.0,0,False,-18.333333333333403,-13.750000000000128,-1.0,-0.75,5.996100007905625,166.77507024258082
run_1788625067,550,18.333333333333403,SIMULATION,SEARCHING,SEARCHING,Reset,False,1400.9491627074083,1438.2259459187355,,,,,,,,,,0.0,0,False,-18.366666666666738,-13.775000000000128,-1.0,-0.75,4.268800010322593,234.2578704979974
run_1788625067,551,18.366666666666738,SIMULATION,SEARCHING,SEARCHING,Reset,False,1402.1276740093858,1437.047434616758,,,,,,,,,,0.0,0,False,-18.400000000000073,-13.800000000000129,-1.0,-0.75,5.910499996389262,169.19042392537048
run_1788625067,552,18.400000000000073,SIMULATION,SEARCHING,SEARCHING,Reset,False,1403.3061853113634,1435.8689233147804,,,,,,,,,,0.0,0,False,-18.433333333333408,-13.825000000000129,-1.0,-0.75,5.08780000382103,196.54860632276856
run_1788625067,553,18.433333333333408,SIMULATION,SEARCHING,SEARCHING,Reset,False,1404.484696613341,1434.6904120128029,,,,,,,,,,0.0,0,False,-18.466666666666743,-13.85000000000013,-1.0,-0.75,4.88039999618195,204.9012377637741
run_1788625067,554,18.466666666666743,SIMULATION,SEARCHING,SEARCHING,Reset,False,1405.6632079153185,1433.5119007108253,,,,,,,,,,0.0,0,False,-18.500000000000078,-13.87500000000013,-1.0,-0.75,5.7188999926438555,174.85880174269292
run_1788625067,555,18.500000000000078,SIMULATION,SEARCHING,SEARCHING,Reset,False,1406.841719217296,1432.3333894088478,,,,,,,,,,0.0,0,False,-18.533333333333413,-13.90000000000013,-1.0,-0.75,5.313899993780069,188.18570187066035
run_1788625067,556,18.533333333333413,SIMULATION,SEARCHING,SEARCHING,Reset,False,1408.0202305192736,1431.1548781068702,,,,,,,,,,0.0,0,False,-18.566666666666748,-13.92500000000013,-1.0,-0.75,4.636400000890717,215.68458282458073
run_1788625067,557,18.566666666666748,SIMULATION,SEARCHING,SEARCHING,Reset,False,1409.1987418212511,1429.9763668048927,,,,,,,,,,0.0,0,False,-18.600000000000083,-13.95000000000013,-1.0,-0.75,5.3057000041008,188.4765439484131
run_1788625067,558,18.600000000000083,SIMULATION,SEARCHING,SEARCHING,Reset,False,1410.3772531232287,1428.7978555029151,,,,,,,,,,0.0,0,False,-18.633333333333418,-13.975000000000131,-1.0,-0.75,5.509700000402518,181.49808518194163
run_1788625067,559,18.633333333333418,SIMULATION,SEARCHING,SEARCHING,Reset,False,1411.5557644252062,1427.6193442009376,,,,,,,,,,0.0,0,False,-18.666666666666753,-14.000000000000131,-1.0,-0.75,5.0832999986596406,196.7226015115533
run_1788625067,560,18.666666666666753,SIMULATION,SEARCHING,SEARCHING,Reset,False,1412.7342757271838,1426.44083289896,,,,,,,,,,0.0,0,False,-18.700000000000088,-14.025000000000132,-1.0,-0.75,4.066699999384582,245.8996238107879
run_1788625067,561,18.700000000000088,SIMULATION,SEARCHING,SEARCHING,Reset,False,1413.9127870291613,1425.2623215969825,,,,,,,,,,0.0,0,False,-18.733333333333423,-14.050000000000132,-1.0,-0.75,4.784999997355044,208.9864159984869
run_1788625067,562,18.733333333333423,SIMULATION,SEARCHING,SEARCHING,Reset,False,1415.091298331139,1424.083810295005,,,,,,,,,,0.0,0,False,-18.766666666666758,-14.075000000000133,-1.0,-0.75,6.200800009537488,161.26951336309733
run_1788625067,563,18.766666666666758,SIMULATION,SEARCHING,SEARCHING,Reset,False,1416.2698096331164,1422.9052989930274,,,,,,,,,,0.0,0,False,-18.800000000000093,-14.100000000000133,-1.0,-0.75,4.0462000033585355,247.14546961839582
run_1788625067,564,18.800000000000093,SIMULATION,SEARCHING,SEARCHING,Reset,False,1417.448320935094,1421.7267876910498,,,,,,,,,,0.0,0,False,-18.833333333333428,-14.125000000000133,-1.0,-0.75,6.928699993295595,144.32721880982407
run_1788625067,565,18.833333333333428,SIMULATION,SEARCHING,SEARCHING,Reset,False,1418.6268322370715,1420.5482763890723,,,,,,,,,,0.0,0,False,-18.866666666666763,-14.150000000000134,-1.0,-0.75,5.538100012927316,180.56734216892957
run_1788625067,566,18.866666666666763,SIMULATION,SEARCHING,SEARCHING,Reset,False,1419.805343539049,1419.3697650870947,,,,,,,,,,0.0,0,False,-18.900000000000098,-14.175000000000134,-1.0,-0.75,3.7598999915644526,265.96452092969395
run_1788625067,567,18.900000000000098,SIMULATION,SEARCHING,SEARCHING,Reset,False,1420.9838548410266,1418.1912537851172,,,,,,,,,,0.0,0,False,-18.933333333333433,-14.200000000000134,-1.0,-0.75,6.004399998346344,166.54453405426145
run_1788625067,568,18.933333333333433,SIMULATION,SEARCHING,SEARCHING,Reset,False,1422.1623661430042,1417.0127424831396,,,,,,,,,,0.0,0,False,-18.966666666666768,-14.225000000000135,-1.0,-0.75,5.359199989470653,186.5950145478287
run_1788625067,569,18.966666666666768,SIMULATION,SEARCHING,SEARCHING,Reset,False,1423.3408774449817,1415.834231181162,,,,,,,,,,0.0,0,False,-19.000000000000103,-14.250000000000135,-1.0,-0.75,5.956099994364195,167.89509930092242
run_1788625067,570,19.000000000000103,SIMULATION,SEARCHING,SEARCHING,Reset,False,1424.5193887469593,1414.6557198791845,,,,,,,,,,0.0,0,False,-19.033333333333438,-14.275000000000135,-1.0,-0.75,6.2252000061562285,160.63740908100613
run_1788625067,571,19.033333333333438,SIMULATION,SEARCHING,SEARCHING,Reset,False,1425.6979000489368,1413.477208577207,,,,,,,,,,0.0,0,False,-19.066666666666773,-14.300000000000136,-1.0,-0.75,7.552000010036863,132.41525406130378
run_1788625067,572,19.066666666666773,SIMULATION,SEARCHING,SEARCHING,Reset,False,1426.8764113509144,1412.2986972752294,,,,,,,,,,0.0,0,False,-19.100000000000108,-14.325000000000136,-1.0,-0.75,4.342100000940263,230.30330940868572
run_1788625067,573,19.100000000000108,SIMULATION,SEARCHING,SEARCHING,Reset,False,1428.054922652892,1411.1201859732519,,,,,,,,,,0.0,0,False,-19.133333333333443,-14.350000000000136,-1.0,-0.75,8.373700009542517,119.42152201063067
run_1788625067,574,19.133333333333443,SIMULATION,SEARCHING,SEARCHING,Reset,False,1429.2334339548695,1409.9416746712743,,,,,,,,,,0.0,0,False,-19.166666666666778,-14.375000000000137,-1.0,-0.75,6.0932999913347885,164.11468357410408
run_1788625067,575,19.166666666666778,SIMULATION,SEARCHING,SEARCHING,Reset,False,1430.411945256847,1408.7631633692968,,,,,,,,,,0.0,0,False,-19.200000000000113,-14.400000000000137,-1.0,-0.75,6.787499994970858,147.3296502012437
run_1788625067,576,19.200000000000113,SIMULATION,SEARCHING,SEARCHING,Reset,False,1431.5904565588246,1407.5846520673192,,,,,,,,,,0.0,0,False,-19.233333333333448,-14.425000000000137,-1.0,-0.75,6.388099995092489,156.541068669593
run_1788625067,577,19.233333333333448,SIMULATION,SEARCHING,SEARCHING,Reset,False,1432.7689678608021,1406.4061407653417,,,,,,,,,,0.0,0,False,-19.266666666666783,-14.450000000000138,-1.0,-0.75,6.247500001336448,160.06402557600364
run_1788625067,578,19.266666666666783,SIMULATION,SEARCHING,SEARCHING,Reset,False,1433.9474791627797,1405.227629463364,,,,,,,,,,0.0,0,False,-19.300000000000118,-14.475000000000138,-1.0,-0.75,7.337499991990626,136.28620117091205
run_1788625067,579,19.300000000000118,SIMULATION,SEARCHING,SEARCHING,Reset,False,1435.1259904647573,1404.0491181613866,,,,,,,,,,0.0,0,False,-19.333333333333453,-14.500000000000139,-1.0,-0.75,4.977599994163029,200.9000323795901
run_1788625067,580,19.333333333333453,SIMULATION,SEARCHING,SEARCHING,Reset,False,1436.3045017667348,1402.870606859409,,,,,,,,,,0.0,0,False,-19.366666666666788,-14.525000000000139,-1.0,-0.75,4.977899996447377,200.8879247702202
run_1788625067,581,19.366666666666788,SIMULATION,SEARCHING,SEARCHING,Reset,False,1437.4830130687124,1401.6920955574315,,,,,,,,,,0.0,0,False,-19.400000000000123,-14.55000000000014,-1.0,-0.75,6.758800009265542,147.9552581270513
run_1788625067,582,19.400000000000123,SIMULATION,SEARCHING,SEARCHING,Reset,False,1438.66152437069,1400.513584255454,,,,,,,,,,0.0,0,False,-19.433333333333458,-14.57500000000014,-1.0,-0.75,6.117199998698197,163.47348463558657
run_1788625067,583,19.433333333333458,SIMULATION,SEARCHING,SEARCHING,Reset,False,1439.8400356726675,1399.3350729534764,,,,,,,,,,0.0,0,False,-19.466666666666793,-14.60000000000014,-1.0,-0.75,6.294900013017468,158.8587583491495
run_1788625067,584,19.466666666666793,SIMULATION,SEARCHING,SEARCHING,Reset,False,1441.018546974645,1398.1565616514988,,,,,,,,,,0.0,0,False,-19.500000000000128,-14.62500000000014,-1.0,-0.75,5.24859999131877,190.52699799070396
run_1788625067,585,19.500000000000128,SIMULATION,SEARCHING,SEARCHING,Reset,False,1442.1970582766226,1396.9780503495213,,,,,,,,,,0.0,0,False,-19.533333333333463,-14.65000000000014,-1.0,-0.75,5.4401000088546425,183.82015006568597
run_1788625067,586,19.533333333333463,SIMULATION,SEARCHING,SEARCHING,Reset,False,1443.3755695786,1395.7995390475437,,,,,,,,,,0.0,0,False,-19.566666666666798,-14.675000000000141,-1.0,-0.75,4.648800007998943,215.10927514183297
run_1788625067,587,19.566666666666798,SIMULATION,SEARCHING,SEARCHING,Reset,False,1444.5540808805777,1394.6210277455662,,,,,,,,,,0.0,0,False,-19.600000000000133,-14.700000000000141,-1.0,-0.75,5.581400007940829,179.16651710632985
run_1788625067,588,19.600000000000133,SIMULATION,SEARCHING,SEARCHING,Reset,False,1445.7325921825552,1393.4425164435886,,,,,,,,,,0.0,0,False,-19.633333333333468,-14.725000000000142,-1.0,-0.75,6.02420000359416,165.99714475007133
run_1788625067,589,19.633333333333468,SIMULATION,SEARCHING,SEARCHING,Reset,False,1446.9111034845328,1392.264005141611,,,,,,,,,,0.0,0,False,-19.666666666666803,-14.750000000000142,-1.0,-0.75,5.462599991005845,183.06301058955387
run_1788625067,590,19.666666666666803,SIMULATION,SEARCHING,SEARCHING,Reset,False,1448.0896147865103,1391.0854938396335,,,,,,,,,,0.0,0,False,-19.700000000000138,-14.775000000000142,-1.0,-0.75,5.479100000229664,182.51172637076957
run_1788625067,591,19.700000000000138,SIMULATION,SEARCHING,SEARCHING,Reset,False,1449.2681260884879,1389.906982537656,,,,,,,,,,0.0,0,False,-19.733333333333473,-14.800000000000143,-1.0,-0.75,4.950399990775622,202.00387885087267
run_1788625067,592,19.733333333333473,SIMULATION,SEARCHING,SEARCHING,Reset,False,1450.4466373904654,1388.7284712356784,,,,,,,,,,0.0,0,False,-19.766666666666808,-14.825000000000143,-1.0,-0.75,7.017600000835955,142.49885999214507
run_1788625067,593,19.766666666666808,SIMULATION,SEARCHING,SEARCHING,Reset,False,1451.625148692443,1387.5499599337008,,,,,,,,,,0.0,0,False,-19.800000000000143,-14.850000000000144,-1.0,-0.75,4.371999995782971,228.72827103489334
run_1788625067,594,19.800000000000143,SIMULATION,SEARCHING,SEARCHING,Reset,False,1452.8036599944205,1386.3714486317233,,,,,,,,,,0.0,0,False,-19.833333333333478,-14.875000000000144,-1.0,-0.75,4.29660000372678,232.74216802416353
run_1788625067,595,19.833333333333478,SIMULATION,SEARCHING,SEARCHING,Reset,False,1453.982171296398,1385.1929373297457,,,,,,,,,,0.0,0,False,-19.866666666666813,-14.900000000000144,-1.0,-0.75,5.574099996010773,179.4011590598791
run_1788625067,596,19.866666666666813,SIMULATION,SEARCHING,SEARCHING,Reset,False,1455.1606825983756,1384.0144260277682,,,,,,,,,,0.0,0,False,-19.900000000000148,-14.925000000000145,-1.0,-0.75,4.883700006757863,204.76278203334383
run_1788625067,597,19.900000000000148,SIMULATION,SEARCHING,SEARCHING,Reset,False,1456.3391939003532,1382.8359147257906,,,,,,,,,,0.0,0,False,-19.933333333333483,-14.950000000000145,-1.0,-0.75,3.712300007464364,269.3747805913554
run_1788625067,598,19.933333333333483,SIMULATION,SEARCHING,SEARCHING,Reset,False,1457.5177052023307,1381.657403423813,,,,,,,,,,0.0,0,False,-19.966666666666818,-14.975000000000145,-1.0,-0.75,3.48469999153167,286.96874980059863
run_1788625067,599,19.966666666666818,SIMULATION,SEARCHING,SEARCHING,Reset,False,1458.6962165043083,1380.4788921218355,,,,,,,,,,0.0,0,False,-20.000000000000153,-15.000000000000146,-1.0,-0.75,4.8510000051464885,206.1430630672206
run_1788625067,600,20.000000000000153,SIMULATION,SEARCHING,SEARCHING,Reset,False,1459.8747278062858,1379.300380819858,,,,,,,,,,0.0,0,False,-20.033333333333488,-15.025000000000146,-1.0,-0.75,6.572999991476536,152.13753252650827
run_1788625067,601,20.033333333333488,SIMULATION,SEARCHING,SEARCHING,Reset,False,1461.0532391082634,1378.1218695178804,,,,,,,,,,0.0,0,False,-20.066666666666823,-15.050000000000146,-1.0,-0.75,6.942699998035096,144.0361819296552
run_1788625067,602,20.066666666666823,SIMULATION,SEARCHING,SEARCHING,Reset,False,1462.231750410241,1376.943358215903,,,,,,,,,,0.0,0,False,-20.100000000000158,-15.075000000000147,-1.0,-0.75,6.455799986724742,154.89947056233626
run_1788625067,603,20.100000000000158,SIMULATION,SEARCHING,SEARCHING,Reset,False,1463.4102617122185,1375.7648469139253,,,,,,,,,,0.0,0,False,-20.133333333333493,-15.100000000000147,-1.0,-0.75,4.962200007867068,201.52351747503138
run_1788625067,604,20.133333333333493,SIMULATION,SEARCHING,SEARCHING,Reset,False,1464.588773014196,1374.5863356119478,,,,,,,,,,0.0,0,False,-20.166666666666828,-15.125000000000147,-1.0,-0.75,3.5970999888377264,278.00172447336223
run_1788625067,605,20.166666666666828,SIMULATION,SEARCHING,SEARCHING,Reset,False,1465.7672843161736,1373.4078243099702,,,,,,,,,,0.0,0,False,-20.200000000000163,-15.150000000000148,-1.0,-0.75,4.435599999851547,225.44864280671578
run_1788625067,606,20.200000000000163,SIMULATION,SEARCHING,SEARCHING,Reset,False,1466.9457956181511,1372.2293130079927,,,,,,,,,,0.0,0,False,-20.233333333333498,-15.175000000000148,-1.0,-0.75,4.785299999639392,208.97331412353614
run_1788625067,607,20.233333333333498,SIMULATION,SEARCHING,SEARCHING,Reset,False,1468.1243069201287,1371.0508017060151,,,,,,,,,,0.0,0,False,-20.266666666666833,-15.200000000000149,-1.0,-0.75,4.54850000096485,219.8526986452402
run_1788625067,608,20.266666666666833,SIMULATION,SEARCHING,SEARCHING,Reset,False,1469.3028182221062,1369.8722904040376,,,,,,,,,,0.0,0,False,-20.300000000000168,-15.225000000000149,-1.0,-0.75,6.009100005030632,166.4142715486231
run_1788625067,609,20.300000000000168,SIMULATION,SEARCHING,SEARCHING,Reset,False,1470.4813295240838,1368.69377910206,,,,,,,,,,0.0,0,False,-20.333333333333503,-15.25000000000015,-1.0,-0.75,6.891999990330078,145.0957634072932
run_1788625067,610,20.333333333333503,SIMULATION,SEARCHING,SEARCHING,Reset,False,1471.6598408260613,1367.5152678000825,,,,,,,,,,0.0,0,False,-20.366666666666838,-15.27500000000015,-1.0,-0.75,5.951099999947473,168.03616138341255
run_1788625067,611,20.366666666666838,SIMULATION,SEARCHING,SEARCHING,Reset,False,1472.8383521280389,1366.336756498105,,,,,,,,,,0.0,0,False,-20.400000000000173,-15.30000000000015,-1.0,-0.75,4.958400008035824,201.677960305613
run_1788625067,612,20.400000000000173,SIMULATION,SEARCHING,SEARCHING,Reset,False,1474.0168634300164,1365.1582451961274,,,,,,,,,,0.0,0,False,-20.433333333333508,-15.32500000000015,-1.0,-0.75,5.670500002452172,176.35129169695023
run_1788625067,613,20.433333333333508,SIMULATION,SEARCHING,SEARCHING,Reset,False,1475.195374731994,1363.9797338941498,,,,,,,,,,0.0,0,False,-20.466666666666843,-15.35000000000015,-1.0,-0.75,5.375099994125776,186.04305056517248
run_1788625067,614,20.466666666666843,SIMULATION,SEARCHING,SEARCHING,Reset,False,1476.3738860339715,1362.8012225921723,,,,,,,,,,0.0,0,False,-20.500000000000178,-15.375000000000151,-1.0,-0.75,8.607199997641146,116.18180131448739
run_1788625067,615,20.500000000000178,SIMULATION,SEARCHING,SEARCHING,Reset,False,1477.552397335949,1361.6227112901947,,,,,,,,,,0.0,0,False,-20.533333333333513,-15.400000000000151,-1.0,-0.75,8.308900010888465,120.35287447069311
run_1788625067,616,20.533333333333513,SIMULATION,SEARCHING,SEARCHING,Reset,False,1478.7309086379266,1360.4441999882172,,,,,,,,,,0.0,0,False,-20.566666666666848,-15.425000000000152,-1.0,-0.75,5.149200005689636,194.20492482231117
run_1788625067,617,20.566666666666848,SIMULATION,SEARCHING,SEARCHING,Reset,False,1479.9094199399042,1359.2656886862396,,,,,,,,,,0.0,0,False,-20.600000000000183,-15.450000000000152,-1.0,-0.75,6.527099991217256,153.2073970592731
run_1788625067,618,20.600000000000183,SIMULATION,SEARCHING,SEARCHING,Reset,False,1481.0879312418817,1358.087177384262,,,,,,,,,,0.0,0,False,-20.633333333333518,-15.475000000000152,-1.0,-0.75,7.850900001358241,127.37393162911202
run_1788625067,619,20.633333333333518,SIMULATION,SEARCHING,SEARCHING,Reset,False,1482.2664425438593,1356.9086660822845,,,,,,,,,,0.0,0,False,-20.666666666666853,-15.500000000000153,-1.0,-0.75,6.81159998930525,146.80838592549165
run_1788625067,620,20.666666666666853,SIMULATION,SEARCHING,SEARCHING,Reset,False,1483.4449538458368,1355.730154780307,,,,,,,,,,0.0,0,False,-20.700000000000188,-15.525000000000153,-1.0,-0.75,5.4429000010713935,183.72558742640092
run_1788625067,621,20.700000000000188,SIMULATION,SEARCHING,SEARCHING,Reset,False,1484.6234651478144,1354.5516434783294,,,,,,,,,,0.0,0,False,-20.733333333333523,-15.550000000000153,-1.0,-0.75,5.943500000284985,168.25103052949459
run_1788625067,622,20.733333333333523,SIMULATION,SEARCHING,SEARCHING,Reset,False,1485.801976449792,1353.3731321763519,,,,,,,,,,0.0,0,False,-20.766666666666858,-15.575000000000154,-1.0,-0.75,5.5591999989701435,179.88199744302284
run_1788625067,623,20.766666666666858,SIMULATION,SEARCHING,SEARCHING,Reset,False,1486.9804877517695,1352.1946208743743,,,,,,,,,,0.0,0,False,-20.800000000000193,-15.600000000000154,-1.0,-0.75,5.251900001894683,190.4072811057405
run_1788625067,624,20.800000000000193,SIMULATION,SEARCHING,SEARCHING,Reset,False,1488.158999053747,1351.0161095723968,,,,,,,,,,0.0,0,False,-20.833333333333528,-15.625000000000155,-1.0,-0.75,6.467100000008941,154.62881353289998
run_1788625067,625,20.833333333333528,SIMULATION,SEARCHING,SEARCHING,Reset,False,1489.3375103557246,1349.8375982704192,,,,,,,,,,0.0,0,False,-20.866666666666863,-15.650000000000155,-1.0,-0.75,4.495500004850328,222.4446666491092
run_1788625067,626,20.866666666666863,SIMULATION,SEARCHING,SEARCHING,Reset,False,1490.5160216577021,1348.6590869684417,,,,,,,,,,0.0,0,False,-20.900000000000198,-15.675000000000155,-1.0,-0.75,5.746800001361407,174.009883720175
run_1788625067,627,20.900000000000198,SIMULATION,SEARCHING,SEARCHING,Reset,False,1491.6945329596797,1347.4805756664641,,,,,,,,,,0.0,0,False,-20.933333333333533,-15.700000000000156,-1.0,-0.75,4.589099989971146,217.90765121382495
run_1788625067,628,20.933333333333533,SIMULATION,SEARCHING,SEARCHING,Reset,False,1492.8730442616572,1346.3020643644866,,,,,,,,,,0.0,0,False,-20.966666666666868,-15.725000000000156,-1.0,-0.75,3.2792999991215765,304.943128188293
run_1788625067,629,20.966666666666868,SIMULATION,SEARCHING,SEARCHING,Reset,False,1494.0515555636348,1345.123553062509,,,,,,,,,,0.0,0,False,-21.000000000000203,-15.750000000000156,-1.0,-0.75,4.640500003006309,215.49401990133785
run_1788625067,630,21.000000000000203,SIMULATION,SEARCHING,SEARCHING,Reset,False,1495.2300668656123,1343.9450417605315,,,,,,,,,,0.0,0,False,-21.033333333333537,-15.775000000000157,-1.0,-0.75,4.062000007252209,246.18414530148232
run_1788625067,631,21.033333333333537,SIMULATION,SEARCHING,SEARCHING,Reset,False,1496.40857816759,1342.766530458554,,,,,,,,,,0.0,0,False,-21.066666666666872,-15.800000000000157,-1.0,-0.75,4.161200005910359,240.3152933239571
run_1788625067,632,21.066666666666872,SIMULATION,SEARCHING,SEARCHING,Reset,False,1497.5870894695674,1341.5880191565764,,,,,,,,,,0.0,0,False,-21.100000000000207,-15.825000000000157,-1.0,-0.75,5.24119999317918,190.7960011641199
run_1788625067,633,21.100000000000207,SIMULATION,SEARCHING,SEARCHING,Reset,False,1498.765600771545,1340.4095078545988,,,,,,,,,,0.0,0,False,-21.133333333333542,-15.850000000000158,-1.0,-0.75,7.522300002165139,132.9380641176463
run_1788625067,634,21.133333333333542,SIMULATION,SEARCHING,SEARCHING,Reset,False,1499.9441120735225,1339.2309965526213,,,,,,,,,,0.0,0,False,-21.166666666666877,-15.875000000000158,-1.0,-0.75,6.068999995477498,164.7717911921537
run_1788625067,635,21.166666666666877,SIMULATION,SEARCHING,SEARCHING,Reset,False,1501.1226233755,1338.0524852506437,,,,,,,,,,0.0,0,False,-21.200000000000212,-15.900000000000158,-1.0,-0.75,8.946100002503954,111.78055238820342
run_1788625067,636,21.200000000000212,SIMULATION,SEARCHING,SEARCHING,Reset,False,1502.3011346774776,1336.8739739486662,,,,,,,,,,0.0,0,False,-21.233333333333547,-15.925000000000159,-1.0,-0.75,7.716799998888746,129.5873937569983
run_1788625067,637,21.233333333333547,SIMULATION,SEARCHING,SEARCHING,Reset,False,1503.4796459794552,1335.6954626466886,,,,,,,,,,0.0,0,False,-21.266666666666882,-15.95000000000016,-1.0,-0.75,8.286199998110533,120.68258070382392
run_1788625067,638,21.266666666666882,SIMULATION,SEARCHING,SEARCHING,Reset,False,1504.6581572814328,1334.516951344711,,,,,,,,,,0.0,0,False,-21.300000000000217,-15.97500000000016,-1.0,-0.75,6.550499994773418,152.6601024040746
run_1788625067,639,21.300000000000217,SIMULATION,SEARCHING,SEARCHING,Reset,False,1505.8366685834103,1333.3384400427335,,,,,,,,,,0.0,0,False,-21.333333333333552,-16.00000000000016,-1.0,-0.75,8.811499996227212,113.4880554307628
run_1788625067,640,21.333333333333552,SIMULATION,SEARCHING,SEARCHING,Reset,False,1507.0151798853879,1332.159928740756,,,,,,,,,,0.0,0,False,-21.366666666666887,-16.02500000000016,-1.0,-0.75,8.151700007147156,122.67379799590653
run_1788625067,641,21.366666666666887,SIMULATION,SEARCHING,SEARCHING,Reset,False,1508.1936911873654,1330.9814174387784,,,,,,,,,,0.0,0,False,-21.400000000000222,-16.050000000000157,-1.0,-0.75,7.604799990076572,131.49589749959105
run_1788625067,642,21.400000000000222,SIMULATION,SEARCHING,SEARCHING,Reset,False,1509.372202489343,1329.8029061368009,,,,,,,,,,0.0,0,False,-21.433333333333557,-16.075000000000156,-1.0,-0.75,9.542799991322681,104.79104674826102
run_1788625067,643,21.433333333333557,SIMULATION,SEARCHING,SEARCHING,Reset,False,1510.5507137913205,1328.6243948348233,,,,,,,,,,0.0,0,False,-21.466666666666892,-16.100000000000154,-1.0,-0.75,7.572300004540011,132.0602722291041
run_1788625067,644,21.466666666666892,SIMULATION,SEARCHING,SEARCHING,Reset,False,1511.729225093298,1327.4458835328458,,,,,,,,,,0.0,0,False,-21.500000000000227,-16.125000000000153,-1.0,-0.75,8.066899987170473,123.96335662898899
run_1788625067,645,21.500000000000227,SIMULATION,SEARCHING,SEARCHING,Reset,False,1512.9077363952756,1326.2673722308682,,,,,,,,,,0.0,0,False,-21.533333333333562,-16.15000000000015,-1.0,-0.75,7.298500000615604,137.0144550134484
run_1788625067,646,21.533333333333562,SIMULATION,SEARCHING,SEARCHING,Reset,False,1514.0862476972532,1325.0888609288907,,,,,,,,,,0.0,0,False,-21.566666666666897,-16.17500000000015,-1.0,-0.75,7.699399997363798,129.88025045359257
run_1788625067,647,21.566666666666897,SIMULATION,SEARCHING,SEARCHING,Reset,False,1515.2647589992307,1323.910349626913,,,,,,,,,,0.0,0,False,-21.600000000000232,-16.20000000000015,-1.0,-0.75,8.625500006019138,115.93530801717806
run_1788625067,648,21.600000000000232,SIMULATION,SEARCHING,SEARCHING,Reset,False,1516.4432703012083,1322.7318383249356,,,,,,,,,,0.0,0,False,-21.633333333333567,-16.225000000000147,-1.0,-0.75,7.890600012615323,126.73307459524261
run_1788625067,649,21.633333333333567,SIMULATION,SEARCHING,SEARCHING,Reset,False,1517.6217816031858,1321.553327022958,,,,,,,,,,0.0,0,False,-21.666666666666902,-16.250000000000146,-1.0,-0.75,7.260400001541711,137.73345818242174
run_1788625067,650,21.666666666666902,SIMULATION,SEARCHING,SEARCHING,Reset,False,1518.8002929051634,1320.3748157209805,,,,,,,,,,0.0,0,False,-21.700000000000237,-16.275000000000144,-1.0,-0.75,8.406100008869544,118.96123040944887
run_1788625067,651,21.700000000000237,SIMULATION,SEARCHING,SEARCHING,Reset,False,1519.978804207141,1319.196304419003,,,,,,,,,,0.0,0,False,-21.733333333333572,-16.300000000000143,-1.0,-0.75,8.703800005605444,114.89234579792473
run_1788625067,652,21.733333333333572,SIMULATION,SEARCHING,SEARCHING,Reset,False,1521.1573155091185,1318.0177931170253,,,,,,,,,,0.0,0,False,-21.766666666666907,-16.32500000000014,-1.0,-0.75,7.1090999990701675,140.66478177698932
run_1788625067,653,21.766666666666907,SIMULATION,SEARCHING,SEARCHING,Reset,False,1522.335826811096,1316.8392818150478,,,,,,,,,,0.0,0,False,-21.800000000000242,-16.35000000000014,-1.0,-0.75,7.856700001866557,127.2799012005581
run_1788625067,654,21.800000000000242,SIMULATION,SEARCHING,SEARCHING,Reset,False,1523.5143381130736,1315.6607705130702,,,,,,,,,,0.0,0,False,-21.833333333333577,-16.37500000000014,-1.0,-0.75,5.472900011227466,182.7184852543504
run_1788625067,655,21.833333333333577,SIMULATION,SEARCHING,SEARCHING,Reset,False,1524.6928494150511,1314.4822592110927,,,,,,,,,,0.0,0,False,-21.866666666666912,-16.400000000000137,-1.0,-0.75,6.761900003766641,147.88742800735903
run_1788625067,656,21.866666666666912,SIMULATION,SEARCHING,SEARCHING,Reset,False,1525.8713607170287,1313.3037479091151,,,,,,,,,,0.0,0,False,-21.900000000000247,-16.425000000000136,-1.0,-0.75,4.547700009425171,219.89137320568338
run_1788625067,657,21.900000000000247,SIMULATION,SEARCHING,SEARCHING,Reset,False,1527.0498720190062,1312.1252366071376,,,,,,,,,,0.0,0,False,-21.933333333333582,-16.450000000000134,-1.0,-0.75,5.705799994757399,175.2602616493427
run_1788625067,658,21.933333333333582,SIMULATION,SEARCHING,SEARCHING,Reset,False,1528.2283833209838,1310.94672530516,,,,,,,,,,0.0,0,False,-21.966666666666917,-16.475000000000133,-1.0,-0.75,5.591300010564737,178.8492833706838
run_1788625067,659,21.966666666666917,SIMULATION,SEARCHING,SEARCHING,Reset,False,1529.4068946229613,1309.7682140031825,,,,,,,,,,0.0,0,False,-22.000000000000252,-16.50000000000013,-1.0,-0.75,5.126200005179271,195.0762746263601
run_1788625067,660,22.000000000000252,SIMULATION,SEARCHING,SEARCHING,Reset,False,1530.5854059249389,1308.589702701205,,,,,,,,,,0.0,0,False,-22.033333333333587,-16.52500000000013,-1.0,-0.75,5.367100005969405,186.32035901842303
run_1788625067,661,22.033333333333587,SIMULATION,SEARCHING,SEARCHING,Reset,False,1531.7639172269164,1307.4111913992274,,,,,,,,,,0.0,0,False,-22.066666666666922,-16.55000000000013,-1.0,-0.75,4.066100009367801,245.9359085354815
run_1788625067,662,22.066666666666922,SIMULATION,SEARCHING,SEARCHING,Reset,False,1532.942428528894,1306.2326800972498,,,,,,,,,,0.0,0,False,-22.100000000000257,-16.575000000000127,-1.0,-0.75,5.635699999402277,177.44024701564314
run_1788625067,663,22.100000000000257,SIMULATION,SEARCHING,SEARCHING,Reset,False,1534.1209398308715,1305.0541687952723,,,,,,,,,,0.0,0,False,-22.133333333333592,-16.600000000000126,-1.0,-0.75,4.714299997431226,212.1205694471904
run_1788625067,664,22.133333333333592,SIMULATION,SEARCHING,SEARCHING,Reset,False,1535.299451132849,1303.8756574932947,,,,,,,,,,0.0,0,False,-22.166666666666927,-16.625000000000124,-1.0,-0.75,5.523699990590103,181.03807261501342
run_1788625067,665,22.166666666666927,SIMULATION,SEARCHING,SEARCHING,Reset,False,1536.4779624348266,1302.6971461913172,,,,,,,,,,0.0,0,False,-22.200000000000262,-16.650000000000123,-1.0,-0.75,9.390199993504211,106.49400446122155
run_1788625067,666,22.200000000000262,SIMULATION,SEARCHING,SEARCHING,Reset,False,1537.6564737368042,1301.5186348893396,,,,,,,,,,0.0,0,False,-22.233333333333597,-16.67500000000012,-1.0,-0.75,6.351499992888421,157.44312384785786
run_1788625067,667,22.233333333333597,SIMULATION,SEARCHING,SEARCHING,Reset,False,1538.8349850387817,1300.340123587362,,,,,,,,,,0.0,0,False,-22.266666666666932,-16.70000000000012,-1.0,-0.75,9.507800001301803,105.17680219010502
run_1788625067,668,22.266666666666932,SIMULATION,SEARCHING,SEARCHING,Reset,False,1540.0134963407593,1299.1616122853845,,,,,,,,,,0.0,0,False,-22.300000000000267,-16.72500000000012,-1.0,-0.75,9.510399991995655,105.14804854071767
run_1788625067,669,22.300000000000267,SIMULATION,SEARCHING,SEARCHING,Reset,False,1541.1920076427368,1297.983100983407,,,,,,,,,,0.0,0,False,-22.333333333333602,-16.750000000000117,-1.0,-0.75,7.630199994309805,131.0581637107476
run_1788625067,670,22.333333333333602,SIMULATION,SEARCHING,SEARCHING,Reset,False,1542.3705189447144,1296.8045896814294,,,,,,,,,,0.0,0,False,-22.366666666666937,-16.775000000000116,-1.0,-0.75,9.499100007815287,105.27313105212708
run_1788625067,671,22.366666666666937,SIMULATION,SEARCHING,SEARCHING,Reset,False,1543.549030246692,1295.6260783794519,,,,,,,,,,0.0,0,False,-22.400000000000272,-16.800000000000114,-1.0,-0.75,10.395899997092783,96.19176793540245
run_1788625067,672,22.400000000000272,SIMULATION,SEARCHING,SEARCHING,Reset,False,1544.7275415486695,1294.4475670774743,,,,,,,,,,0.0,0,False,-22.433333333333607,-16.825000000000113,-1.0,-0.75,9.144800002104603,109.3517627252491
run_1788625067,673,22.433333333333607,SIMULATION,SEARCHING,SEARCHING,Reset,False,1545.906052850647,1293.2690557754968,,,,,,,,,,0.0,0,False,-22.466666666666942,-16.85000000000011,-1.0,-0.75,7.378499998594634,135.5289015640669
run_1788625067,674,22.466666666666942,SIMULATION,SEARCHING,SEARCHING,Reset,False,1547.0845641526246,1292.0905444735192,,,,,,,,,,0.0,0,False,-22.500000000000277,-16.87500000000011,-1.0,-0.75,5.096399996546097,196.21693757901934
run_1788625067,675,22.500000000000277,SIMULATION,SEARCHING,SEARCHING,Reset,False,1548.2630754546021,1290.9120331715417,,,,,,,,,,0.0,0,False,-22.533333333333612,-16.90000000000011,-1.0,-0.75,7.111600003554486,140.61533262559547
run_1788625067,676,22.533333333333612,SIMULATION,SEARCHING,SEARCHING,Reset,False,1549.4415867565797,1289.7335218695641,,,,,,,,,,0.0,0,False,-22.566666666666947,-16.925000000000107,-1.0,-0.75,7.998399989446625,125.02500516596267
run_1788625067,677,22.566666666666947,SIMULATION,SEARCHING,SEARCHING,Reset,False,1550.6200980585572,1288.5550105675866,,,,,,,,,,0.0,0,False,-22.600000000000282,-16.950000000000106,-1.0,-0.75,7.232300005853176,138.26860047159127
run_1788625067,678,22.600000000000282,SIMULATION,SEARCHING,SEARCHING,Reset,False,1551.7986093605348,1287.376499265609,,,,,,,,,,0.0,0,False,-22.633333333333617,-16.975000000000104,-1.0,-0.75,8.814600005280226,113.44814278594242
run_1788625067,679,22.633333333333617,SIMULATION,SEARCHING,SEARCHING,Reset,False,1552.9771206625123,1286.1979879636315,,,,,,,,,,0.0,0,False,-22.666666666666952,-17.000000000000103,-1.0,-0.75,7.140000001527369,140.0560223790032
run_1788625067,680,22.666666666666952,SIMULATION,SEARCHING,SEARCHING,Reset,False,1554.1556319644899,1285.019476661654,,,,,,,,,,0.0,0,False,-22.700000000000287,-17.0250000000001,-1.0,-0.75,8.657700003823265,115.50411767078982
run_1788625067,681,22.700000000000287,SIMULATION,SEARCHING,SEARCHING,Reset,False,1555.3341432664674,1283.8409653596764,,,,,,,,,,0.0,0,False,-22.733333333333622,-17.0500000000001,-1.0,-0.75,6.599699991056696,151.52203908588388
run_1788625067,682,22.733333333333622,SIMULATION,SEARCHING,SEARCHING,Reset,False,1556.512654568445,1282.6624540576988,,,,,,,,,,0.0,0,False,-22.766666666666957,-17.0750000000001,-1.0,-0.75,4.253200007951818,235.1170878704015
run_1788625067,683,22.766666666666957,SIMULATION,SEARCHING,SEARCHING,Reset,False,1557.6911658704225,1281.4839427557213,,,,,,,,,,0.0,0,False,-22.800000000000292,-17.100000000000097,-1.0,-0.75,4.968000008375384,201.28824442716055
run_1788625067,684,22.800000000000292,SIMULATION,SEARCHING,SEARCHING,Reset,False,1558.8696771724,1280.3054314537437,,,,,,,,,,0.0,0,False,-22.833333333333627,-17.125000000000096,-1.0,-0.75,5.653700005495921,176.87532041457933
run_1788625067,685,22.833333333333627,SIMULATION,SEARCHING,SEARCHING,Reset,False,1560.0481884743776,1279.1269201517662,,,,,,,,,,0.0,0,False,-22.866666666666962,-17.150000000000095,-1.0,-0.75,4.91820000752341,203.32641992401528
run_1788625067,686,22.866666666666962,SIMULATION,SEARCHING,SEARCHING,Reset,False,1561.2266997763552,1277.9484088497886,,,,,,,,,,0.0,0,False,-22.900000000000297,-17.175000000000093,-1.0,-0.75,5.38570000207983,185.67688501287182
run_1788625067,687,22.900000000000297,SIMULATION,SEARCHING,SEARCHING,Reset,False,1562.4052110783327,1276.769897547811,,,,,,,,,,0.0,0,False,-22.933333333333632,-17.20000000000009,-1.0,-0.75,7.125899996026419,140.33315097849047
run_1788625067,688,22.933333333333632,SIMULATION,SEARCHING,SEARCHING,Reset,False,1563.5837223803103,1275.5913862458335,,,,,,,,,,0.0,0,False,-22.966666666666967,-17.22500000000009,-1.0,-0.75,4.403600003570318,227.08692869225803
run_1788625067,689,22.966666666666967,SIMULATION,SEARCHING,SEARCHING,Reset,False,1564.7622336822878,1274.412874943856,,,,,,,,,,0.0,0,False,-23.000000000000302,-17.25000000000009,-1.0,-0.75,8.436600008280948,118.53116172610407
run_1788625067,690,23.000000000000302,SIMULATION,SEARCHING,SEARCHING,Reset,False,1565.9407449842654,1273.2343636418784,,,,,,,,,,0.0,0,False,-23.033333333333637,-17.275000000000087,-1.0,-0.75,5.979499997920357,167.23806344139066
run_1788625067,691,23.033333333333637,SIMULATION,SEARCHING,SEARCHING,Reset,False,1567.119256286243,1272.0558523399009,,,,,,,,,,0.0,0,False,-23.066666666666972,-17.300000000000086,-1.0,-0.75,6.675000011455268,149.81273382529665
run_1788625067,692,23.066666666666972,SIMULATION,SEARCHING,SEARCHING,Reset,False,1568.2977675882205,1270.8773410379233,,,,,,,,,,0.0,0,False,-23.100000000000307,-17.325000000000085,-1.0,-0.75,5.150500001036562,194.15590715440158
run_1788625067,693,23.100000000000307,SIMULATION,SEARCHING,SEARCHING,Reset,False,1569.476278890198,1269.6988297359458,,,,,,,,,,0.0,0,False,-23.133333333333642,-17.350000000000083,-1.0,-0.75,5.60560000303667,178.39303543925345
run_1788625067,694,23.133333333333642,SIMULATION,SEARCHING,SEARCHING,Reset,False,1570.6547901921756,1268.5203184339682,,,,,,,,,,0.0,0,False,-23.166666666666977,-17.37500000000008,-1.0,-0.75,5.491300005814992,182.10624058803083
run_1788625067,695,23.166666666666977,SIMULATION,SEARCHING,SEARCHING,Reset,False,1571.8333014941531,1267.3418071319907,,,,,,,,,,0.0,0,False,-23.200000000000312,-17.40000000000008,-1.0,-0.75,4.20779999694787,237.65388106025728
run_1788625067,696,23.200000000000312,SIMULATION,SEARCHING,SEARCHING,Reset,False,1573.0118127961307,1266.163295830013,,,,,,,,,,0.0,0,False,-23.233333333333647,-17.42500000000008,-1.0,-0.75,6.234399988898076,160.40035958243817
run_1788625067,697,23.233333333333647,SIMULATION,SEARCHING,SEARCHING,Reset,False,1574.1903240981082,1264.9847845280356,,,,,,,,,,0.0,0,False,-23.266666666666982,-17.450000000000077,-1.0,-0.75,7.8760000033071265,126.96800400966237
run_1788625067,698,23.266666666666982,SIMULATION,SEARCHING,SEARCHING,Reset,False,1575.3688354000858,1263.806273226058,,,,,,,,,,0.0,0,False,-23.300000000000317,-17.475000000000076,-1.0,-0.75,5.5585999944014475,179.9014142063087
run_1788625067,699,23.300000000000317,SIMULATION,SEARCHING,SEARCHING,Reset,False,1576.5473467020634,1262.6277619240805,,,,,,,,,,0.0,0,False,-23.333333333333652,-17.500000000000075,-1.0,-0.75,5.649499988066964,177.00681513624724
run_1788625067,700,23.333333333333652,SIMULATION,SEARCHING,SEARCHING,Reset,False,1577.725858004041,1261.449250622103,,,,,,,,,,0.0,0,False,-23.366666666666987,-17.525000000000073,-1.0,-0.75,5.993899991153739,166.83628380117742
run_1788625067,701,23.366666666666987,SIMULATION,SEARCHING,SEARCHING,Reset,False,1578.9043693060185,1260.2707393201254,,,,,,,,,,0.0,0,False,-23.400000000000322,-17.55000000000007,-1.0,-0.75,6.807099998695776,146.905436998369
run_1788625067,702,23.400000000000322,SIMULATION,SEARCHING,SEARCHING,Reset,False,1580.082880607996,1259.0922280181478,,,,,,,,,,0.0,0,False,-23.433333333333657,-17.57500000000007,-1.0,-0.75,6.439299992052838,155.29638333889793
run_1788625067,703,23.433333333333657,SIMULATION,SEARCHING,SEARCHING,Reset,False,1581.2613919099736,1257.9137167161703,,,,,,,,,,0.0,0,False,-23.466666666666992,-17.60000000000007,-1.0,-0.75,8.0080000043381,124.87512480747742
run_1788625067,704,23.466666666666992,SIMULATION,SEARCHING,SEARCHING,Reset,False,1582.439903211951,1256.7352054141927,,,,,,,,,,0.0,0,False,-23.500000000000327,-17.625000000000068,-1.0,-0.75,5.820799997309223,171.79769111844922
run_1788625067,705,23.500000000000327,SIMULATION,SEARCHING,SEARCHING,Reset,False,1583.6184145139287,1255.5566941122152,,,,,,,,,,0.0,0,False,-23.533333333333662,-17.650000000000066,-1.0,-0.75,4.849500008276664,206.20682509398813
run_1788625067,706,23.533333333333662,SIMULATION,SEARCHING,SEARCHING,Reset,False,1584.7969258159062,1254.3781828102376,,,,,,,,,,0.0,0,False,-23.566666666666997,-17.675000000000065,-1.0,-0.75,6.382499996107072,156.67841764354685
run_1788625067,707,23.566666666666997,SIMULATION,SEARCHING,SEARCHING,Reset,False,1585.9754371178838,1253.19967150826,,,,,,,,,,0.0,0,False,-23.600000000000332,-17.700000000000063,-1.0,-0.75,5.459499996504746,183.16695679828098
run_1788625067,708,23.600000000000332,SIMULATION,SEARCHING,SEARCHING,Reset,False,1587.1539484198613,1252.0211602062825,,,,,,,,,,0.0,0,False,-23.633333333333667,-17.725000000000062,-1.0,-0.75,6.001100002322346,166.6361166474502
run_1788625067,709,23.633333333333667,SIMULATION,SEARCHING,SEARCHING,Reset,False,1588.3324597218389,1250.842648904305,,,,,,,,,,0.0,0,False,-23.666666666667002,-17.75000000000006,-1.0,-0.75,4.789099999470636,208.80750038849368
run_1788625067,710,23.666666666667002,SIMULATION,SEARCHING,SEARCHING,Reset,False,1589.5109710238164,1249.6641376023274,,,,,,,,,,0.0,0,False,-23.700000000000337,-17.77500000000006,-1.0,-0.75,6.095500008086674,164.05545052470464
run_1788625067,711,23.700000000000337,SIMULATION,SEARCHING,SEARCHING,Reset,False,1590.689482325794,1248.4856263003498,,,,,,,,,,0.0,0,False,-23.733333333333672,-17.800000000000058,-1.0,-0.75,5.332200002158061,187.53985214269488
run_1788625067,712,23.733333333333672,SIMULATION,SEARCHING,SEARCHING,Reset,False,1591.8679936277715,1247.3071149983723,,,,,,,,,,0.0,0,False,-23.766666666667007,-17.825000000000056,-1.0,-0.75,4.961500002536923,201.55194991205852
run_1788625067,713,23.766666666667007,SIMULATION,SEARCHING,SEARCHING,Reset,False,1593.046504929749,1246.1286036963947,,,,,,,,,,0.0,0,False,-23.80000000000034,-17.850000000000055,-1.0,-0.75,5.690399993909523,175.7345706927997
run_1788625067,714,23.80000000000034,SIMULATION,SEARCHING,SEARCHING,Reset,False,1594.2250162317266,1244.9500923944172,,,,,,,,,,0.0,0,False,-23.833333333333677,-17.875000000000053,-1.0,-0.75,6.531899998662993,153.0948116481711
run_1788625067,715,23.833333333333677,SIMULATION,SEARCHING,SEARCHING,Reset,False,1595.4035275337042,1243.7715810924396,,,,,,,,,,0.0,0,False,-23.86666666666701,-17.900000000000052,-1.0,-0.75,4.644500004360452,215.30842912286744
run_1788625067,716,23.86666666666701,SIMULATION,SEARCHING,SEARCHING,Reset,False,1596.5820388356817,1242.593069790462,,,,,,,,,,0.0,0,False,-23.900000000000347,-17.92500000000005,-1.0,-0.75,6.401799997547641,156.20606710348235
run_1788625067,717,23.900000000000347,SIMULATION,SEARCHING,SEARCHING,Reset,False,1597.7605501376593,1241.4145584884845,,,,,,,,,,0.0,0,False,-23.93333333333368,-17.95000000000005,-1.0,-0.75,5.7732999994186684,173.21116174470288
run_1788625067,718,23.93333333333368,SIMULATION,SEARCHING,SEARCHING,Reset,False,1598.9390614396368,1240.236047186507,,,,,,,,,,0.0,0,False,-23.966666666667017,-17.975000000000048,-1.0,-0.75,4.523999989032745,221.0433250274621
run_1788625067,719,23.966666666667017,SIMULATION,SEARCHING,SEARCHING,Reset,False,1600.1175727416144,1239.0575358845294,,,,,,,,,,0.0,0,False,-24.00000000000035,-18.000000000000046,-1.0,-0.75,4.003699999884702,249.76896371576237
run_1788625067,720,24.00000000000035,SIMULATION,SEARCHING,SEARCHING,Reset,False,1601.296084043592,1237.879024582552,,,,,,,,,,0.0,0,False,-24.033333333333687,-18.025000000000045,-1.0,-0.75,5.299099997500889,188.7112906855146
run_1788625067,721,24.033333333333687,SIMULATION,SEARCHING,SEARCHING,Reset,False,1602.4745953455695,1236.7005132805743,,,,,,,,,,0.0,0,False,-24.06666666666702,-18.050000000000043,-1.0,-0.75,5.599099997198209,178.60013225346935
run_1788625067,722,24.06666666666702,SIMULATION,SEARCHING,SEARCHING,Reset,False,1603.653106647547,1235.5220019785968,,,,,,,,,,0.0,0,False,-24.100000000000357,-18.075000000000042,-1.0,-0.75,5.861700003151782,170.59897290245308
run_1788625067,723,24.100000000000357,SIMULATION,SEARCHING,SEARCHING,Reset,False,1604.8316179495246,1234.3434906766192,,,,,,,,,,0.0,0,False,-24.13333333333369,-18.10000000000004,-1.0,-0.75,6.02789998811204,165.89525406396194
run_1788625067,724,24.13333333333369,SIMULATION,SEARCHING,SEARCHING,Reset,False,1606.0101292515021,1233.1649793746417,,,,,,,,,,0.0,0,False,-24.166666666667027,-18.12500000000004,-1.0,-0.75,6.571899997652508,152.1629970567418
run_1788625067,725,24.166666666667027,SIMULATION,SEARCHING,SEARCHING,Reset,False,1607.1886405534797,1231.9864680726641,,,,,,,,,,0.0,0,False,-24.20000000000036,-18.150000000000038,-1.0,-0.75,7.942600001115352,125.90335656580635
run_1788625067,726,24.20000000000036,SIMULATION,SEARCHING,SEARCHING,Reset,False,1608.3671518554572,1230.8079567706866,,,,,,,,,,0.0,0,False,-24.233333333333697,-18.175000000000036,-1.0,-0.75,8.237000001827255,121.40342354961334
run_1788625067,727,24.233333333333697,SIMULATION,SEARCHING,SEARCHING,Reset,False,1609.5456631574348,1229.629445468709,,,,,,,,,,0.0,0,False,-24.26666666666703,-18.200000000000035,-1.0,-0.75,7.74880000972189,129.05224018497938
run_1788625067,728,24.26666666666703,SIMULATION,SEARCHING,SEARCHING,Reset,False,1610.7241744594123,1228.4509341667315,,,,,,,,,,0.0,0,False,-24.300000000000367,-18.225000000000033,-1.0,-0.75,9.569200003170408,104.50194370153055
run_1788625067,729,24.300000000000367,SIMULATION,SEARCHING,SEARCHING,Reset,False,1611.9026857613899,1227.272422864754,,,,,,,,,,0.0,0,False,-24.3333333333337,-18.250000000000032,-1.0,-0.75,7.847300003049895,127.43236522260455
run_1788625067,730,24.3333333333337,SIMULATION,SEARCHING,SEARCHING,Reset,False,1613.0811970633674,1226.0939115627764,,,,,,,,,,0.0,0,False,-24.366666666667037,-18.27500000000003,-1.0,-0.75,5.768100003479049,173.3673132221783
run_1788625067,731,24.366666666667037,SIMULATION,SEARCHING,SEARCHING,Reset,False,1614.259708365345,1224.9154002607988,,,,,,,,,,0.0,0,False,-24.40000000000037,-18.30000000000003,-1.0,-0.75,6.414899995434098,155.88707551353335
run_1788625067,732,24.40000000000037,SIMULATION,SEARCHING,SEARCHING,Reset,False,1615.4382196673225,1223.7368889588213,,,,,,,,,,0.0,0,False,-24.433333333333707,-18.325000000000028,-1.0,-0.75,4.7923000092851,208.66807129405424
run_1788625067,733,24.433333333333707,SIMULATION,SEARCHING,SEARCHING,Reset,False,1616.6167309693,1222.5583776568437,,,,,,,,,,0.0,0,False,-24.46666666666704,-18.350000000000026,-1.0,-0.75,6.106600005296059,163.7572461161255
run_1788625067,734,24.46666666666704,SIMULATION,SEARCHING,SEARCHING,Reset,False,1617.7952422712776,1221.3798663548662,,,,,,,,,,0.0,0,False,-24.500000000000377,-18.375000000000025,-1.0,-0.75,7.257500008563511,137.78849449811185
run_1788625067,735,24.500000000000377,SIMULATION,SEARCHING,SEARCHING,Reset,False,1618.9737535732552,1220.2013550528886,,,,,,,,,,0.0,0,False,-24.53333333333371,-18.400000000000023,-1.0,-0.75,7.714399995165877,129.6277093003521
run_1788625067,736,24.53333333333371,SIMULATION,SEARCHING,SEARCHING,Reset,False,1620.1522648752327,1219.022843750911,,,,,,,,,,0.0,0,False,-24.566666666667047,-18.425000000000022,-1.0,-0.75,6.351400006678887,157.44560237875723
run_1788625067,737,24.566666666667047,SIMULATION,SEARCHING,SEARCHING,Reset,False,1621.3307761772103,1217.8443324489335,,,,,,,,,,0.0,0,False,-24.60000000000038,-18.45000000000002,-1.0,-0.75,6.162600009702146,162.26917184721395
run_1788625067,738,24.60000000000038,SIMULATION,SEARCHING,SEARCHING,Reset,False,1622.5092874791878,1216.665821146956,,,,,,,,,,0.0,0,False,-24.633333333333717,-18.47500000000002,-1.0,-0.75,6.9269999949028715,144.36263905526707
run_1788625067,739,24.633333333333717,SIMULATION,SEARCHING,SEARCHING,Reset,False,1623.6877987811654,1215.4873098449784,,,,,,,,,,0.0,0,False,-24.66666666666705,-18.500000000000018,-1.0,-0.75,7.688600002438761,130.06269017542962
run_1788625067,740,24.66666666666705,SIMULATION,SEARCHING,SEARCHING,Reset,False,1624.866310083143,1214.3087985430009,,,,,,,,,,0.0,0,False,-24.700000000000387,-18.525000000000016,-1.0,-0.75,5.466300004627556,182.93909941888282
run_1788625067,741,24.700000000000387,SIMULATION,SEARCHING,SEARCHING,Reset,False,1626.0448213851205,1213.1302872410233,,,,,,,,,,0.0,0,False,-24.73333333333372,-18.550000000000015,-1.0,-0.75,4.8128999915206805,207.7749385530117
run_1788625067,742,24.73333333333372,SIMULATION,SEARCHING,SEARCHING,Reset,False,1627.223332687098,1211.9517759390458,,,,,,,,,,0.0,0,False,-24.766666666667057,-18.575000000000014,-1.0,-0.75,5.33819998963736,187.32906259436209
run_1788625067,743,24.766666666667057,SIMULATION,SEARCHING,SEARCHING,Reset,False,1628.4018439890756,1210.7732646370682,,,,,,,,,,0.0,0,False,-24.80000000000039,-18.600000000000012,-1.0,-0.75,6.449699998483993,155.04597116688385
run_1788625067,744,24.80000000000039,SIMULATION,SEARCHING,SEARCHING,Reset,False,1629.5803552910531,1209.5947533350907,,,,,,,,,,0.0,0,False,-24.833333333333727,-18.62500000000001,-1.0,-0.75,4.398500008392148,227.35023260021444
run_1788625067,745,24.833333333333727,SIMULATION,SEARCHING,SEARCHING,Reset,False,1630.7588665930307,1208.4162420331131,,,,,,,,,,0.0,0,False,-24.86666666666706,-18.65000000000001,-1.0,-0.75,5.808000001707114,172.17630848933806
run_1788625067,746,24.86666666666706,SIMULATION,SEARCHING,SEARCHING,Reset,False,1631.9373778950082,1207.2377307311356,,,,,,,,,,0.0,0,False,-24.900000000000396,-18.675000000000008,-1.0,-0.75,7.1687000017846,139.49530594822724
run_1788625067,747,24.900000000000396,SIMULATION,SEARCHING,SEARCHING,Reset,False,1633.1158891969858,1206.059219429158,,,,,,,,,,0.0,0,False,-24.93333333333373,-18.700000000000006,-1.0,-0.75,6.008900003507733,166.4198105171069
run_1788625067,748,24.93333333333373,SIMULATION,SEARCHING,SEARCHING,Reset,False,1634.2944004989633,1204.8807081271805,,,,,,,,,,0.0,0,False,-24.966666666667066,-18.725000000000005,-1.0,-0.75,6.384499996784143,156.62933675365298
run_1788625067,749,24.966666666667066,SIMULATION,SEARCHING,SEARCHING,Reset,False,1635.472911800941,1203.702196825203,,,,,,,,,,0.0,0,False,-25.0000000000004,-18.750000000000004,-1.0,-0.75,5.389099998865277,185.5597409976729
run_1788625067,750,25.0000000000004,SIMULATION,SEARCHING,SEARCHING,Reset,False,1636.6514231029184,1202.5236855232254,,,,,,,,,,0.0,0,False,-25.033333333333736,-18.775000000000002,-1.0,-0.75,7.522200001403689,132.93983140748634
run_1788625067,751,25.033333333333736,SIMULATION,SEARCHING,SEARCHING,Reset,False,1637.829934404896,1201.3451742212478,,,,,,,,,,0.0,0,False,-25.06666666666707,-18.8,-1.0,-0.75,5.304000005708076,188.53695303993527
run_1788625067,752,25.06666666666707,SIMULATION,SEARCHING,SEARCHING,Reset,False,1639.0084457068735,1200.1666629192703,,,,,,,,,,0.0,0,False,-25.100000000000406,-18.825,-1.0,-0.75,7.70360000024084,129.8094397383998
run_1788625067,753,25.100000000000406,SIMULATION,SEARCHING,SEARCHING,Reset,False,1640.186957008851,1198.9881516172927,,,,,,,,,,0.0,0,False,-25.13333333333374,-18.849999999999998,-1.0,-0.75,9.207199997035787,108.61065256776709
run_1788625067,754,25.13333333333374,SIMULATION,SEARCHING,SEARCHING,Reset,False,1641.3654683108286,1197.8096403153152,,,,,,,,,,0.0,0,False,-25.166666666667076,-18.874999999999996,-1.0,-0.75,7.12569999450352,140.33708979768443
run_1788625067,755,25.166666666667076,SIMULATION,SEARCHING,SEARCHING,Reset,False,1642.5439796128062,1196.6311290133376,,,,,,,,,,0.0,0,False,-25.20000000000041,-18.899999999999995,-1.0,-0.75,7.520900006056763,132.96281019488038
run_1788625067,756,25.20000000000041,SIMULATION,SEARCHING,SEARCHING,Reset,False,1643.7224909147837,1195.45261771136,,,,,,,,,,0.0,0,False,-25.233333333333746,-18.924999999999994,-1.0,-0.75,7.279099998413585,137.37962113694564
run_1788625067,757,25.233333333333746,SIMULATION,SEARCHING,SEARCHING,Reset,False,1644.9010022167613,1194.2741064093825,,,,,,,,,,0.0,0,False,-25.26666666666708,-18.949999999999992,-1.0,-0.75,7.003300008364022,142.78982748214452
run_1788625067,758,25.26666666666708,SIMULATION,SEARCHING,SEARCHING,Reset,False,1646.0795135187388,1193.095595107405,,,,,,,,,,0.0,0,False,-25.300000000000416,-18.97499999999999,-1.0,-0.75,8.107499990728684,123.34258416818355
run_1788625067,759,25.300000000000416,SIMULATION,SEARCHING,SEARCHING,Reset,False,1647.2580248207164,1191.9170838054274,,,,,,,,,,0.0,0,False,-25.33333333333375,-18.99999999999999,-1.0,-0.75,9.682499992777593,103.27911187667686
run_1788625067,760,25.33333333333375,SIMULATION,SEARCHING,SEARCHING,Reset,False,1648.436536122694,1190.7385725034499,,,,,,,,,,0.0,0,False,-25.366666666667086,-19.024999999999988,-1.0,-0.75,7.567199994809926,132.149275912605
run_1788625067,761,25.366666666667086,SIMULATION,SEARCHING,SEARCHING,Reset,False,1649.6150474246715,1189.5600612014723,,,,,,,,,,0.0,0,False,-25.40000000000042,-19.049999999999986,-1.0,-0.75,7.128600002033636,140.27999883774115
run_1788625067,762,25.40000000000042,SIMULATION,SEARCHING,SEARCHING,Reset,False,1650.793558726649,1188.3815498994948,,,,,,,,,,0.0,0,False,-25.433333333333756,-19.074999999999985,-1.0,-0.75,6.00720000511501,166.46690623726863
run_1788625067,763,25.433333333333756,SIMULATION,SEARCHING,SEARCHING,Reset,False,1651.9720700286266,1187.2030385975172,,,,,,,,,,0.0,0,False,-25.46666666666709,-19.099999999999984,-1.0,-0.75,7.005100007518195,142.75313684697636
run_1788625067,764,25.46666666666709,SIMULATION,SEARCHING,SEARCHING,Reset,False,1653.1505813306042,1186.0245272955397,,,,,,,,,,0.0,0,False,-25.500000000000426,-19.124999999999982,-1.0,-0.75,5.445900009362958,183.6243776567202
run_1788625067,765,25.500000000000426,SIMULATION,SEARCHING,SEARCHING,Reset,False,1654.3290926325817,1184.846015993562,,,,,,,,,,0.0,0,False,-25.53333333333376,-19.14999999999998,-1.0,-0.75,5.765800000517629,173.43647020538768
run_1788625067,766,25.53333333333376,SIMULATION,SEARCHING,SEARCHING,Reset,False,1655.5076039345593,1183.6675046915846,,,,,,,,,,0.0,0,False,-25.566666666667096,-19.17499999999998,-1.0,-0.75,6.234000000404194,160.4106512568436
run_1788625067,767,25.566666666667096,SIMULATION,SEARCHING,SEARCHING,Reset,False,1656.6861152365368,1182.488993389607,,,,,,,,,,0.0,0,False,-25.60000000000043,-19.199999999999978,-1.0,-0.75,6.080399994971231,164.4628644212627
run_1788625067,768,25.60000000000043,SIMULATION,SEARCHING,SEARCHING,Reset,False,1657.8646265385144,1181.3104820876295,,,,,,,,,,0.0,0,False,-25.633333333333766,-19.224999999999977,-1.0,-0.75,5.523799991351552,181.03479517101812
run_1788625067,769,25.633333333333766,SIMULATION,SEARCHING,SEARCHING,Reset,False,1659.043137840492,1180.131970785652,,,,,,,,,,0.0,0,False,-25.6666666666671,-19.249999999999975,-1.0,-0.75,7.237400001031347,138.1711664212974
run_1788625067,770,25.6666666666671,SIMULATION,SEARCHING,SEARCHING,Reset,False,1660.2216491424695,1178.9534594836744,,,,,,,,,,0.0,0,False,-25.700000000000436,-19.274999999999974,-1.0,-0.75,6.432800000766292,155.4533018096128
run_1788625067,771,25.700000000000436,SIMULATION,SEARCHING,SEARCHING,Reset,False,1661.400160444447,1177.7749481816968,,,,,,,,,,0.0,0,False,-25.73333333333377,-19.299999999999972,-1.0,-0.75,6.490399988251738,154.0737091412083
run_1788625067,772,25.73333333333377,SIMULATION,SEARCHING,SEARCHING,Reset,False,1662.5786717464246,1176.5964368797192,,,,,,,,,,0.0,0,False,-25.766666666667106,-19.32499999999997,-1.0,-0.75,6.9161999999778345,144.58806859304312
run_1788625067,773,25.766666666667106,SIMULATION,SEARCHING,SEARCHING,Reset,False,1663.757183048402,1175.4179255777417,,,,,,,,,,0.0,0,False,-25.80000000000044,-19.34999999999997,-1.0,-0.75,7.830499991541728,127.70576605327503
run_1788625067,774,25.80000000000044,SIMULATION,SEARCHING,SEARCHING,Reset,False,1664.9356943503797,1174.2394142757641,,,,,,,,,,0.0,0,False,-25.833333333333776,-19.374999999999968,-1.0,-0.75,4.865099996095523,205.54562101550803
run_1788625067,775,25.833333333333776,SIMULATION,SEARCHING,SEARCHING,Reset,False,1666.1142056523572,1173.0609029737866,,,,,,,,,,0.0,0,False,-25.86666666666711,-19.399999999999967,-1.0,-0.75,6.116599994129501,163.4895204786589
run_1788625067,776,25.86666666666711,SIMULATION,SEARCHING,SEARCHING,Reset,False,1667.2927169543348,1171.882391671809,,,,,,,,,,0.0,0,False,-25.900000000000446,-19.424999999999965,-1.0,-0.75,4.772100000991486,209.55135051491644
run_1788625067,777,25.900000000000446,SIMULATION,SEARCHING,SEARCHING,Reset,False,1668.4712282563123,1170.7038803698315,,,,,,,,,,0.0,0,False,-25.93333333333378,-19.449999999999964,-1.0,-0.75,5.949099999270402,168.0926526907667
run_1788625067,778,25.93333333333378,SIMULATION,SEARCHING,SEARCHING,Reset,False,1669.6497395582899,1169.525369067854,,,,,,,,,,0.0,0,False,-25.966666666667116,-19.474999999999962,-1.0,-0.75,4.858699991018511,205.8163710145795
run_1788625067,779,25.966666666667116,SIMULATION,SEARCHING,SEARCHING,Reset,False,1670.8282508602674,1168.3468577658764,,,,,,,,,,0.0,0,False,-26.00000000000045,-19.49999999999996,-1.0,-0.75,5.407000004197471,184.94544095130328
run_1788625067,780,26.00000000000045,SIMULATION,SEARCHING,SEARCHING,Reset,False,1672.006762162245,1167.1683464638988,,,,,,,,,,0.0,0,False,-26.033333333333786,-19.52499999999996,-1.0,-0.75,5.575100003625266,179.3689798119746
run_1788625067,781,26.033333333333786,SIMULATION,SEARCHING,SEARCHING,Reset,False,1673.1852734642225,1165.9898351619213,,,,,,,,,,0.0,0,False,-26.06666666666712,-19.549999999999958,-1.0,-0.75,6.813400003011338,146.76960101535607
run_1788625067,782,26.06666666666712,SIMULATION,SEARCHING,SEARCHING,Reset,False,1674.3637847662,1164.8113238599437,,,,,,,,,,0.0,0,False,-26.100000000000456,-19.574999999999957,-1.0,-0.75,7.127099990611896,140.3095229921343
run_1788625067,783,26.100000000000456,SIMULATION,SEARCHING,SEARCHING,Reset,False,1675.5422960681776,1163.6328125579662,,,,,,,,,,0.0,0,False,-26.13333333333379,-19.599999999999955,-1.0,-0.75,6.406300002709031,156.09634259668297
run_1788625067,784,26.13333333333379,SIMULATION,SEARCHING,SEARCHING,Reset,False,1676.7208073701552,1162.4543012559886,,,,,,,,,,0.0,0,False,-26.166666666667126,-19.624999999999954,-1.0,-0.75,9.71199999912642,102.9654036336438
run_1788625067,785,26.166666666667126,SIMULATION,SEARCHING,SEARCHING,Reset,False,1677.8993186721327,1161.275789954011,,,,,,,,,,0.0,0,False,-26.20000000000046,-19.649999999999952,-1.0,-0.75,8.428399989497848,118.64648109321382
run_1788625067,786,26.20000000000046,SIMULATION,SEARCHING,SEARCHING,Reset,False,1679.0778299741103,1160.0972786520335,,,,,,,,,,0.0,0,False,-26.233333333333796,-19.67499999999995,-1.0,-0.75,7.394200001726858,135.24113491201993
run_1788625067,787,26.233333333333796,SIMULATION,SEARCHING,SEARCHING,Reset,False,1680.2563412760878,1158.918767350056,,,,,,,,,,0.0,0,False,-26.26666666666713,-19.69999999999995,-1.0,-0.75,5.488000009790994,182.215743115147
run_1788625067,788,26.26666666666713,SIMULATION,SEARCHING,SEARCHING,Reset,False,1681.4348525780654,1157.7402560480784,,,,,,,,,,0.0,0,False,-26.300000000000466,-19.724999999999948,-1.0,-0.75,6.017200008500367,166.19025436869669
run_1788625067,789,26.300000000000466,SIMULATION,SEARCHING,SEARCHING,Reset,False,1682.613363880043,1156.5617447461009,,,,,,,,,,0.0,0,False,-26.3333333333338,-19.749999999999947,-1.0,-0.75,6.105799999204464,163.77870223890264
run_1788625067,790,26.3333333333338,SIMULATION,SEARCHING,SEARCHING,Reset,False,1683.7918751820205,1155.3832334441233,,,,,,,,,,0.0,0,False,-26.366666666667136,-19.774999999999945,-1.0,-0.75,8.467699997709133,118.0958229826921
run_1788625067,791,26.366666666667136,SIMULATION,SEARCHING,SEARCHING,Reset,False,1684.970386483998,1154.2047221421458,,,,,,,,,,0.0,0,False,-26.40000000000047,-19.799999999999944,-1.0,-0.75,7.229099996038713,138.32980599908205
run_1788625067,792,26.40000000000047,SIMULATION,SEARCHING,SEARCHING,Reset,False,1686.1488977859756,1153.0262108401682,,,,,,,,,,0.0,0,False,-26.433333333333806,-19.824999999999942,-1.0,-0.75,7.351300009759143,136.0303617962075
run_1788625067,793,26.433333333333806,SIMULATION,SEARCHING,SEARCHING,Reset,False,1687.3274090879531,1151.8476995381907,,,,,,,,,,0.0,0,False,-26.46666666666714,-19.84999999999994,-1.0,-0.75,6.651799994870089,150.33524771809232
run_1788625067,794,26.46666666666714,SIMULATION,SEARCHING,SEARCHING,Reset,False,1688.5059203899307,1150.6691882362131,,,,,,,,,,0.0,0,False,-26.500000000000476,-19.87499999999994,-1.0,-0.75,6.815000000642613,146.73514305292827
run_1788625067,795,26.500000000000476,SIMULATION,SEARCHING,SEARCHING,Reset,False,1689.6844316919082,1149.4906769342356,,,,,,,,,,0.0,0,False,-26.53333333333381,-19.899999999999938,-1.0,-0.75,6.7374999925959855,148.42300572896863
run_1788625067,796,26.53333333333381,SIMULATION,SEARCHING,SEARCHING,Reset,False,1690.8629429938858,1148.312165632258,,,,,,,,,,0.0,0,False,-26.566666666667146,-19.924999999999937,-1.0,-0.75,7.087000005412847,141.10342870554942
run_1788625067,797,26.566666666667146,SIMULATION,SEARCHING,SEARCHING,Reset,False,1692.0414542958633,1147.1336543302805,,,,,,,,,,0.0,0,False,-26.60000000000048,-19.949999999999935,-1.0,-0.75,7.876700008637272,126.9567203147816
run_1788625067,798,26.60000000000048,SIMULATION,SEARCHING,SEARCHING,Reset,False,1693.2199655978409,1145.955143028303,,,,,,,,,,0.0,0,False,-26.633333333333816,-19.974999999999934,-1.0,-0.75,8.06429999647662,124.00332334324254
run_1788625067,799,26.633333333333816,SIMULATION,SEARCHING,SEARCHING,Reset,False,1694.3984768998184,1144.7766317263254,,,,,,,,,,0.0,0,False,-26.66666666666715,-19.999999999999932,-1.0,-0.75,9.818000005907379,101.85373797090155
run_1788625067,800,26.66666666666715,SIMULATION,SEARCHING,SEARCHING,Reset,False,1695.576988201796,1143.5981204243478,,,,,,,,,,0.0,0,False,-26.700000000000486,-20.02499999999993,-1.0,-0.75,7.1687000017846,139.49530594822724
run_1788625067,801,26.700000000000486,SIMULATION,SEARCHING,SEARCHING,Reset,False,1696.7554995037735,1142.4196091223703,,,,,,,,,,0.0,0,False,-26.73333333333382,-20.04999999999993,-1.0,-0.75,6.278500004555099,159.27371175830095
run_1788625067,802,26.73333333333382,SIMULATION,SEARCHING,SEARCHING,Reset,False,1697.934010805751,1141.2410978203927,,,,,,,,,,0.0,0,False,-26.766666666667156,-20.07499999999993,-1.0,-0.75,6.017799998517148,166.17368477623234
run_1788625067,803,26.766666666667156,SIMULATION,SEARCHING,SEARCHING,Reset,False,1699.1125221077286,1140.0625865184152,,,,,,,,,,0.0,0,False,-26.80000000000049,-20.099999999999927,-1.0,-0.75,6.76940000266768,147.72357957956697
run_1788625067,804,26.80000000000049,SIMULATION,SEARCHING,SEARCHING,Reset,False,1700.2910334097062,1138.8840752164376,,,,,,,,,,0.0,0,False,-26.833333333333826,-20.124999999999925,-1.0,-0.75,6.06339999649208,164.92397014522217
run_1788625067,805,26.833333333333826,SIMULATION,SEARCHING,SEARCHING,Reset,False,1701.4695447116837,1137.70556391446,,,,,,,,,,0.0,0,False,-26.86666666666716,-20.149999999999924,-1.0,-0.75,6.416000003810041,155.86034903462684
run_1788625067,806,26.86666666666716,SIMULATION,SEARCHING,SEARCHING,Reset,False,1702.6480560136613,1136.5270526124825,,,,,,,,,,0.0,0,False,-26.900000000000496,-20.174999999999923,-1.0,-0.75,7.235299999592826,138.21126975471316
run_1788625067,807,26.900000000000496,SIMULATION,SEARCHING,SEARCHING,Reset,False,1703.8265673156388,1135.348541310505,,,,,,,,,,0.0,0,False,-26.93333333333383,-20.19999999999992,-1.0,-0.75,7.866200001444668,127.12618542833196
run_1788625067,808,26.93333333333383,SIMULATION,SEARCHING,SEARCHING,Reset,False,1705.0050786176164,1134.1700300085274,,,,,,,,,,0.0,0,False,-26.966666666667166,-20.22499999999992,-1.0,-0.75,8.377600010135211,119.36592804504883
run_1788625067,809,26.966666666667166,SIMULATION,SEARCHING,SEARCHING,Reset,False,1706.183589919594,1132.9915187065499,,,,,,,,,,0.0,0,False,-27.0000000000005,-20.24999999999992,-1.0,-0.75,5.997699990984984,166.73058030629724
run_1788625067,810,27.0000000000005,SIMULATION,SEARCHING,SEARCHING,Reset,False,1707.3621012215715,1131.8130074045723,,,,,,,,,,0.0,0,False,-27.033333333333836,-20.274999999999917,-1.0,-0.75,6.071399999200366,164.70665746478653
run_1788625067,811,27.033333333333836,SIMULATION,SEARCHING,SEARCHING,Reset,False,1708.540612523549,1130.6344961025948,,,,,,,,,,0.0,0,False,-27.06666666666717,-20.299999999999915,-1.0,-0.75,5.378100002417341,185.93927215011274
run_1788625067,812,27.06666666666717,SIMULATION,SEARCHING,SEARCHING,Reset,False,1709.7191238255266,1129.4559848006172,,,,,,,,,,0.0,0,False,-27.100000000000506,-20.324999999999914,-1.0,-0.75,5.050899999332614,197.98451763688294
run_1788625067,813,27.100000000000506,SIMULATION,SEARCHING,SEARCHING,Reset,False,1710.8976351275041,1128.2774734986397,,,,,,,,,,0.0,0,False,-27.13333333333384,-20.349999999999913,-1.0,-0.75,4.676399999880232,213.83970576204158
run_1788625067,814,27.13333333333384,SIMULATION,SEARCHING,SEARCHING,Reset,False,1712.0761464294817,1127.0989621966621,,,,,,,,,,0.0,0,False,-27.166666666667176,-20.37499999999991,-1.0,-0.75,4.0459000010741875,247.16379538162084
run_1788625067,815,27.166666666667176,SIMULATION,SEARCHING,SEARCHING,Reset,False,1713.2546577314592,1125.9204508946846,,,,,,,,,,0.0,0,False,-27.20000000000051,-20.39999999999991,-1.0,-0.75,4.7405999939655885,210.94376266146088
run_1788625067,816,27.20000000000051,SIMULATION,SEARCHING,SEARCHING,Reset,False,1714.4331690334368,1124.741939592707,,,,,,,,,,0.0,0,False,-27.233333333333846,-20.42499999999991,-1.0,-0.75,5.878600000869483,170.10852921649604
run_1788625067,817,27.233333333333846,SIMULATION,SEARCHING,SEARCHING,Reset,False,1715.6116803354143,1123.5634282907295,,,,,,,,,,0.0,0,False,-27.26666666666718,-20.449999999999907,-1.0,-0.75,3.8985999999567866,256.5023341740841
run_1788625067,818,27.26666666666718,SIMULATION,SEARCHING,SEARCHING,Reset,False,1716.790191637392,1122.384916988752,,,,,,,,,,0.0,0,False,-27.300000000000516,-20.474999999999905,-1.0,-0.75,6.4184000075329095,155.802068868621
run_1788625067,819,27.300000000000516,SIMULATION,SEARCHING,SEARCHING,Reset,False,1717.9687029393695,1121.2064056867744,,,,,,,,,,0.0,0,False,-27.33333333333385,-20.499999999999904,-1.0,-0.75,4.980099998647347,200.79918079388196
run_1788625067,820,27.33333333333385,SIMULATION,SEARCHING,SEARCHING,Reset,False,1719.147214241347,1120.0278943847968,,,,,,,,,,0.0,0,False,-27.366666666667186,-20.524999999999903,-1.0,-0.75,5.268900000373833,189.79293589345957
run_1788625067,821,27.366666666667186,SIMULATION,SEARCHING,SEARCHING,Reset,False,1720.3257255433246,1118.8493830828193,,,,,,,,,,0.0,0,False,-27.40000000000052,-20.5499999999999,-1.0,-0.75,4.75449999794364,210.327058667054
run_1788625067,822,27.40000000000052,SIMULATION,SEARCHING,SEARCHING,Reset,False,1721.504236845302,1117.6708717808417,,,,,,,,,,0.0,0,False,-27.433333333333856,-20.5749999999999,-1.0,-0.75,4.945699998643249,202.195846952773
run_1788625067,823,27.433333333333856,SIMULATION,SEARCHING,SEARCHING,Reset,False,1722.6827481472797,1116.4923604788642,,,,,,,,,,0.0,0,False,-27.46666666666719,-20.5999999999999,-1.0,-0.75,5.81459999375511,171.98087591132696
run_1788625067,824,27.46666666666719,SIMULATION,SEARCHING,SEARCHING,Reset,False,1723.8612594492572,1115.3138491768866,,,,,,,,,,0.0,0,False,-27.500000000000526,-20.624999999999897,-1.0,-0.75,3.9843999984441325,250.97881748581713
run_1788625067,825,27.500000000000526,SIMULATION,SEARCHING,SEARCHING,Reset,False,1725.0397707512348,1114.135337874909,,,,,,,,,,0.0,0,False,-27.53333333333386,-20.649999999999896,-1.0,-0.75,5.804400003398769,172.283095481781
run_1788625067,826,27.53333333333386,SIMULATION,SEARCHING,SEARCHING,Reset,False,1726.2182820532123,1112.9568265729315,,,,,,,,,,0.0,0,False,-27.566666666667196,-20.674999999999894,-1.0,-0.75,6.1678999918513,162.12973642911632
run_1788625067,827,27.566666666667196,SIMULATION,SEARCHING,SEARCHING,Reset,False,1727.3967933551899,1111.778315270954,,,,,,,,,,0.0,0,False,-27.60000000000053,-20.699999999999893,-1.0,-0.75,4.449900006875396,224.72415075730524
run_1788625067,828,27.60000000000053,SIMULATION,SEARCHING,SEARCHING,Reset,False,1728.5753046571674,1110.5998039689764,,,,,,,,,,0.0,0,False,-27.633333333333866,-20.72499999999989,-1.0,-0.75,6.263499992201105,159.65514508583598
run_1788625067,829,27.633333333333866,SIMULATION,SEARCHING,SEARCHING,Reset,False,1729.753815959145,1109.4212926669989,,,,,,,,,,0.0,0,False,-27.6666666666672,-20.74999999999989,-1.0,-0.75,9.765599999809638,102.40026214666719
run_1788625067,830,27.6666666666672,SIMULATION,SEARCHING,SEARCHING,Reset,False,1730.9323272611225,1108.2427813650213,,,,,,,,,,0.0,0,False,-27.700000000000536,-20.77499999999989,-1.0,-0.75,5.6031999993138015,178.46944605269587
run_1788625067,831,27.700000000000536,SIMULATION,SEARCHING,SEARCHING,Reset,False,1732.1108385631,1107.0642700630438,,,,,,,,,,0.0,0,False,-27.73333333333387,-20.799999999999887,-1.0,-0.75,9.725600000820123,102.82141974949349
run_1788625067,832,27.73333333333387,SIMULATION,SEARCHING,SEARCHING,Reset,False,1733.2893498650776,1105.8857587610662,,,,,,,,,,0.0,0,False,-27.766666666667206,-20.824999999999886,-1.0,-0.75,7.391399994958192,135.29236689695026
run_1788625067,833,27.766666666667206,SIMULATION,SEARCHING,SEARCHING,Reset,False,1734.4678611670552,1104.7072474590886,,,,,,,,,,0.0,0,False,-27.80000000000054,-20.849999999999884,-1.0,-0.75,8.305399998789653,120.40359286075687
run_1788625067,834,27.80000000000054,SIMULATION,SEARCHING,SEARCHING,Reset,False,1735.6463724690327,1103.528736157111,,,,,,,,,,0.0,0,False,-27.833333333333876,-20.874999999999883,-1.0,-0.75,7.212700002128258,138.64433564475564
run_1788625067,835,27.833333333333876,SIMULATION,SEARCHING,SEARCHING,Reset,False,1736.8248837710103,1102.3502248551335,,,,,,,,,,0.0,0,False,-27.86666666666721,-20.89999999999988,-1.0,-0.75,9.288500004913658,107.66000963244825
run_1788625067,836,27.86666666666721,SIMULATION,SEARCHING,SEARCHING,Reset,False,1738.0033950729878,1101.171713553156,,,,,,,,,,0.0,0,False,-27.900000000000546,-20.92499999999988,-1.0,-0.75,8.860200003255159,112.86426938811866
run_1788625067,837,27.900000000000546,SIMULATION,SEARCHING,SEARCHING,Reset,False,1739.1819063749654,1099.9932022511784,,,,,,,,,,0.0,0,False,-27.93333333333388,-20.94999999999988,-1.0,-0.75,9.21849999576807,108.47751808418606
run_1788625067,838,27.93333333333388,SIMULATION,SEARCHING,SEARCHING,Reset,False,1740.360417676943,1098.814690949201,,,,,,,,,,0.0,0,False,-27.966666666667216,-20.974999999999877,-1.0,-0.75,7.081899995682761,141.20504393024694
run_1788625067,839,27.966666666667216,SIMULATION,SEARCHING,SEARCHING,Reset,False,1741.5389289789205,1097.6361796472233,,,,,,,,,,0.0,0,False,-28.00000000000055,-20.999999999999876,-1.0,-0.75,7.49319999886211,133.45433194788026
run_1788625067,840,28.00000000000055,SIMULATION,SEARCHING,SEARCHING,Reset,False,1742.717440280898,1096.4576683452458,,,,,,,,,,0.0,0,False,-28.033333333333886,-21.024999999999874,-1.0,-0.75,6.2760000000707805,159.33715742331455
run_1788625067,841,28.033333333333886,SIMULATION,SEARCHING,SEARCHING,Reset,False,1743.8959515828756,1095.2791570432682,,,,,,,,,,0.0,0,False,-28.06666666666722,-21.049999999999873,-1.0,-0.75,7.643799996003509,130.82498240702805
run_1788625067,842,28.06666666666722,SIMULATION,SEARCHING,SEARCHING,Reset,False,1745.0744628848531,1094.1006457412907,,,,,,,,,,0.0,0,False,-28.100000000000556,-21.07499999999987,-1.0,-0.75,9.681600000476465,103.28871260440285
run_1788625067,843,28.100000000000556,SIMULATION,SEARCHING,SEARCHING,Reset,False,1746.2529741868307,1092.9221344393131,,,,,,,,,,0.0,0,False,-28.13333333333389,-21.09999999999987,-1.0,-0.75,7.541799990576692,132.59434103920515
run_1788625067,844,28.13333333333389,SIMULATION,SEARCHING,SEARCHING,Reset,False,1747.4314854888082,1091.7436231373356,,,,,,,,,,0.0,0,False,-28.166666666667226,-21.12499999999987,-1.0,-0.75,8.180499993613921,122.24191684868242
run_1788625067,845,28.166666666667226,SIMULATION,SEARCHING,SEARCHING,Reset,False,1748.6099967907858,1090.565111835358,,,,,,,,,,0.0,0,False,-28.20000000000056,-21.149999999999867,-1.0,-0.75,7.436500003677793,134.47186169642174
run_1788625067,846,28.20000000000056,SIMULATION,SEARCHING,SEARCHING,Reset,False,1749.7885080927633,1089.3866005333805,,,,,,,,,,0.0,0,False,-28.233333333333896,-21.174999999999866,-1.0,-0.75,7.750000004307367,129.0322579928014
run_1788625067,847,28.233333333333896,SIMULATION,SEARCHING,SEARCHING,Reset,False,1750.9670193947409,1088.208089231403,,,,,,,,,,0.0,0,False,-28.26666666666723,-21.199999999999864,-1.0,-0.75,4.485199999180622,222.95549812331328
run_1788625067,848,28.26666666666723,SIMULATION,SEARCHING,SEARCHING,Reset,False,1752.1455306967184,1087.0295779294254,,,,,,,,,,0.0,0,False,-28.300000000000566,-21.224999999999863,-1.0,-0.75,5.25450000714045,190.31306473329127
run_1788625067,849,28.300000000000566,SIMULATION,SEARCHING,SEARCHING,Reset,False,1753.324041998696,1085.8510666274478,,,,,,,,,,0.0,0,False,-28.3333333333339,-21.24999999999986,-1.0,-0.75,5.25819999165833,190.17914905983258
run_1788625067,850,28.3333333333339,SIMULATION,SEARCHING,SEARCHING,Reset,False,1754.5025533006735,1084.6725553254703,,,,,,,,,,0.0,0,False,-28.366666666667236,-21.27499999999986,-1.0,-0.75,5.160800006706268,193.76840774696504
run_1788625067,851,28.366666666667236,SIMULATION,SEARCHING,SEARCHING,Reset,False,1755.681064602651,1083.4940440234927,,,,,,,,,,0.0,0,False,-28.40000000000057,-21.29999999999986,-1.0,-0.75,4.178000002866611,239.34897063520336
run_1788625067,852,28.40000000000057,SIMULATION,SEARCHING,SEARCHING,Reset,False,1756.8595759046286,1082.3155327215152,,,,,,,,,,0.0,0,False,-28.433333333333906,-21.324999999999857,-1.0,-0.75,4.542900001979433,220.12370942884058
run_1788625067,853,28.433333333333906,SIMULATION,SEARCHING,SEARCHING,Reset,False,1758.0380872066062,1081.1370214195376,,,,,,,,,,0.0,0,False,-28.46666666666724,-21.349999999999856,-1.0,-0.75,5.598700008704327,178.6128920008743
run_1788625067,854,28.46666666666724,SIMULATION,SEARCHING,SEARCHING,Reset,False,1759.2165985085837,1079.95851011756,,,,,,,,,,0.0,0,False,-28.500000000000576,-21.374999999999854,-1.0,-0.75,4.17879999440629,239.30314954977322
run_1788625067,855,28.500000000000576,SIMULATION,SEARCHING,SEARCHING,Reset,False,1760.3951098105613,1078.7799988155825,,,,,,,,,,0.0,0,False,-28.53333333333391,-21.399999999999853,-1.0,-0.75,5.2097000007051975,191.94963239047115
run_1788625067,856,28.53333333333391,SIMULATION,SEARCHING,SEARCHING,Reset,False,1761.5736211125388,1077.601487513605,,,,,,,,,,0.0,0,False,-28.566666666667246,-21.42499999999985,-1.0,-0.75,4.15150000480935,240.87679124209063
run_1788625067,857,28.566666666667246,SIMULATION,SEARCHING,SEARCHING,Reset,False,1762.7521324145164,1076.4229762116274,,,,,,,,,,0.0,0,False,-28.60000000000058,-21.44999999999985,-1.0,-0.75,4.647199995815754,215.18333639619127
run_1788625067,858,28.60000000000058,SIMULATION,SEARCHING,SEARCHING,Reset,False,1763.930643716494,1075.2444649096499,,,,,,,,,,0.0,0,False,-28.633333333333916,-21.47499999999985,-1.0,-0.75,4.360100007033907,229.3525374158289
run_1788625067,859,28.633333333333916,SIMULATION,SEARCHING,SEARCHING,Reset,False,1765.1091550184715,1074.0659536076723,,,,,,,,,,0.0,0,False,-28.66666666666725,-21.499999999999847,-1.0,-0.75,5.175400001462549,193.22177990443322
run_1788625067,860,28.66666666666725,SIMULATION,SEARCHING,SEARCHING,Reset,False,1766.287666320449,1072.8874423056948,,,,,,,,,,0.0,0,False,-28.700000000000585,-21.524999999999846,-1.0,-0.75,5.469299998367205,182.83875455698868
run_1788625067,861,28.700000000000585,SIMULATION,SEARCHING,SEARCHING,Reset,False,1767.4661776224266,1071.7089310037172,,,,,,,,,,0.0,0,False,-28.73333333333392,-21.549999999999844,-1.0,-0.75,3.8258999993558973,261.37640820940254
run_1788625067,862,28.73333333333392,SIMULATION,SEARCHING,SEARCHING,Reset,False,1768.6446889244041,1070.5304197017397,,,,,,,,,,0.0,0,False,-28.766666666667255,-21.574999999999843,-1.0,-0.75,3.8333000120474026,260.87183284824357
run_1788625067,863,28.766666666667255,SIMULATION,SEARCHING,SEARCHING,Reset,False,1769.8232002263817,1069.3519083997621,,,,,,,,,,0.0,0,False,-28.80000000000059,-21.59999999999984,-1.0,-0.75,4.26619999052491,234.4006380903303
run_1788625067,864,28.80000000000059,SIMULATION,SEARCHING,SEARCHING,Reset,False,1771.0017115283592,1068.1733970977846,,,,,,,,,,0.0,0,False,-28.833333333333925,-21.62499999999984,-1.0,-0.75,3.5235000104876235,283.80871208273624
run_1788625067,865,28.833333333333925,SIMULATION,SEARCHING,SEARCHING,Reset,False,1772.1802228303368,1066.994885795807,,,,,,,,,,0.0,0,False,-28.86666666666726,-21.64999999999984,-1.0,-0.75,3.817800010438077,261.9309542841282
run_1788625067,866,28.86666666666726,SIMULATION,SEARCHING,SEARCHING,Reset,False,1773.3587341323143,1065.8163744938295,,,,,,,,,,0.0,0,False,-28.900000000000595,-21.674999999999837,-1.0,-0.75,4.368199995951727,228.92724713308914
run_1788625067,867,28.900000000000595,SIMULATION,SEARCHING,SEARCHING,Reset,False,1774.537245434292,1064.637863191852,,,,,,,,,,0.0,0,False,-28.93333333333393,-21.699999999999836,-1.0,-0.75,4.949900001520291,202.02428325680606
run_1788625067,868,28.93333333333393,SIMULATION,SEARCHING,SEARCHING,Reset,False,1775.7157567362694,1063.4593518898744,,,,,,,,,,0.0,0,False,-28.966666666667265,-21.724999999999834,-1.0,-0.75,4.163600009633228,240.17676954710404
run_1788625067,869,28.966666666667265,SIMULATION,SEARCHING,SEARCHING,Reset,False,1776.894268038247,1062.2808405878968,,,,,,,,,,0.0,0,False,-29.0000000000006,-21.749999999999833,-1.0,-0.75,5.04420000652317,198.24749191285
run_1788625067,870,29.0000000000006,SIMULATION,SEARCHING,SEARCHING,Reset,False,1778.0727793402245,1061.1023292859193,,,,,,,,,,0.0,0,False,-29.033333333333935,-21.77499999999983,-1.0,-0.75,4.889599993475713,204.51570707917196
run_1788625067,871,29.033333333333935,SIMULATION,SEARCHING,SEARCHING,Reset,False,1779.251290642202,1059.9238179839417,,,,,,,,,,0.0,0,False,-29.06666666666727,-21.79999999999983,-1.0,-0.75,5.003599988413043,199.8561040682157
run_1788625067,872,29.06666666666727,SIMULATION,SEARCHING,SEARCHING,Reset,False,1780.4298019441796,1058.7453066819642,,,,,,,,,,0.0,0,False,-29.100000000000605,-21.82499999999983,-1.0,-0.75,5.210699993767776,191.91279505556713
run_1788625067,873,29.100000000000605,SIMULATION,SEARCHING,SEARCHING,Reset,False,1781.6083132461572,1057.5667953799866,,,,,,,,,,0.0,0,False,-29.13333333333394,-21.849999999999827,-1.0,-0.75,5.648799997288734,177.02874955388262
run_1788625067,874,29.13333333333394,SIMULATION,SEARCHING,SEARCHING,Reset,False,1782.7868245481347,1056.388284078009,,,,,,,,,,0.0,0,False,-29.166666666667275,-21.874999999999826,-1.0,-0.75,4.319999992731027,231.48148187097976
run_1788625067,875,29.166666666667275,SIMULATION,SEARCHING,SEARCHING,Reset,False,1783.9653358501123,1055.2097727760315,,,,,,,,,,0.0,0,False,-29.20000000000061,-21.899999999999824,-1.0,-0.75,7.62580000446178,131.13378260837027
run_1788625067,876,29.20000000000061,SIMULATION,SEARCHING,SEARCHING,Reset,False,1785.1438471520898,1054.031261474054,,,,,,,,,,0.0,0,False,-29.233333333333945,-21.924999999999823,-1.0,-0.75,7.045800011837855,141.92852455645502
run_1788625067,877,29.233333333333945,SIMULATION,SEARCHING,SEARCHING,Reset,False,1786.3223584540674,1052.8527501720764,,,,,,,,,,0.0,0,False,-29.26666666666728,-21.94999999999982,-1.0,-0.75,8.497899994836189,117.67613182170388
run_1788625067,878,29.26666666666728,SIMULATION,SEARCHING,SEARCHING,Reset,False,1787.500869756045,1051.6742388700989,,,,,,,,,,0.0,0,False,-29.300000000000615,-21.97499999999982,-1.0,-0.75,5.7262999907834455,174.63283474661003
run_1788625067,879,29.300000000000615,SIMULATION,SEARCHING,SEARCHING,Reset,False,1788.6793810580225,1050.4957275681213,,,,,,,,,,0.0,0,False,-29.33333333333395,-21.99999999999982,-1.0,-0.75,6.984099993132986,143.18237152721687
run_1788625067,880,29.33333333333395,SIMULATION,SEARCHING,SEARCHING,Reset,False,1789.85789236,1049.3172162661438,,,,,,,,,,0.0,0,False,-29.366666666667285,-22.024999999999817,-1.0,-0.75,6.412900009308942,155.93569189421382
run_1788625067,881,29.366666666667285,SIMULATION,SEARCHING,SEARCHING,Reset,False,1791.0364036619776,1048.1387049641662,,,,,,,,,,0.0,0,False,-29.40000000000062,-22.049999999999816,-1.0,-0.75,6.933299999218434,144.23146266752144
run_1788625067,882,29.40000000000062,SIMULATION,SEARCHING,SEARCHING,Reset,False,1792.2149149639552,1046.9601936621887,,,,,,,,,,0.0,0,False,-29.433333333333955,-22.074999999999815,-1.0,-0.75,6.820099995820783,146.6254161394671
run_1788625067,883,29.433333333333955,SIMULATION,SEARCHING,SEARCHING,Reset,False,1793.3934262659327,1045.781682360211,,,,,,,,,,0.0,0,False,-29.46666666666729,-22.099999999999813,-1.0,-0.75,8.273600004031323,120.86637008227962
run_1788625067,884,29.46666666666729,SIMULATION,SEARCHING,SEARCHING,Reset,False,1794.5719375679103,1044.6031710582336,,,,,,,,,,0.0,0,False,-29.500000000000625,-22.12499999999981,-1.0,-0.75,7.5170000054640695,133.031794502209
run_1788625067,885,29.500000000000625,SIMULATION,SEARCHING,SEARCHING,Reset,False,1795.7504488698878,1043.424659756256,,,,,,,,,,0.0,0,False,-29.53333333333396,-22.14999999999981,-1.0,-0.75,8.578300010412931,116.57321366542685
run_1788625067,886,29.53333333333396,SIMULATION,SEARCHING,SEARCHING,Reset,False,1796.9289601718654,1042.2461484542785,,,,,,,,,,0.0,0,False,-29.566666666667295,-22.17499999999981,-1.0,-0.75,7.772800003294833,128.65376692776186
run_1788625067,887,29.566666666667295,SIMULATION,SEARCHING,SEARCHING,Reset,False,1798.107471473843,1041.067637152301,,,,,,,,,,0.0,0,False,-29.60000000000063,-22.199999999999807,-1.0,-0.75,9.959999995771796,100.40160646832516
run_1788625067,888,29.60000000000063,SIMULATION,SEARCHING,SEARCHING,Reset,False,1799.2859827758205,1039.8891258503234,,,,,,,,,,0.0,0,False,-29.633333333333965,-22.224999999999806,-1.0,-0.75,9.000399993965402,111.10617313346974
run_1788625067,889,29.633333333333965,SIMULATION,SEARCHING,SEARCHING,Reset,False,1800.464494077798,1038.7106145483458,,,,,,,,,,0.0,0,False,-29.6666666666673,-22.249999999999805,-1.0,-0.75,5.684499992639758,175.91696741926143
run_1788625067,890,29.6666666666673,SIMULATION,SEARCHING,SEARCHING,Reset,False,1801.6430053797756,1037.5321032463683,,,,,,,,,,0.0,0,False,-29.700000000000635,-22.274999999999803,-1.0,-0.75,6.602299996302463,151.46236925920326
run_1788625067,891,29.700000000000635,SIMULATION,SEARCHING,SEARCHING,Reset,False,1802.821516681753,1036.3535919443907,,,,,,,,,,0.0,0,False,-29.73333333333397,-22.2999999999998,-1.0,-0.75,7.031800007098354,142.21109801054286
run_1788625067,892,29.73333333333397,SIMULATION,SEARCHING,SEARCHING,Reset,False,1804.0000279837307,1035.1750806424131,,,,,,,,,,0.0,0,False,-29.766666666667305,-22.3249999999998,-1.0,-0.75,7.106899996870197,140.7083257735988
run_1788625067,893,29.766666666667305,SIMULATION,SEARCHING,SEARCHING,Reset,False,1805.1785392857082,1033.9965693404356,,,,,,,,,,0.0,0,False,-29.80000000000064,-22.3499999999998,-1.0,-0.75,9.696100009023212,103.13424975705674
run_1788625067,894,29.80000000000064,SIMULATION,SEARCHING,SEARCHING,Reset,False,1806.3570505876858,1032.818058038458,,,,,,,,,,0.0,0,False,-29.833333333333975,-22.374999999999797,-1.0,-0.75,7.551899994723499,132.4170077329809
run_1788625067,895,29.833333333333975,SIMULATION,SEARCHING,SEARCHING,Reset,False,1807.5355618896633,1031.6395467364805,,,,,,,,,,0.0,0,False,-29.86666666666731,-22.399999999999796,-1.0,-0.75,7.321600001887418,136.58216779695863
run_1788625067,896,29.86666666666731,SIMULATION,SEARCHING,SEARCHING,Reset,False,1808.7140731916409,1030.461035434503,,,,,,,,,,0.0,0,False,-29.900000000000645,-22.424999999999795,-1.0,-0.75,6.8028000096092,146.99829461213972
run_1788625067,897,29.900000000000645,SIMULATION,SEARCHING,SEARCHING,Reset,False,1809.8925844936184,1029.2825241325254,,,,,,,,,,0.0,0,False,-29.93333333333398,-22.449999999999793,-1.0,-0.75,9.199699998134747,108.69919673497522
run_1788625067,898,29.93333333333398,SIMULATION,SEARCHING,SEARCHING,Reset,False,1811.071095795596,1028.1040128305478,,,,,,,,,,0.0,0,False,-29.966666666667315,-22.474999999999792,-1.0,-0.75,7.743099995423108,129.147240845539
run_1788625067,899,29.966666666667315,SIMULATION,SEARCHING,SEARCHING,Reset,False,1812.2496070975735,1026.9255015285703,,,,,,,,,,0.0,0,False,-30.00000000000065,-22.49999999999979,-1.0,-0.75,9.27399999636691,107.82833732928079
