run_id,frame_number,timestamp,source,state,previous_state,transition_reason,target_present,ground_truth_x,ground_truth_y,ideal_projected_x,ideal_projected_y,rendered_centroid_x,rendered_centroid_y,estimated_centroid_x,estimated_centroid_y,centroid_error_ideal,centroid_error_rendered,tracking_error,detection_confidence,candidate_count,detection_valid,pan_angle,tilt_angle,pan_command,tilt_command,processing_time_ms,fps,target_visible,centroid_valid,tracking_error_optical_axis,tracking_error_gt,is_coasting,ptz_pan_velocity,ptz_tilt_velocity,ptz_in_deadband,ptz_is_saturated,time_detection_ms,time_centroid_ms,time_tracking_ms,time_state_ms,time_ptz_ms,time_metrics_ms
run_1790716901,0,0.0,SIMULATION,ACQUIRING,SEARCHING,,True,962.355091249952,1136.880939299585,282.355091249952,376.88093929958495,281.5,376.5,,,,,0.0,0.0,0,False,0.0,0.0,0.0,0.0,46.569099999032915,21.47346631179831,True,False,,,False,0.0,0.0,False,False,0.0,0.0,0.0,0.0,0.0037999998312443495,0.010099996870849282
run_1790716901,1,0.03333333333333333,SIMULATION,ACQUIRING,SEARCHING,,True,962.3342585194291,1138.5474709374637,282.3342585194291,378.5474709374637,281.5,378.5,,,,,0.0,0.0,0,False,0.0,0.0,0.0,0.0,6.738999996741768,148.38996890985146,True,False,,,False,0.0,0.0,False,False,0.0,0.0,0.0,0.0,0.0037999998312443495,0.009899995347950608
run_1790716901,2,0.06666666666666667,SIMULATION,TRACKING,SEARCHING,,True,962.2995389093493,1140.2137711059172,282.2995389093493,380.2137711059172,281.5,379.5,281.5,379.5,1.0717889993864018,0.0,144.7152376220279,0.977961443400544,1,True,-0.06470138888888889,0.16666666666666666,-0.06470138888888889,0.16666666666666666,0.9169999975711107,1090.5125437826982,True,True,144.7152376220279,0.0,False,-1.9410416666666668,5.0,False,True,0.0,0.9169999975711107,0.0,0.0,0.016400001186411828,0.021699997887481004
run_1790716901,3,0.1,SIMULATION,TRACKING,SEARCHING,,True,962.2509348307824,1141.8797240903255,292.60315705300457,355.2130574236587,291.5,354.5,291.5,354.5,1.313547248114249,0.0,117.99364389660995,0.979731635838473,1,True,-0.11313194444444444,0.3333333333333333,-0.04843055555555555,0.16666666666666666,0.948900000366848,1053.8518280254996,True,True,117.99364389660995,0.0,False,-1.4529166666666666,5.0,False,True,0.0,0.948900000366848,0.0,0.0,0.014099998224992305,0.01920000067912042
run_1790716901,4,0.13333333333333333,SIMULATION,TRACKING,SEARCHING,,True,962.1884496589923,1143.5452142001786,300.28956077010344,330.21188086684515,299.5,330.5,299.5,330.5,0.8404872661594773,0.0,92.79277989154113,0.9797931436637812,1,True,-0.1485138888888889,0.4881605512152778,-0.035381944444444445,0.15482721788194445,0.9226000038324855,1083.8933403923634,True,True,92.79277989154113,0.0,False,-1.0614583333333334,4.644816536458333,False,False,0.0,0.9226000038324855,0.0,0.0,0.01170000177808106,0.01720000000204891
run_1790716901,5,0.16666666666666666,SIMULATION,TRACKING,SEARCHING,,True,962.112087733202,1145.2101257771105,305.8743099554242,307.1044375826659,305.5,306.5,305.5,306.5,0.7109519913951358,0.0,68.06247130394253,0.9805149993613081,1,True,-0.17409722222222224,0.6039113802083333,-0.025583333333333336,0.11575082899305557,1.2310000020079315,812.3476834840467,True,True,68.06247130394253,0.0,False,-0.7675000000000001,3.472524869791667,False,False,0.0,1.2310000020079315,0.0,0.0,0.015400000847876072,0.026900001103058457
run_1790716901,6,0.19999999999999998,SIMULATION,TRACKING,SEARCHING,,True,962.0218543562921,1146.8743432029307,309.87740991184774,290.24852236959714,309.5,289.5,309.5,289.5,0.838286334940653,0.0,50.601383380299005,0.9817458240739658,1,True,-0.19315972222222225,0.6920163758680555,-0.0190625,0.08810499565972223,1.3136999987182207,761.2088003164357,True,True,50.601383380299005,0.0,False,-0.571875,2.643149869791667,False,False,0.0,1.3136999987182207,0.0,0.0,0.012099997547920793,0.018499995348975062
run_1790716901,7,0.2333333333333333,SIMULATION,TRACKING,SEARCHING,,True,961.9177557944332,1148.5377509076534,312.8233113499888,277.8151307687642,312.5,277.5,312.5,277.5,0.45148380973574126,0.0,38.242646351945886,0.9831202824650979,1,True,-0.2073263888888889,0.7606422048611111,-0.014166666666666666,0.06862582899305555,1.3044000006630085,766.6360008369471,True,True,38.242646351945886,0.0,False,-0.425,2.058774869791667,False,False,0.0,1.3044000006630085,0.0,0.0,0.012299999070819467,0.01889999839477241
run_1790716901,8,0.26666666666666666,SIMULATION,TRACKING,SEARCHING,,True,961.7997992766502,1150.2002333775233,314.97202149887244,268.49748059974536,314.5,267.5,314.5,267.5,1.1035270011495604,0.0,28.044607324760317,0.9844461950441188,1,True,-0.21823611111111113,0.8129833116319445,-0.010909722222222223,0.05234110677083333,1.2599000037880614,793.713784422068,True,True,28.044607324760317,0.0,False,-0.3272916666666667,1.570233203125,False,False,0.0,1.2599000037880614,0.0,0.0,0.008700000762473792,0.012699994840659201
run_1790716901,9,0.3,SIMULATION,TRACKING,SEARCHING,,True,961.6679929943207,1151.8616751630368,316.5857707720985,261.78434530192544,316.5,261.5,316.5,261.5,0.29699979136935933,0.0,21.783020910791965,0.985652583648253,1,True,-0.22586111111111112,0.8556230295138889,-0.007625,0.04263971788194444,1.2272999956621788,814.7967111011508,True,True,21.783020910791965,0.0,False,-0.22875,1.2791915364583333,False,False,0.0,1.2272999956621788,0.0,0.0,0.008299997716676444,0.012099997547920793
run_1790716901,10,0.3333333333333333,SIMULATION,TRACKING,SEARCHING,,True,961.5223461006055,1153.52196088696,317.6601238783834,256.6222761647375,317.5,256.5,317.5,256.5,0.20147237252649197,0.0,16.688319268278637,0.9867244022608552,1,True,-0.23185416666666667,0.8901585807291666,-0.005993055555555556,0.03453555121527778,1.2493999965954572,800.3841865895167,True,True,16.688319268278637,0.0,False,-0.17979166666666668,1.0360665364583335,False,False,0.0,1.2493999965954572,0.0,0.0,0.008000002708286047,0.01219999830937013
run_1790716901,11,0.36666666666666664,SIMULATION,TRACKING,SEARCHING,,True,961.3628687098139,1155.1809752523404,318.45953537648063,252.75560233567353,317.5,252.5,317.5,252.5,0.9929958170705397,0.0,12.747548783981962,0.9876685482728894,1,True,-0.23788194444444444,0.9182010763888888,-0.006027777777777778,0.028042495659722222,1.3111000007484108,762.7183276860449,True,True,12.747548783981962,0.0,False,-0.18083333333333335,0.8412748697916667,False,False,0.0,1.3111000007484108,0.0,0.0,0.010399999155197293,0.01340000017080456
run_1790716901,12,0.39999999999999997,SIMULATION,TRACKING,SEARCHING,,True,961.1895718967005,1156.8386030505137,319.25068300781163,249.92643082829136,318.5,249.5,318.5,249.5,0.863347108372045,0.0,9.617692030835672,0.988498993252702,1,True,-0.2422638888888889,0.9413755164930555,-0.004381944444444444,0.023174440104166666,1.2655000027734786,790.2014996510416,True,True,9.617692030835672,0.0,False,-0.13145833333333334,0.695233203125,False,False,0.0,1.2655000027734786,0.0,0.0,0.008600000001024455,0.01170000177808106
run_1790716901,13,0.4333333333333333,SIMULATION,TRACKING,SEARCHING,,True,961.0024676956967,1158.4947291691046,319.764689917919,247.8746465302156,319.5,246.5,319.5,246.5,1.3998977947270959,0.0,6.519202405202649,0.9892307680703512,1,True,-0.24414583333333334,0.9596402343749999,-0.0018819444444444445,0.018264717881944444,1.2079000007361174,827.883102401342,True,True,6.519202405202649,0.0,False,-0.05645833333333334,0.5479415364583333,False,False,0.0,1.2079000007361174,0.0,0.0,0.008499999239575118,0.011500000255182385
run_1790716901,14,0.4666666666666666,SIMULATION,TRACKING,SEARCHING,,True,960.8015691000745,1160.1492386000202,319.8649024334079,246.60680110002,319.5,245.5,319.5,245.5,1.1654022742866421,0.0,5.522680508593631,0.9898777421941366,1,True,-0.2460277777777778,0.9763146744791665,-0.0018819444444444445,0.01667444010416667,1.1441000024206005,874.0494693508219,True,True,5.522680508593631,0.0,False,-0.05645833333333334,0.5002332031250001,False,False,0.0,1.1441000024206005,0.0,0.0,0.007899994670879096,0.011399999493733048
run_1790716901,15,0.49999999999999994,SIMULATION,TRACKING,SEARCHING,,True,960.5868900610446,1161.8020164474376,319.95133450548917,245.59166853077068,319.5,245.5,319.5,245.5,0.46054962314479136,0.0,5.522680508593631,0.99045197092325,1,True,-0.24790972222222224,0.9930655034722221,-0.0018819444444444445,0.016750828993055557,1.1211999953957275,891.9015377332838,True,True,5.522680508593631,0.0,False,-0.05645833333333334,0.5025248697916667,False,False,0.0,1.1211999953957275,0.0,0.0,0.007700000423938036,0.011599993740674108
run_1790716901,16,0.5333333333333333,SIMULATION,TRACKING,SEARCHING,,True,960.3584454867872,1163.4529479357811,320.0240010423429,244.56246738022537,319.5,243.5,319.5,243.5,1.184657767635614,0.0,3.5355339059327378,0.9909636621810657,1,True,-0.2497916666666667,1.0065316102430555,-0.0018819444444444445,0.013466106770833333,1.0906000024988316,916.9264603968047,True,True,3.5355339059327378,0.0,False,-0.05645833333333334,0.403983203125,False,False,0.0,1.0906000024988316,0.0,0.0,0.00790000194683671,0.011500000255182385
run_1790716901,17,0.5666666666666667,SIMULATION,TRACKING,SEARCHING,,True,960.1162512414172,1165.1019184176946,320.082917908084,244.05686077880546,319.5,243.5,319.5,243.5,0.8061558252204595,0.0,3.5355339059327378,0.9914213643186849,1,True,-0.25167361111111114,1.0200463281249998,-0.0018819444444444445,0.013514717881944445,1.1156000036862679,896.3786273715564,True,True,3.5355339059327378,0.0,False,-0.05645833333333334,0.40544153645833336,False,False,0.0,1.1156000036862679,0.0,0.0,0.008299997716676444,0.010900002962443978
run_1790716901,18,0.6,SIMULATION,TRACKING,SEARCHING,,True,959.8603241438819,1166.7488133820016,320.1281019216599,243.54140088200143,319.5,243.5,319.5,243.5,0.6294648973718419,0.0,3.5355339059327378,0.9918322108601985,1,True,-0.2535555555555556,1.0336096571180553,-0.0018819444444444445,0.013563328993055556,1.134099999035243,881.7564596161544,True,True,3.5355339059327378,0.0,False,-0.05645833333333334,0.4068998697916667,False,False,0.0,1.134099999035243,0.0,0.0,0.009800001862458885,0.01479999627918005
run_1790716901,19,0.6333333333333333,SIMULATION,TRACKING,SEARCHING,,True,959.5906819667937,1168.3935184616578,320.1595708556828,243.0159733227688,320.5,242.5,320.5,242.5,0.6181589375796663,0.0,2.5495097567963922,0.9922021580486545,1,True,-0.25543750000000004,1.0455410416666664,-0.0018819444444444445,0.011931384548611113,0.9625000020605512,1038.9610367367975,True,True,2.5495097567963922,0.0,False,-0.05645833333333334,0.3579415364583334,False,False,0.0,0.9625000020605512,0.0,0.0,0.009199997293762863,0.012100004823878407
run_1790716901,20,0.6666666666666666,SIMULATION,TRACKING,SEARCHING,,True,959.3073434351954,1170.035919441694,320.17734343519567,242.74935277502732,319.5,242.5,319.5,242.5,0.7217831638494284,0.0,2.5495097567963922,0.992536193346108,1,True,-0.2573194444444445,1.0575071484374998,-0.0018819444444444445,0.011966106770833332,1.1550999988685362,865.7259120245325,True,True,2.5495097567963922,0.0,False,-0.05645833333333334,0.358983203125,False,False,0.0,1.1550999988685362,0.0,0.0,0.009000003046821803,0.011499992979224771
run_1790716901,21,0.7,SIMULATION,TRACKING,SEARCHING,,True,959.0103282252601,1171.6759022671465,320.18143933637145,242.47475851714648,319.5,242.5,319.5,242.5,0.6819066663488579,0.0,2.5495097567963922,0.9928385104788711,1,True,-0.25920138888888894,1.0695079774305554,-0.0018819444444444445,0.012000828993055556,0.9990999969886616,1000.9008137464228,True,True,2.5495097567963922,0.0,False,-0.05645833333333334,0.3600248697916667,False,False,0.0,0.9990999969886616,0.0,0.0,0.00809999619377777,0.011199997970834374
run_1790716901,22,0.7333333333333333,SIMULATION,TRACKING,SEARCHING,,True,958.6996569629245,1173.313353050978,320.17187918514696,242.19207666208922,319.5,241.5,319.5,241.5,0.9645681653684746,0.0,1.5811388300841898,0.9931126533203477,1,True,-0.2610833333333334,1.0798629730902776,-0.0018819444444444445,0.010354995659722222,0.876300000527408,1141.1617019264434,True,True,1.5811388300841898,0.0,False,-0.05645833333333334,0.31064986979166664,False,False,0.0,0.876300000527408,0.0,0.0,0.007499998901039362,0.011099997209385037
run_1790716901,23,0.7666666666666666,SIMULATION,TRACKING,SEARCHING,,True,958.3753512224571,1174.948158081987,320.14868455579074,242.1700823875426,319.5,241.5,319.5,241.5,0.9326317917679122,0.0,1.5811388300841898,0.9933616330218032,1,True,-0.26296527777777784,1.0902388020833331,-0.0018819444444444445,0.010375828993055555,1.0282000002916902,972.5734290180021,True,True,1.5811388300841898,0.0,False,-0.05645833333333334,0.31127486979166663,False,False,0.0,1.0282000002916902,0.0,0.0,0.00839999847812578,0.012700002116616815
run_1790716901,24,0.7999999999999999,SIMULATION,TRACKING,SEARCHING,,True,958.0374335249595,1176.580203832703,320.1118779694043,242.14199549936984,319.5,242.5,319.5,242.5,0.7089159836777444,0.0,2.5495097567963922,0.9935880230354989,1,True,-0.2648472222222223,1.1023160199652775,-0.0018819444444444445,0.012077217881944442,0.8874000050127506,1126.8875302582758,True,True,2.5495097567963922,0.0,False,-0.05645833333333334,0.3623165364583333,False,False,0.0,0.8874000050127506,0.0,0.0,0.008000002708286047,0.011900003300979733
run_1790716901,25,0.8333333333333333,SIMULATION,TRACKING,SEARCHING,,True,957.6859273368027,1178.2093769672715,320.06148289235864,241.83881377282705,319.5,241.5,319.5,241.5,0.6557879314753555,0.0,1.5811388300841898,0.9937940362055282,1,True,-0.26672916666666674,1.1127474045138885,-0.0018819444444444445,0.010431384548611112,0.9722999966470525,1028.4891529861875,True,True,1.5811388300841898,0.0,False,-0.05645833333333334,0.31294153645833334,False,False,0.0,0.9722999966470525,0.0,0.0,0.012299999070819467,0.01809999957913533
run_1790716901,26,0.8666666666666666,SIMULATION,TRACKING,SEARCHING,,True,957.3208570679974,1179.835564349324,319.99752373466447,241.7959796271016,319.5,241.5,319.5,241.5,0.5789074245625769,0.0,1.5811388300841898,0.9939815874356697,1,True,-0.2686111111111112,1.123199622395833,-0.0018819444444444445,0.010452217881944444,1.1941999982809648,837.3806744594598,True,True,1.5811388300841898,0.0,False,-0.05645833333333334,0.3135665364583333,False,False,0.0,1.1941999982809648,0.0,0.0,0.009900002623908222,0.01460000203223899
run_1790716901,27,0.8999999999999999,SIMULATION,TRACKING,SEARCHING,,True,956.9422480704989,1181.4586530498345,319.9200258482771,241.74671346650098,319.5,240.5,319.5,240.5,1.3155668667064262,0.0,0.7071067811865476,0.9941523447865497,1,True,-0.27039895833333344,1.13075422938368,-0.0017878472222222224,0.00755460698784722,1.0304999959771521,970.4027209158492,True,True,0.7071067811865476,0.0,False,-0.05363541666666667,0.22663820963541662,True,False,0.0,1.0304999959771521,0.0,0.0,0.009300005331169814,0.013299999409355223
run_1790716901,28,0.9333333333333332,SIMULATION,TRACKING,SEARCHING,,True,956.5501266364464,1183.0785303549626,319.81395996978017,242.1578536535735,319.5,241.5,319.5,241.5,0.728932295994891,0.0,1.5811388300841898,0.994307771279878,1,True,-0.2721868055555557,1.1408296697048605,-0.0017878472222222224,0.010075440321180554,0.9229999996023253,1083.4236191016796,True,True,1.5811388300841898,0.0,False,-0.05363541666666667,0.30226320963541664,False,False,0.0,0.9229999996023253,0.0,0.0,0.008700000762473792,0.012500000593718141
run_1790716901,29,0.9666666666666666,SIMULATION,TRACKING,SEARCHING,,True,956.1445199963377,1184.6950837738793,319.69440888522706,242.1623366211013,319.5,241.5,319.5,241.5,0.6902786497546631,0.0,1.5811388300841898,0.9944491592122746,1,True,-0.27397465277777794,1.1509259433593744,-0.0017878472222222224,0.010096273654513887,0.8712000053492375,1147.8420498851242,True,True,1.5811388300841898,0.0,False,-0.05363541666666667,0.3028882096354166,False,False,0.0,0.8712000053492375,0.0,0.0,0.008100003469735384,0.011800002539530396
run_1790716901,30,0.9999999999999999,SIMULATION,TRACKING,SEARCHING,,True,955.7254563171374,1186.3082010465807,319.56140076158226,242.16005010908043,319.5,241.5,319.5,241.5,0.662899841620112,0.0,1.5811388300841898,0.994577658399469,1,True,-0.2757625000000002,1.1610430503472216,-0.0017878472222222224,0.01011710698784722,0.8768000043346547,1140.5109432667414,True,True,1.5811388300841898,0.0,False,-0.05363541666666667,0.3035132096354166,False,False,0.0,0.8768000043346547,0.0,0.0,0.007800001185387373,0.011200005246791989
run_1790716901,31,1.0333333333333332,SIMULATION,TRACKING,SEARCHING,,True,955.2929647003215,1187.917770151682,319.4149647003219,242.150882096126,318.5,241.5,318.5,241.5,1.1228570282509236,0.0,2.1213203435596424,0.9946942994701414,1,True,-0.28007118055555574,1.171180990668402,-0.004308680555555556,0.010137940321180552,0.9983000054489821,1001.7028894538104,True,True,2.1213203435596424,0.0,False,-0.12926041666666668,0.3041382096354166,False,False,0.0,0.9983000054489821,0.0,0.0,0.00839999847812578,0.012099997547920793
run_1790716901,32,1.0666666666666667,SIMULATION,TRACKING,SEARCHING,,True,954.8470751798563,1189.5236793141974,319.6584640687456,242.1347208072525,319.5,242.5,319.5,242.5,0.3981705033496026,0.0,2.5495097567963922,0.9948000130929783,1,True,-0.2818798611111113,1.1830203198784714,-0.0018086805555555558,0.011839329210069442,0.8171999943442643,1223.6906594724314,True,True,2.5495097567963922,0.0,False,-0.05426041666666667,0.35517987630208325,False,False,0.0,0.8171999943442643,0.0,0.0,0.00790000194683671,0.011500000255182385
run_1790716901,33,1.1,SIMULATION,TRACKING,SEARCHING,,True,954.3878187201126,1191.125817013303,319.48859649789074,241.84256583274714,318.5,241.5,318.5,241.5,1.0462668805842883,0.0,2.1213203435596424,0.9948956458375834,1,True,-0.2862093750000002,1.1932138157552075,-0.00432951388888889,0.010193495876736106,0.942300001042895,1061.2331517491725,True,True,2.1213203435596424,0.0,False,-0.1298854166666667,0.3058048763020832,False,False,0.0,0.942300001042895,0.0,0.0,0.009499999578110874,0.012800002878066152
run_1790716901,34,1.1333333333333335,SIMULATION,TRACKING,SEARCHING,,True,953.9152272137156,1192.7240719900803,319.708727213716,241.8098614692467,319.5,241.5,319.5,241.5,0.3736056475340763,0.0,1.5811388300841898,0.9949819732287074,1,True,-0.2880388888888891,1.2034281449652768,-0.001829513888888889,0.010214329210069439,0.8277000015368685,1208.1672080985936,True,True,1.5811388300841898,0.0,False,-0.05488541666666667,0.3064298763020832,False,False,0.0,0.8277000015368685,0.0,0.0,0.008800001523923129,0.011999996786471456
run_1790716901,35,1.166666666666667,SIMULATION,TRACKING,SEARCHING,,True,953.4293334793299,1194.3183332552428,319.51555570155244,241.76983006079809,318.5,240.5,318.5,240.5,1.6259833228733145,0.0,1.5811388300841898,0.9950597104448592,1,True,-0.29238923611111134,1.2111424741753463,-0.0043503472222222225,0.00771432921006944,0.8598999993409961,1162.9259225100275,True,True,1.5811388300841898,0.0,False,-0.13051041666666668,0.2314298763020832,False,False,0.0,0.8598999993409961,0.0,0.0,0.008000002708286047,0.011399999493733048
run_1790716901,36,1.2000000000000004,SIMULATION,TRACKING,SEARCHING,,True,952.9301712593808,1195.9084900968428,319.7124490371589,242.12569422878687,319.5,241.5,319.5,241.5,0.6607782240108471,0.0,1.5811388300841898,0.9951295210295534,1,True,-0.29423958333333355,1.221377636718749,-0.0018503472222222224,0.010235162543402771,0.8862999966368079,1128.286137644864,True,True,1.5811388300841898,0.0,False,-0.05551041666666667,0.30705487630208317,False,False,0.0,0.8862999966368079,0.0,0.0,0.008300004992634058,0.011799995263572782
run_1790716901,37,1.2333333333333338,SIMULATION,TRACKING,SEARCHING,,True,952.4177752177106,1197.4944320879613,319.49610855104424,242.07401021296096,318.5,241.5,318.5,241.5,1.1496608065194478,0.0,2.1213203435596424,0.9951920239204615,1,True,-0.29861076388888913,1.231633632595485,-0.004371180555555555,0.010255995876736104,0.826000003144145,1210.6537484183161,True,True,2.1213203435596424,0.0,False,-0.13113541666666667,0.30767987630208316,False,False,0.0,0.826000003144145,0.0,0.0,0.008199996955227107,0.011000003723893315
run_1790716901,38,1.2666666666666673,SIMULATION,TRACKING,SEARCHING,,True,951.8921809371718,1199.076049094375,319.66990315939427,242.01466787909703,319.5,241.5,319.5,241.5,0.5419871855924191,0.0,1.5811388300841898,0.9952477990539597,1,True,-0.3004819444444447,1.2419104618055545,-0.0018711805555555558,0.010276829210069439,0.8627999995951541,1159.017153997709,True,True,1.5811388300841898,0.0,False,-0.056135416666666674,0.30830487630208314,False,False,0.0,0.8627999995951541,0.0,0.0,0.007700000423938036,0.0109999964479357
run_1790716901,39,1.3000000000000007,SIMULATION,TRACKING,SEARCHING,,True,951.3534249171562,1200.6532312822053,319.4305360282675,241.94755739331617,318.5,241.5,318.5,241.5,1.032571992752003,0.0,2.1213203435596424,0.9952973917662891,1,True,-0.3048739583333336,1.2522081243489573,-0.00439201388888889,0.010297662543402772,0.8247000005212612,1212.5621430434562,True,True,2.1213203435596424,0.0,False,-0.13176041666666669,0.30892987630208313,False,False,0.0,0.8247000005212612,0.0,0.0,0.008000002708286047,0.011500000255182385
run_1790716901,40,1.3333333333333341,SIMULATION,TRACKING,SEARCHING,,True,950.8015445710597,1202.2258691255452,319.5813779043932,241.87256922971164,319.5,241.5,319.5,241.5,0.3813531096652519,0.0,1.5811388300841898,0.9953413161847433,1,True,-0.30676597222222246,1.2625266202256935,-0.001892013888888889,0.010318495876736104,0.9652000007918105,1036.054702838418,True,True,1.5811388300841898,0.0,False,-0.056760416666666674,0.3095548763020831,False,False,0.0,0.9652000007918105,0.0,0.0,0.008700000762473792,0.016400001186411828
run_1790716901,41,1.3666666666666676,SIMULATION,TRACKING,SEARCHING,,True,950.2365782236845,1203.793853414065,319.31913377924025,241.78959417795386,318.5,241.5,318.5,241.5,0.868818126075406,0.0,2.1213203435596424,0.99538005778057,1,True,-0.3111788194444447,1.272865949435763,-0.004412847222222223,0.010339329210069437,0.8528000034857541,1172.607875132009,True,True,2.1213203435596424,0.0,False,-0.1323854166666667,0.3101798763020831,False,False,0.0,0.8528000034857541,0.0,0.0,0.008499999239575118,0.012099997547920793
run_1790716901,42,1.400000000000001,SIMULATION,TRACKING,SEARCHING,,True,949.6585651085777,1205.3570752605976,319.4471762196889,241.69852335087535,319.5,240.5,319.5,240.5,1.1996868651276578,0.0,0.7071067811865476,0.9954140752376436,1,True,-0.3129960243055558,1.280313312185329,-0.0018172048611111115,0.007447362749565965,0.8508000028086826,1175.3643590723725,True,True,0.7071067811865476,0.0,False,-0.05451614583333334,0.22342088248697894,True,False,0.0,0.8508000028086826,0.0,0.0,0.007600006938446313,0.011399999493733048
run_1790716901,43,1.4333333333333345,SIMULATION,TRACKING,SEARCHING,,True,949.0675453653066,1206.9154261086983,319.14690925419563,242.06529615904537,318.5,241.5,318.5,241.5,0.8590991389795504,0.0,2.1213203435596424,0.9954438017759352,1,True,-0.31733406250000024,1.2902815082682282,-0.004338038194444446,0.009968196082899297,0.9853000010480173,1014.9193128350219,True,True,2.1213203435596424,0.0,False,-0.13014114583333336,0.29904588248697894,False,False,0.0,0.9853000010480173,0.0,0.0,0.008299997716676444,0.011900003300979733
run_1790716901,44,1.466666666666668,SIMULATION,TRACKING,SEARCHING,,True,948.4635600366715,1208.4687977401843,319.2370100366717,242.02375641726758,318.5,241.5,318.5,241.5,0.9041595980709133,0.0,2.1213203435596424,0.9954696460552098,1,True,-0.321692934027778,1.3002705376844608,-0.004358871527777778,0.009989029416232632,0.9215999962179922,1085.0694488972886,True,True,2.1213203435596424,0.0,False,-0.13076614583333335,0.29967088248697893,False,False,0.0,0.9215999962179922,0.0,0.0,0.008499999239575118,0.011900003300979733
run_1790716901,45,1.5000000000000013,SIMULATION,TRACKING,SEARCHING,,True,947.8466510658553,1210.01708228265,319.3175205102999,241.97379625313624,318.5,241.5,318.5,241.5,0.944892943272927,0.0,2.1213203435596424,0.9954919927713989,1,True,-0.3260726388888891,1.3102804004340267,-0.004379704861111112,0.010009862749565964,0.8407999994233251,1189.343483213445,True,True,2.1213203435596424,0.0,False,-0.13139114583333336,0.3002958824869789,False,False,0.0,0.8407999994233251,0.0,0.0,0.007599999662488699,0.011599993740674108
run_1790716901,46,1.5333333333333348,SIMULATION,TRACKING,SEARCHING,,True,947.2168612935109,1211.560172216958,319.38848351573324,241.91530814751377,318.5,241.5,318.5,241.5,0.9807567563473732,0.0,2.1213203435596424,0.9955112030452217,1,True,-0.33047317708333357,1.320311096516926,-0.004400538194444445,0.010030696082899297,0.8465999999316409,1181.195369809527,True,True,2.1213203435596424,0.0,False,-0.13201614583333335,0.3009208824869789,False,False,0.0,0.8465999999316409,0.0,0.0,0.00790000194683671,0.011500000255182385
run_1790716901,47,1.5666666666666682,SIMULATION,TRACKING,SEARCHING,,True,946.5742344547857,1213.097960384705,319.4499427881192,241.8481849419968,319.5,241.5,319.5,241.5,0.3517648053665965,0.0,1.5811388300841898,0.9955276146895898,1,True,-0.33237371527777804,1.3303626259331587,-0.0019005381944444447,0.01005152941623263,0.8478000017930754,1179.523470022441,True,True,1.5811388300841898,0.0,False,-0.057016145833333344,0.3015458824869789,False,False,0.0,0.8478000017930754,0.0,0.0,0.007999995432328433,0.011199997970834374
run_1790716901,48,1.6000000000000016,SIMULATION,TRACKING,SEARCHING,,True,945.9188151762856,1214.630339995664,319.09860962073026,241.77231984635864,318.5,241.5,318.5,241.5,0.6576409177899574,0.0,2.1213203435596424,0.99554154242909,1,True,-0.3367950868055558,1.3404349886827247,-0.004421371527777778,0.010072362749565963,0.83710000035353,1194.600405659626,True,True,2.1213203435596424,0.0,False,-0.13264114583333336,0.3021708824869789,False,False,0.0,0.83710000035353,0.0,0.0,0.014199998986441642,0.01630000042496249
run_1790716901,49,1.633333333333335,SIMULATION,TRACKING,SEARCHING,,True,945.2506489729748,1216.1572046351998,319.1378628618638,241.6876064459641,318.5,241.5,318.5,241.5,0.6648798456205338,0.0,2.1213203435596424,0.995553278131517,1,True,-0.34123729166666694,1.350528184765624,-0.004442204861111111,0.010093196082899296,1.2419999984558672,805.1529800670396,True,True,2.1213203435596424,0.0,False,-0.13326614583333335,0.30279588248697886,False,False,0.0,1.2419999984558672,0.0,0.0,0.015400000847876072,0.023899992811493576
run_1790716901,50,1.6666666666666685,SIMULATION,TRACKING,SEARCHING,,True,944.5697822450154,1217.6784482716598,319.1677489116822,241.59393870916028,319.5,241.5,319.5,241.5,0.34527563882649864,0.0,1.5811388300841898,0.9955630910982696,1,True,-0.34317949652777807,1.3606422141818566,-0.0019422048611111116,0.010114029416232628,1.2633000005735084,791.5776138257132,True,True,1.5811388300841898,0.0,False,-0.058266145833333345,0.30342088248697885,False,False,0.0,1.2633000005735084,0.0,0.0,0.014700002793688327,0.02280000626342371
run_1790716901,51,1.700000000000002,SIMULATION,TRACKING,SEARCHING,,True,943.8762622745456,1219.1939652637361,318.78498171899025,241.49121099463946,318.5,240.5,318.5,240.5,1.0313650256106155,0.0,1.5811388300841898,0.9955712284477305,1,True,-0.3476425347222225,1.3682562435980892,-0.004463038194444446,0.007614029416232628,1.5904999963822775,628.7331042279673,True,True,1.5811388300841898,0.0,False,-0.13389114583333336,0.22842088248697884,False,False,0.0,1.5904999963822775,0.0,0.0,0.016199999663513154,0.023799999326001853
run_1790716901,52,1.7333333333333354,SIMULATION,TRACKING,SEARCHING,,True,943.1701372223959,1220.7036503678019,318.79294277795157,241.78265139210794,318.5,241.5,318.5,241.5,0.40707159151006267,0.0,2.1213203435596424,0.9955779156138458,1,True,-0.3521264062500003,1.378391106347655,-0.0044838715277777785,0.010134862749565961,1.2015999964205548,832.2237042101358,True,True,2.1213203435596424,0.0,False,-0.13451614583333335,0.30404588248697884,False,False,0.0,1.2015999964205548,0.0,0.0,0.01799999881768599,0.019499995687510818
run_1790716901,53,1.7666666666666688,SIMULATION,TRACKING,SEARCHING,,True,942.451456124744,1222.2073987452209,318.7916811247442,241.6648217295965,317.5,240.5,317.5,240.5,1.7393245211174786,0.0,2.5495097567963922,0.9955833569713196,1,True,-0.358311666666667,1.386025969097221,-0.006185260416666668,0.007634862749565961,1.1154000021633692,896.5393563389406,True,True,2.5495097567963922,0.0,False,-0.18555781250000003,0.22904588248697882,False,False,0.0,1.1154000021633692,0.0,0.0,0.01340000017080456,0.024300003133248538
run_1790716901,54,1.8000000000000023,SIMULATION,TRACKING,SEARCHING,,True,941.7202688897112,1223.7051059696266,319.050135556378,241.94095091407166,318.5,241.5,318.5,241.5,0.7050438560912095,0.0,2.1213203435596424,0.9955877365893853,1,True,-0.3628510937500003,1.3961816651801202,-0.0045394270833333345,0.010155696082899294,1.6304000018863007,613.3464173473038,True,True,2.1213203435596424,0.0,False,-0.13618281250000003,0.3046708824869788,False,False,0.0,1.6304000018863007,0.0,0.0,0.015500001609325409,0.022899999748915434
run_1790716901,55,1.8333333333333357,SIMULATION,TRACKING,SEARCHING,,True,940.9766262938946,1225.1966680341748,319.03280129389475,241.807601605356,318.5,241.5,318.5,241.5,0.6152202584388092,0.0,2.1213203435596424,0.9955912191081872,1,True,-0.367411354166667,1.4063581945963528,-0.004560260416666667,0.010176529416232627,1.424499998393003,702.0007027926382,True,True,2.1213203435596424,0.0,False,-0.13680781250000001,0.3052958824869788,False,False,0.0,1.424499998393003,0.0,0.0,0.01599999814061448,0.026299996534362435
run_1790716901,56,1.8666666666666691,SIMULATION,TRACKING,SEARCHING,,True,940.2205799788424,1226.681981358766,319.0063966455092,241.66467022335019,318.5,241.5,318.5,241.5,0.5324977418179057,0.0,2.1213203435596424,0.9955939507255125,1,True,-0.37199244791666697,1.4165555573459188,-0.004581093750000001,0.01019736274956596,1.4174999960232526,705.4673741132032,True,True,2.1213203435596424,0.0,False,-0.13743281250000003,0.3059208824869788,False,False,0.0,1.4174999960232526,0.0,0.0,0.01030000566970557,0.03260000084992498
run_1790716901,57,1.9000000000000026,SIMULATION,TRACKING,SEARCHING,,True,939.452182447467,1228.1609427972385,318.9709741141338,241.51205362189216,318.5,240.5,318.5,240.5,1.1162746748758456,0.0,1.5811388300841898,0.9955960602769462,1,True,-0.3765943750000003,1.4242529200954848,-0.004601927083333335,0.00769736274956596,1.128100004279986,886.4462336725667,True,True,1.5811388300841898,0.0,False,-0.13805781250000004,0.23092088248697878,False,False,0.0,1.128100004279986,0.0,0.0,0.011800002539530396,0.016500001947861165
run_1790716901,58,1.933333333333336,SIMULATION,TRACKING,SEARCHING,,True,938.6714870603994,1229.633449644531,318.9265870603996,241.7529824292542,318.5,241.5,318.5,241.5,0.49596031052061884,0.0,2.1213203435596424,0.9955976603894336,1,True,-0.38121713541666696,1.434471116178384,-0.004622760416666667,0.010218196082899292,0.854600002639927,1170.1380726783536,True,True,2.1213203435596424,0.0,False,-0.13868281250000003,0.3065458824869788,False,False,0.0,0.854600002639927,0.0,0.0,0.008800001523923129,0.012099997547920793
run_1790716901,59,1.9666666666666694,SIMULATION,TRACKING,SEARCHING,,True,937.8785480322832,1231.0993996438156,318.8732896989501,241.5840210552749,318.5,240.5,318.5,240.5,1.1464932828505934,0.0,1.5811388300841898,0.9955988486865816,1,True,-0.38586072916666697,1.4421893122612834,-0.00464359375,0.0077181960828992925,0.9303999977419153,1074.8065374322916,True,True,1.5811388300841898,0.0,False,-0.13930781250000002,0.23154588248697877,False,False,0.0,0.9303999977419153,0.0,0.0,0.00790000194683671,0.0132000059238635
run_1790716901,60,2.0000000000000027,SIMULATION,TRACKING,SEARCHING,,True,937.0734204280102,1232.5586909935978,318.81113709467706,241.8084010317932,318.5,241.5,318.5,241.5,0.43808388248736246,0.0,2.1213203435596424,0.9955997090236436,1,True,-0.3905251562500003,1.452428341677516,-0.004664427083333335,0.010239029416232625,0.9997000015573576,1000.3000884687157,True,True,2.1213203435596424,0.0,False,-0.13993281250000003,0.30717088248697877,False,False,0.0,0.9997000015573576,0.0,0.0,0.016999998479150236,0.022000000171829015
run_1790716901,61,2.033333333333336,SIMULATION,TRACKING,SEARCHING,,True,936.2561601588957,1234.0112223547874,318.7401851588959,241.62268768638546,317.5,241.5,317.5,241.5,1.2462389404669656,0.0,2.9154759474226504,0.9956003127307961,1,True,-0.3968909722222225,1.4626882044270821,-0.006365815972222222,0.010259862749565958,1.0162999969907105,983.9614316255287,True,True,2.9154759474226504,0.0,False,-0.19097447916666668,0.30779588248697876,False,False,0.0,1.0162999969907105,0.0,0.0,0.015099998563528061,0.026699999580159783
run_1790716901,62,2.066666666666669,SIMULATION,TRACKING,SEARCHING,,True,935.426823978797,1235.4568928577344,318.92937953435273,241.4267801494018,318.5,240.5,318.5,240.5,1.0214148177142235,0.0,1.5811388300841898,0.9956007198448059,1,True,-0.4016109548611114,1.470448067176648,-0.00471998263888889,0.007759862749565958,0.8340999993379228,1198.8970156980727,True,True,1.5811388300841898,0.0,False,-0.1415994791666667,0.23279588248697874,False,False,0.0,0.8340999993379228,0.0,0.0,0.009099996532313526,0.027900001441594213
run_1790716901,63,2.1000000000000023,SIMULATION,TRACKING,SEARCHING,,True,934.5854694801708,1236.8956021092351,318.8432222579488,241.623911360972,318.5,241.5,318.5,241.5,0.36490484201968276,0.0,2.1213203435596424,0.9956009803112944,1,True,-0.4063517708333336,1.4807287632595474,-0.0047408159722222235,0.01028069608289929,0.8312000063597225,1203.0798752992612,True,True,2.1213203435596424,0.0,False,-0.1422244791666667,0.30842088248697874,False,False,0.0,0.8312000063597225,0.0,0.0,0.008300004992634058,0.011099997209385037
run_1790716901,64,2.1333333333333355,SIMULATION,TRACKING,SEARCHING,,True,933.7321550900748,1238.327250199503,318.7484384234084,241.4106480779758,318.5,240.5,318.5,240.5,0.9439287961211155,0.0,1.5811388300841898,0.995601135142303,1,True,-0.4111134201388892,1.4885094593424466,-0.004761649305555556,0.007780696082899291,1.097499996831175,911.1617338380976,True,True,1.5811388300841898,0.0,False,-0.14284947916666668,0.23342088248697873,False,False,0.0,1.097499996831175,0.0,0.0,0.010299998393747956,0.014299999747890979
run_1790716901,65,2.1666666666666687,SIMULATION,TRACKING,SEARCHING,,True,932.8669400661098,1239.7517377091067,318.6450872883323,241.59022421431564,318.5,241.5,318.5,241.5,0.1708529487146777,0.0,2.1213203435596424,0.9956012175165794,1,True,-0.41589590277777805,1.4988109887586791,-0.00478248263888889,0.010301529416232625,0.8569999990868382,1166.8611447672497,True,True,2.1213203435596424,0.0,False,-0.1434744791666667,0.30904588248697873,False,False,0.0,0.8569999990868382,0.0,0.0,0.00839999847812578,0.011500000255182385
run_1790716901,66,2.200000000000002,SIMULATION,TRACKING,SEARCHING,,True,931.9898844923049,1241.1689657158754,318.53322893674965,241.35920751448703,318.5,240.5,318.5,240.5,0.8598498212993265,0.0,1.5811388300841898,0.9956012538127761,1,True,-0.42069921875000027,1.5066125181749117,-0.004803315972222224,0.007801529416232624,0.8148999986588024,1227.1444369196752,True,True,1.5811388300841898,0.0,False,-0.1440994791666667,0.23404588248697872,False,False,0.0,0.8148999986588024,0.0,0.0,0.008299997716676444,0.012399999832268804
run_1790716901,67,2.233333333333335,SIMULATION,TRACKING,SEARCHING,,True,931.1010492749446,1242.5788358017671,318.4129242749449,241.52083289378152,317.5,241.5,317.5,241.5,0.9131619468894637,0.0,2.9154759474226504,0.9956012645684471,1,True,-0.42720392361111137,1.5169348809244776,-0.006504704861111112,0.010322362749565958,0.8855999985826202,1129.1779602534712,True,True,2.9154759474226504,0.0,False,-0.19514114583333336,0.3096708824869787,False,False,0.0,0.8855999985826202,0.0,0.0,0.008299997716676444,0.012200005585327744
run_1790716901,68,2.2666666666666684,SIMULATION,TRACKING,SEARCHING,,True,930.2004961383395,1243.9812500597034,318.55312391611767,241.2716691117871,317.5,240.5,317.5,240.5,1.3055815565430284,0.0,2.5495097567963922,0.995601265360253,1,True,-0.4337433506944447,1.5247572436740435,-0.006539427083333334,0.007822362749565957,0.8424999978160486,1186.9436232548692,True,True,2.5495097567963922,0.0,False,-0.19618281250000003,0.2346708824869787,False,False,0.0,0.8424999978160486,0.0,0.0,0.00790000194683671,0.011999996786471456
run_1790716901,69,2.3000000000000016,SIMULATION,TRACKING,SEARCHING,,True,929.2882876205401,1245.3761111003687,318.68722373165156,241.41495211252186,317.5,240.5,317.5,240.5,1.4988787666802346,0.0,2.5495097567963922,0.9956012676030707,1,True,-0.44031750000000025,1.5325796064236095,-0.006574149305555556,0.007822362749565957,1.2854000015067868,777.9679468085951,True,True,2.5495097567963922,0.0,False,-0.1972244791666667,0.2346708824869787,False,False,0.0,1.2854000015067868,0.0,0.0,0.015400000847876072,0.025000001187436283
run_1790716901,70,2.333333333333335,SIMULATION,TRACKING,SEARCHING,,True,928.3644870689934,1246.763322058974,318.8152870689937,241.55058503119653,317.5,241.5,317.5,241.5,1.3162594422237675,0.0,2.9154759474226504,0.9956012792677028,1,True,-0.44692637152777803,1.5429228025065087,-0.006608871527777779,0.01034319608289929,0.8735000010346994,1144.819689542594,True,True,2.9154759474226504,0.0,False,-0.19826614583333335,0.3102958824869787,False,False,0.0,0.8735000010346994,0.0,0.0,0.008600000001024455,0.012500000593718141
run_1790716901,71,2.366666666666668,SIMULATION,TRACKING,SEARCHING,,True,927.4291586361444,1248.142786601982,318.93737808058916,241.27513820094055,318.5,240.5,318.5,240.5,0.8900218064391457,0.0,1.5811388300841898,0.9956013055185782,1,True,-0.45188940972222247,1.550765998589408,-0.004963038194444445,0.00784319608289929,0.8247000005212612,1212.5621430434562,True,True,1.5811388300841898,0.0,False,-0.14889114583333335,0.2352958824869787,False,False,0.0,0.8247000005212612,0.0,0.0,0.008199996955227107,0.011800002539530396
run_1790716901,72,2.4000000000000012,SIMULATION,TRACKING,SEARCHING,,True,926.4823672749803,1249.5144089337982,318.78467283053624,241.39184915949295,317.5,241.5,317.5,241.5,1.2892171600705484,0.0,2.9154759474226504,0.9956013492742173,1,True,-0.4585538368055558,1.5611300280056406,-0.006664427083333333,0.010364029416232623,0.8323999936692417,1201.3455161045508,True,True,2.9154759474226504,0.0,False,-0.1999328125,0.3109208824869787,False,False,0.0,0.8323999936692417,0.0,0.0,0.007999995432328433,0.011600001016631722
run_1790716901,73,2.4333333333333345,SIMULATION,TRACKING,SEARCHING,,True,925.5241787345211,1250.8780938034233,318.8927926234104,241.09728932252074,318.5,240.5,318.5,240.5,0.7148710231943284,0.0,1.5811388300841898,0.99560141169433,1,True,-0.4635724305555558,1.5689940574218733,-0.00501859375,0.007864029416232623,0.796499996795319,1255.492785967927,True,True,1.5811388300841898,0.0,False,-0.1505578125,0.23592088248697868,False,False,0.0,0.796499996795319,0.0,0.0,0.007599999662488699,0.01080000220099464
run_1790716901,74,2.4666666666666677,SIMULATION,TRACKING,SEARCHING,,True,924.5546595552523,1252.2337465110672,318.72624844414156,241.19469732356742,318.5,240.5,318.5,240.5,0.7306112029309574,0.0,1.5811388300841898,0.9956014925982154,1,True,-0.46861185763888913,1.576858086838106,-0.005039427083333334,0.007864029416232623,0.8597999985795468,1163.0611789393743,True,True,1.5811388300841898,0.0,False,-0.1511828125,0.23592088248697868,False,False,0.0,0.8597999985795468,0.0,0.0,0.00790000194683671,0.011600001016631722
run_1790716901,75,2.500000000000001,SIMULATION,TRACKING,SEARCHING,,True,923.573877064505,1253.5812729147253,318.55177428672755,241.2839790206283,318.5,241.5,318.5,241.5,0.22213878611097507,0.0,2.1213203435596424,0.9956015908196928,1,True,-0.4736721180555558,1.5872429495876719,-0.005060260416666668,0.010384862749565956,0.7897999967099167,1266.1433326990593,True,True,2.1213203435596424,0.0,False,-0.15180781250000003,0.3115458824869787,False,False,0.0,0.7897999967099167,0.0,0.0,0.007099995855242014,0.011500000255182385
run_1790716901,76,2.533333333333334,SIMULATION,TRACKING,SEARCHING,,True,922.5818993717805,1254.920579436717,318.36943826066977,240.96170750268925,318.5,240.5,318.5,240.5,0.4798126569990418,0.0,1.5811388300841898,0.99560170450413,1,True,-0.4787532118055558,1.5951278123372379,-0.0050810937500000005,0.007884862749565956,0.8351999931619503,1197.3180174656611,True,True,1.5811388300841898,0.0,False,-0.15243281250000001,0.23654588248697866,False,False,0.0,0.8351999931619503,0.0,0.0,0.00960000033956021,0.011200005246791989
run_1790716901,77,2.5666666666666673,SIMULATION,TRACKING,SEARCHING,,True,921.5787953640199,1256.2515730701828,318.1793092529092,241.03112309622452,318.5,240.5,318.5,240.5,0.6204307363540036,0.0,1.5811388300841898,0.9956018313532764,1,True,-0.48385513888888915,1.603012675086804,-0.005101927083333333,0.007884862749565956,0.9298000004491769,1075.5001070304477,True,True,1.5811388300841898,0.0,False,-0.1530578125,0.23654588248697866,False,False,0.0,0.9298000004491769,0.0,0.0,0.011500000255182385,0.012299999070819467
run_1790716901,78,2.6000000000000005,SIMULATION,TRACKING,SEARCHING,,True,920.5646347008203,1257.5741613855441,317.98145692304297,241.09213337165534,317.5,241.5,317.5,241.5,0.6309960025731131,0.0,2.9154759474226504,0.9956019688236029,1,True,-0.49065845486111137,1.6134183711697032,-0.006803315972222222,0.010405696082899289,0.8799000061117113,1136.4927753768432,True,True,2.9154759474226504,0.0,False,-0.20409947916666665,0.31217088248697866,False,False,0.0,0.8799000061117113,0.0,0.0,0.008499999239575118,0.013999997463542968
run_1790716901,79,2.6333333333333337,SIMULATION,TRACKING,SEARCHING,,True,919.5394878095983,1258.8882525369222,318.0448405873765,240.74131314976944,318.5,240.5,318.5,240.5,0.5151719394060899,0.0,1.5811388300841898,0.995602114283707,1,True,-0.49581593750000025,1.6213240672526026,-0.005157482638888889,0.007905696082899288,0.9043000027304515,1105.8277087035176,True,True,1.5811388300841898,0.0,False,-0.15472447916666668,0.23717088248697865,False,False,0.0,0.9043000027304515,0.0,0.0,0.008100003469735384,0.011500000255182385
run_1790716901,80,2.666666666666667,SIMULATION,TRACKING,SEARCHING,,True,918.5034258806982,1260.1937552685147,317.8339758806985,240.78190450809802,317.5,240.5,317.5,240.5,0.4370469546562917,0.0,2.5495097567963922,0.99560226513611,1,True,-0.5026748090277781,1.629229763335502,-0.006858871527777778,0.007905696082899288,0.8078000028035603,1237.930176441431,True,True,2.5495097567963922,0.0,False,-0.20576614583333333,0.23717088248697865,False,False,0.0,0.8078000028035603,0.0,0.0,0.008000002708286047,0.011999996786471456
run_1790716901,81,2.7,SIMULATION,TRACKING,SEARCHING,,True,917.4565208624484,1261.4905789209347,317.8844903068932,240.81381678725415,316.5,239.5,316.5,239.5,1.9086455826978697,0.0,3.5355339059327378,0.9956024189084576,1,True,-0.5112489583333336,1.6371354594184013,-0.008574149305555556,0.007905696082899288,0.8199999938369729,1219.512204287667,True,True,3.5355339059327378,0.0,False,-0.2572244791666667,0.23717088248697865,False,False,0.0,0.8199999938369729,0.0,0.0,0.007999995432328433,0.011600001016631722
run_1790716901,82,2.7333333333333334,SIMULATION,TRACKING,SEARCHING,,True,916.3988454561659,1262.778633437505,318.1986787894996,240.83695993056062,317.5,240.5,317.5,240.5,0.7756894002756652,0.0,2.5495097567963922,0.9956025733187791,1,True,-0.5181911631944447,1.6450411555013007,-0.006942204861111111,0.007905696082899288,0.901699997484684,1109.0163056332776,True,True,2.5495097567963922,0.0,False,-0.20826614583333333,0.23717088248697865,False,False,0.0,0.901699997484684,0.0,0.0,0.008100003469735384,0.011599993740674108
run_1790716901,83,2.7666666666666666,SIMULATION,TRACKING,SEARCHING,,True,915.3304731111065,1264.057829370513,318.2410592222179,240.85124449030468,317.5,240.5,317.5,240.5,0.8200862532707361,0.0,2.5495097567963922,0.9956027263190635,1,True,-0.525168090277778,1.6529468515842,-0.006976927083333333,0.007905696082899288,0.7982000024640001,1252.8188385280057,True,True,2.5495097567963922,0.0,False,-0.2093078125,0.23717088248697865,False,False,0.0,0.7982000024640001,0.0,0.0,0.008199996955227107,0.011099997209385037
run_1790716901,84,2.8,SIMULATION,TRACKING,SEARCHING,,True,914.2514780193646,1265.3280778874218,318.27837246380943,240.85658163394965,317.5,240.5,317.5,240.5,0.8561624577654438,0.0,2.5495097567963922,0.9956028761210013,1,True,-0.5321797395833335,1.6608525476670994,-0.007011649305555555,0.007905696082899288,0.9719000008772127,1028.9124386227234,True,True,2.5495097567963922,0.0,False,-0.21034947916666666,0.23717088248697865,False,False,0.0,0.9719000008772127,0.0,0.0,0.00960000033956021,0.013700002455152571
run_1790716901,85,2.833333333333333,SIMULATION,TRACKING,SEARCHING,,True,913.1619351107217,1266.5892907770397,318.31069344405546,240.85288315030357,317.5,240.5,317.5,240.5,0.8841664877174852,0.0,2.5495097567963922,0.9956030212073287,1,True,-0.5392261111111113,1.6687582437499988,-0.007046371527777777,0.007905696082899288,0.7727999982307665,1293.9958621756998,True,True,2.5495097567963922,0.0,False,-0.21139114583333332,0.23717088248697865,False,False,0.0,0.7727999982307665,0.0,0.0,0.011099997209385037,0.01200000406242907
run_1790716901,86,2.8666666666666663,SIMULATION,TRACKING,SEARCHING,,True,912.0619200474418,1267.8413804556446,318.33809782521996,240.84006145564467,317.5,240.5,317.5,240.5,0.9044610319154729,0.0,2.5495097567963922,0.9956031603318063,1,True,-0.5463072048611113,1.6766639398328982,-0.00708109375,0.007905696082899288,0.8824999968055636,1133.1444800223887,True,True,2.5495097567963922,0.0,False,-0.21243281249999998,0.23717088248697865,False,False,0.0,0.8824999968055636,0.0,0.0,0.008499999239575118,0.012299999070819467
run_1790716901,87,2.8999999999999995,SIMULATION,TRACKING,SEARCHING,,True,910.9515092190176,1269.084259973068,318.36066199679567,240.81802959980405,317.5,240.5,317.5,240.5,0.9175412247304391,0.0,2.5495097567963922,0.9956032925104691,1,True,-0.5534230208333335,1.6845696359157976,-0.007115815972222221,0.007905696082899288,0.8241000032285228,1213.4449655167641,True,True,2.5495097567963922,0.0,False,-0.21347447916666665,0.23717088248697865,False,False,0.0,0.8241000032285228,0.0,0.0,0.007800001185387373,0.011800002539530396
run_1790716901,88,2.9333333333333327,SIMULATION,TRACKING,SEARCHING,,True,909.830779736866,1270.3178430187315,318.3784630701997,240.7867012722038,318.5,239.5,318.5,239.5,1.292428485138021,0.0,1.5811388300841898,0.9956034170064212,1,True,-0.5588930034722224,1.692475331998697,-0.005469982638888889,0.007905696082899288,0.8324000009451993,1201.345505603663,True,True,1.5811388300841898,0.0,False,-0.16409947916666667,0.23717088248697865,False,False,0.0,0.8324000009451993,0.0,0.0,0.00790000194683671,0.011799995263572782
run_1790716901,89,2.966666666666666,SIMULATION,TRACKING,SEARCHING,,True,908.6998094289729,1271.5420439276415,318.12268998452885,240.74599080784992,317.5,240.5,317.5,240.5,0.669517956726474,0.0,2.5495097567963922,0.9956035333101003,1,True,-0.5660643750000002,1.7003810280815963,-0.007171371527777777,0.007905696082899288,0.8230000021285377,1215.0668255330309,True,True,2.5495097567963922,0.0,False,-0.21514114583333332,0.23717088248697865,False,False,0.0,0.8230000021285377,0.0,0.0,0.00790000194683671,0.011100004485342652
run_1790716901,90,2.999999999999999,SIMULATION,TRACKING,SEARCHING,,True,907.5586768344886,1272.7567776863384,318.128976834489,240.6958131932829,318.5,240.5,318.5,240.5,0.41952472633858456,0.0,1.5811388300841898,0.9956036411166231,1,True,-0.5715899131944446,1.7082867241644957,-0.005525538194444444,0.007905696082899288,0.8370000068680383,1194.7431204234867,True,True,1.5811388300841898,0.0,False,-0.16576614583333332,0.23717088248697865,False,False,0.0,0.8370000068680383,0.0,0.0,0.007999995432328433,0.01170000177808106
run_1790716901,91,3.0333333333333323,SIMULATION,TRACKING,SEARCHING,,True,906.4074611982734,1273.9619599387988,317.86184730938487,240.63608407247943,316.5,240.5,316.5,240.5,1.368629595201492,0.0,3.5355339059327378,0.9956037403015363,1,True,-0.5804973958333335,1.716192420247395,-0.00890748263888889,0.007905696082899288,0.7912000000942498,1263.9029321042433,True,True,3.5355339059327378,0.0,False,-0.2672244791666667,0.23717088248697865,False,False,0.0,0.7912000000942498,0.0,0.0,0.007300004654098302,0.01170000177808106
run_1790716901,92,3.0666666666666655,SIMULATION,TRACKING,SEARCHING,,True,905.2462424653951,1275.1575069922956,318.1258257987288,240.5667197527123,317.5,239.5,317.5,239.5,1.2367493526099316,0.0,2.5495097567963922,0.9956038308960409,1,True,-0.587772934027778,1.7240981163302944,-0.007275538194444444,0.007905696082899288,1.6190000023925677,617.665224535018,True,True,2.5495097567963922,0.0,False,-0.2182661458333333,0.23717088248697865,False,False,0.0,1.6190000023925677,0.0,0.0,0.00809999619377777,0.012299999070819467
run_1790716901,93,3.0999999999999988,SIMULATION,TRACKING,SEARCHING,,True,904.0751012755766,1276.3433358232078,318.1187707200214,240.48763721036062,317.5,239.5,317.5,239.5,1.1654631968641156,0.0,2.5495097567963922,0.9956039130625332,1,True,-0.5950831944444447,1.7320038124131938,-0.007310260416666665,0.007905696082899288,0.8028000011108816,1245.6402573695082,True,True,2.5495097567963922,0.0,False,-0.21930781249999998,0.23717088248697865,False,False,0.0,0.8028000011108816,0.0,0.0,0.007700000423938036,0.01170000177808106
run_1790716901,94,3.133333333333332,SIMULATION,TRACKING,SEARCHING,,True,902.8941189575968,1277.519364082788,318.10743006870825,240.39875409667684,317.5,240.5,317.5,240.5,0.6158100529470407,0.0,2.5495097567963922,0.9956039870711045,1,True,-0.6024281770833336,1.7399095084960932,-0.007344982638888888,0.007905696082899288,0.8242000039899722,1213.2977373925937,True,True,2.5495097567963922,0.0,False,-0.22034947916666664,0.23717088248697865,False,False,0.0,0.8242000039899722,0.0,0.0,0.007499998901039362,0.013700002455152571
run_1790716901,95,3.166666666666665,SIMULATION,TRACKING,SEARCHING,,True,901.7033775236418,1278.6855101028793,318.0918858569755,240.2999887435044,317.5,240.5,317.5,240.5,0.6247666527693343,0.0,2.5495097567963922,0.9956040532774761,1,True,-0.6098078819444447,1.7478152045789925,-0.00737970486111111,0.007905696082899288,0.851700002385769,1174.122340259264,True,True,2.5495097567963922,0.0,False,-0.2213911458333333,0.23717088248697865,False,False,0.0,0.851700002385769,0.0,0.0,0.0092999980552122,0.012500000593718141
run_1790716901,96,3.1999999999999984,SIMULATION,TRACKING,SEARCHING,,True,900.5029596636107,1279.8416929015882,318.07222077472215,240.19126016894938,318.5,239.5,318.5,239.5,0.8129180074000357,0.0,1.5811388300841898,0.9956041121026951,1,True,-0.6155417534722225,1.755720900661892,-0.005733871527777777,0.007905696082899288,0.8373000018764287,1194.3150576363942,True,True,1.5811388300841898,0.0,False,-0.1720161458333333,0.23717088248697865,False,False,0.0,0.8373000018764287,0.0,0.0,0.008000002708286047,0.01170000177808106
run_1790716901,97,3.2333333333333316,SIMULATION,TRACKING,SEARCHING,,True,899.2929487393724,1280.987832188907,317.7796292949283,240.07248808300437,316.5,239.5,316.5,239.5,1.4018536791052014,0.0,3.5355339059327378,0.9956041640148013,1,True,-0.6246575694444447,1.7636265967447913,-0.009115815972222222,0.007905696082899288,0.8095000011962838,1235.330449070036,True,True,3.5355339059327378,0.0,False,-0.2734744791666667,0.23717088248697865,False,False,0.0,0.8095000011962838,0.0,0.0,0.007700000423938036,0.011600001016631722
run_1790716901,98,3.266666666666665,SIMULATION,TRACKING,SEARCHING,,True,898.0734287789768,1282.1238483722905,318.01863989008825,239.94359289312388,317.5,239.5,317.5,239.5,0.6824675746295691,0.0,2.5495097567963922,0.995604209512573,1,True,-0.6321414409722225,1.7715322928276906,-0.007483871527777776,0.007905696082899288,0.8049000025494024,1242.390355115725,True,True,2.5495097567963922,0.0,False,-0.2245161458333333,0.23717088248697865,False,False,0.0,0.8049000025494024,0.0,0.0,0.008200004231184721,0.011200005246791989
run_1790716901,99,3.299999999999998,SIMULATION,TRACKING,SEARCHING,,True,896.8444844708201,1283.249662562182,317.98711502637605,239.80449570975156,317.5,239.5,317.5,239.5,0.5744551211177805,0.0,2.5495097567963922,0.9956042491113745,1,True,-0.6396600347222224,1.77943798891059,-0.007518593749999998,0.007905696082899288,0.8214999979827553,1217.285456427952,True,True,2.5495097567963922,0.0,False,-0.22555781249999995,0.23717088248697865,False,False,0.0,0.8214999979827553,0.0,0.0,0.00790000194683671,0.011699994502123445
run_1790716901,100,3.3333333333333313,SIMULATION,TRACKING,SEARCHING,,True,895.6062011577633,1284.3651965774936,317.95180671331923,239.65511835179927,317.5,238.5,317.5,238.5,1.240333710282759,0.0,2.9154759474226504,0.9956042833310739,1,True,-0.6472133506944446,1.7848228516601559,-0.007553315972222221,0.005384862749565955,0.8087999958661385,1236.3996106714944,True,True,2.9154759474226504,0.0,False,-0.22659947916666662,0.16154588248697865,False,False,0.0,0.8087999958661385,0.0,0.0,0.01290000363951549,0.01720000000204891
run_1790716901,101,3.3666666666666645,SIMULATION,TRACKING,SEARCHING,,True,894.3586648312053,1285.4703729510334,317.9128009423167,239.89871668540854,317.5,238.5,317.5,238.5,1.4583596895203317,0.0,2.9154759474226504,0.9956043126859421,1,True,-0.6548013888888891,1.7901868810763886,-0.007588038194444442,0.005364029416232622,0.7966999983182177,1255.1776102810788,True,True,2.9154759474226504,0.0,False,-0.22764114583333328,0.16092088248697867,False,False,0.0,0.7966999983182177,0.0,0.0,0.00790000194683671,0.010199997632298619
run_1790716901,102,3.3999999999999977,SIMULATION,TRACKING,SEARCHING,,True,893.1019621251119,1286.565114934886,317.87018434733443,240.135213962664,317.5,240.5,317.5,240.5,0.5197165612588378,0.0,2.5495097567963922,0.995604337676412,1,True,-0.6624241493055557,1.7980509104926212,-0.007622760416666665,0.007864029416232623,0.8089999973890372,1236.0939471290424,True,True,2.5495097567963922,0.0,False,-0.22868281249999994,0.23592088248697868,False,False,0.0,0.8089999973890372,0.0,0.0,0.007599999662488699,0.011000003723893315
run_1790716901,103,3.433333333333331,SIMULATION,TRACKING,SEARCHING,,True,891.8361803099993,1287.6493465057426,317.8240441988886,239.96120082692346,317.5,239.5,317.5,239.5,0.5636584476331722,0.0,2.5495097567963922,0.9956043587825524,1,True,-0.6700816319444446,1.8059149399088539,-0.007657482638888886,0.007864029416232623,0.818600005004555,1221.59784251948,True,True,2.5495097567963922,0.0,False,-0.2297244791666666,0.23592088248697868,False,False,0.0,0.818600005004555,0.0,0.0,0.008100003469735384,0.011600001016631722
run_1790716901,104,3.466666666666664,SIMULATION,TRACKING,SEARCHING,,True,890.5614072868739,1288.72299237018,317.7744683979854,239.7766019847636,317.5,239.5,317.5,239.5,0.38966852511825556,0.0,2.5495097567963922,0.9956043764590945,1,True,-0.6777738368055557,1.8137789693250865,-0.007692204861111109,0.007864029416232623,0.7701000067754649,1298.5326466716501,True,True,2.5495097567963922,0.0,False,-0.23076614583333327,0.23592088248697868,False,False,0.0,0.7701000067754649,0.0,0.0,0.007400005415547639,0.010600000678095967
run_1790716901,105,3.4999999999999973,SIMULATION,TRACKING,SEARCHING,,True,889.2777315811276,1289.7859779698892,317.72154547001685,239.5813428778756,316.5,239.5,316.5,239.5,1.224250790932876,0.0,3.5355339059327378,0.9956043911318408,1,True,-0.6871813194444446,1.8216429987413192,-0.009407482638888888,0.007864029416232623,0.82230000407435,1216.1011735925795,True,True,3.5355339059327378,0.0,False,-0.28222447916666665,0.23592088248697868,False,False,0.0,0.82230000407435,0.0,0.0,0.007599999662488699,0.011299998732283711
run_1790716901,106,3.5333333333333306,SIMULATION,TRACKING,SEARCHING,,True,887.9852423363908,1290.8382294868527,317.93425344750233,239.37534968824184,317.5,239.5,317.5,239.5,0.45178950506741966,0.0,2.5495097567963922,0.9956044031952859,1,True,-0.694956857638889,1.8295070281575518,-0.0077755381944444426,0.007864029416232623,0.7638000024599023,1309.243253180662,True,True,2.5495097567963922,0.0,False,-0.23326614583333327,0.23592088248697868,False,False,0.0,0.7638000024599023,0.0,0.0,0.007700000423938036,0.010199997632298619
run_1790716901,107,3.5666666666666638,SIMULATION,TRACKING,SEARCHING,,True,886.6840293083418,1291.8796738484714,317.8771265305644,239.1585493432633,317.5,238.5,317.5,238.5,0.7588884355213659,0.0,2.9154759474226504,0.9956044130112779,1,True,-0.7027671180555557,1.8348502242404512,-0.007810260416666664,0.00534319608289929,0.8300999979837798,1204.6741385723267,True,True,2.9154759474226504,0.0,False,-0.23430781249999993,0.16029588248697868,False,False,0.0,0.8300999979837798,0.0,0.0,0.00790000194683671,0.010600000678095967
run_1790716901,108,3.599999999999997,SIMULATION,TRACKING,SEARCHING,,True,885.3741828584732,1292.9102387326388,317.81692174736247,239.33420285416696,316.5,238.5,316.5,238.5,1.55890259175374,0.0,3.8078865529319543,0.9956044209085647,1,True,-0.7122926562500002,1.8401725869900172,-0.009525538194444443,0.005322362749565957,0.8047000010265037,1242.6991409523607,True,True,3.8078865529319543,0.0,False,-0.2857661458333333,0.1596708824869787,False,False,0.0,0.8047000010265037,0.0,0.0,0.007700000423938036,0.010899995686486363
run_1790716901,109,3.63333333333333,SIMULATION,TRACKING,SEARCHING,,True,884.0557939478178,1293.9298525727631,318.0226189478183,239.50223865436078,317.5,239.5,317.5,239.5,0.5226237424687344,0.0,2.5495097567963922,0.9956044271830666,1,True,-0.7201862500000001,1.8479949497395831,-0.007893593749999997,0.007822362749565957,0.8663999979034998,1154.2012954983647,True,True,2.5495097567963922,0.0,False,-0.23680781249999994,0.2346708824869787,False,False,0.0,0.8663999979034998,0.0,0.0,0.00790000194683671,0.011500000255182385
run_1790716901,110,3.6666666666666634,SIMULATION,TRACKING,SEARCHING,,True,882.7289541306313,1294.9384445627375,317.95875413063175,239.25925260440454,317.5,238.5,317.5,238.5,0.8870850408313522,0.0,2.9154759474226504,0.9956044320987404,1,True,-0.7281145659722223,1.8532964791558157,-0.00792831597222222,0.005301529416232623,0.7982000024640001,1252.8188385280057,True,True,2.9154759474226504,0.0,False,-0.2378494791666666,0.1590458824869787,False,False,0.0,0.7982000024640001,0.0,0.0,0.007400005415547639,0.012999997125007212
run_1790716901,111,3.6999999999999966,SIMULATION,TRACKING,SEARCHING,,True,881.3937555480345,1295.9359446618569,317.8920861035905,239.4085079969268,316.5,238.5,316.5,238.5,1.6623148018019,0.0,3.8078865529319543,0.9956044358889052,1,True,-0.7377581597222224,1.858577175238715,-0.009643593749999999,0.00528069608289929,0.8725999941816553,1146.0004660415148,True,True,3.8078865529319543,0.0,False,-0.2893078125,0.15842088248697872,False,False,0.0,0.8725999941816553,0.0,0.0,0.007800001185387373,0.011099997209385037
run_1790716901,112,3.73333333333333,SIMULATION,TRACKING,SEARCHING,,True,880.0502909216143,1296.922283599682,318.09159647717024,239.54993556148816,317.5,239.5,317.5,239.5,0.5937002207354971,0.0,2.5495097567963922,0.9956044387579167,1,True,-0.7457698090277779,1.8663578713216142,-0.008011649305555554,0.007780696082899291,0.9207999974023551,1086.01216639995,True,True,2.5495097567963922,0.0,False,-0.2403494791666666,0.23342088248697873,False,False,0.0,0.9207999974023551,0.0,0.0,0.007499998901039362,0.010100004146806896
run_1790716901,113,3.766666666666663,SIMULATION,TRACKING,SEARCHING,,True,878.6986535469856,1297.8973928808493,318.02182299143044,239.28013346939156,317.5,238.5,317.5,238.5,0.9385667075122162,0.0,2.9154759474226504,0.99560444088309,1,True,-0.7538161805555557,1.8716177340711802,-0.008046371527777775,0.005259862749565958,0.9337000010418706,1071.0078171619882,True,True,2.9154759474226504,0.0,False,-0.24139114583333326,0.15779588248697873,False,False,0.0,0.9337000010418706,0.0,0.0,0.007399998139590025,0.010900002962443978
run_1790716901,114,3.7999999999999963,SIMULATION,TRACKING,SEARCHING,,True,877.3389372873118,1298.861204789829,317.94952617620106,239.40236733844063,317.5,239.5,317.5,239.5,0.4600064344040362,0.0,2.5495097567963922,0.9956044424167841,1,True,-0.7618972743055556,1.879377596820746,-0.008081093749999997,0.007759862749565958,0.9214000019710511,1085.3049683750905,True,True,2.5495097567963922,0.0,False,-0.24243281249999993,0.23279588248697874,False,False,0.0,0.9214000019710511,0.0,0.0,0.008800001523923129,0.012399999832268804
run_1790716901,115,3.8333333333333295,SIMULATION,TRACKING,SEARCHING,,True,875.9712365667866,1299.8136523956252,317.8748004556759,239.1132369043064,317.5,238.5,317.5,238.5,0.7187036123313635,0.0,2.9154759474226504,0.9956044434885748,1,True,-0.7700130902777779,1.8846166262369786,-0.00811581597222222,0.005239029416232625,0.9149000034085475,1093.0156260513766,True,True,2.9154759474226504,0.0,False,-0.2434744791666666,0.15717088248697875,False,False,0.0,0.9149000034085475,0.0,0.0,0.009000003046821803,0.013899996702093631
run_1790716901,116,3.8666666666666627,SIMULATION,TRACKING,SEARCHING,,True,874.5956463640772,1300.7546695564263,317.797740808522,239.2160093585103,317.5,238.5,317.5,238.5,0.7754476065690433,0.0,2.9154759474226504,0.995604444207452,1,True,-0.7781636284722223,1.8898348223198778,-0.008150538194444442,0.005218196082899292,0.9777999948710203,1022.7040348183966,True,True,2.9154759474226504,0.0,False,-0.24451614583333325,0.15654588248697876,False,False,0.0,0.9777999948710203,0.0,0.0,0.01340000017080456,0.021699997887481004
run_1790716901,117,3.899999999999996,SIMULATION,TRACKING,SEARCHING,,True,873.2122622057282,1301.6841909241962,317.7184427612841,239.31061935301636,317.5,239.5,317.5,239.5,0.2891059830051377,0.0,2.5495097567963922,0.9956044446639942,1,True,-0.786348888888889,1.8975530184027771,-0.008185260416666664,0.0077181960828992925,0.8985000022221357,1112.9660517827917,True,True,2.5495097567963922,0.0,False,-0.24555781249999992,0.23154588248697877,False,False,0.0,0.8985000022221357,0.0,0.0,0.009699993825051934,0.013299999409355223
run_1790716901,118,3.933333333333329,SIMULATION,TRACKING,SEARCHING,,True,871.8211801595277,1302.6021519492135,317.63700238175034,238.9936690047698,317.5,238.5,317.5,238.5,0.5123267891450424,0.0,2.9154759474226504,0.9956044449324778,1,True,-0.7945688715277779,1.9027503811523432,-0.008219982638888885,0.005197362749565959,0.8938999962992966,1118.693370779676,True,True,2.9154759474226504,0.0,False,-0.24659947916666658,0.15592088248697877,False,False,0.0,0.8938999962992966,0.0,0.0,0.008499999239575118,0.011600001016631722
run_1790716901,119,3.9666666666666623,SIMULATION,TRACKING,SEARCHING,,True,870.4224968278369,1303.508488884554,317.55351627228174,239.0684279001798,316.5,239.5,316.5,239.5,1.1384862815623293,0.0,3.5355339059327378,0.9956044450728896,1,True,-0.8045041319444446,1.9104477439019092,-0.009935260416666666,0.00769736274956596,0.8835000044200569,1131.8619071840474,True,True,3.5355339059327378,0.0,False,-0.29805781249999996,0.23092088248697878,False,False,0.0,0.8835000044200569,0.0,0.0,0.00809999619377777,0.011900003300979733
run_1790716901,120,3.9999999999999956,SIMULATION,TRACKING,SEARCHING,,True,869.0163093408804,1304.4031387905166,317.73697045199197,238.73149976621175,317.5,237.5,317.5,237.5,1.2540919700312585,0.0,3.5355339059327378,0.9956044451328211,1,True,-0.8128074479166668,1.9139437177625862,-0.00830331597222222,0.0034959738606770707,0.8746999956201762,1143.2491197064476,True,True,3.5355339059327378,0.0,False,-0.24909947916666658,0.10487921582031212,False,False,0.0,0.8746999956201762,0.0,0.0,0.007800001185387373,0.012100004823878407
run_1790716901,121,4.033333333333329,SIMULATION,TRACKING,SEARCHING,,True,867.602715350002,1305.2860395389955,317.65190701666904,239.05504469698235,317.5,238.5,317.5,238.5,0.5754566511575978,0.0,2.9154759474226504,0.9956044451492275,1,True,-0.8211454861111113,1.9190855249565966,-0.008338038194444442,0.005141807194010404,1.134700003603939,881.2902060666995,True,True,2.9154759474226504,0.0,False,-0.25014114583333324,0.15425421582031212,False,False,0.0,1.134700003603939,0.0,0.0,0.012700002116616815,0.019999999494757503
run_1790716901,122,4.066666666666662,SIMULATION,TRACKING,SEARCHING,,True,866.1818130208828,1306.1571298177932,317.565090798661,239.1034458247384,316.5,238.5,316.5,238.5,1.2241590063331411,0.0,3.8078865529319543,0.9956044451500414,1,True,-0.8311988020833335,1.9242064988172736,-0.010053315972222221,0.005120973860677071,1.1154000021633692,896.5393563389406,True,True,3.8078865529319543,0.0,False,-0.30159947916666663,0.15362921582031214,False,False,0.0,1.1154000021633692,0.0,0.0,0.01410000550094992,0.01809999957913533
run_1790716901,123,4.099999999999995,SIMULATION,TRACKING,SEARCHING,,True,864.7537010267249,1307.0163491348796,317.7455093600587,239.14330932411644,317.5,238.5,317.5,238.5,0.6885649805004493,0.0,2.9154759474226504,0.9956044451556373,1,True,-0.8396201736111113,1.9293066393446172,-0.008421371527777777,0.0051001405273437385,1.1393000022508204,877.7319389312587,True,True,2.9154759474226504,0.0,False,-0.2526411458333333,0.15300421582031215,False,False,0.0,1.1393000022508204,0.0,0.0,0.012600001355167478,0.01889999839477241
run_1790716901,124,4.133333333333328,SIMULATION,TRACKING,SEARCHING,,True,863.3184785413983,1307.863637822592,317.65770631917655,239.17457552745373,316.5,238.5,316.5,238.5,1.3399015126869585,0.0,3.8078865529319543,0.9956044451801442,1,True,-0.8497568229166669,1.9343859465386277,-0.010136649305555554,0.005079307194010406,1.1331999994581565,882.4567600407285,True,True,3.8078865529319543,0.0,False,-0.30409947916666663,0.15237921582031216,False,False,0.0,1.1331999994581565,0.0,0.0,0.013899996702093631,0.018499995348975062
run_1790716901,125,4.166666666666662,SIMULATION,TRACKING,SEARCHING,,True,861.8762452325543,1308.698937041778,317.83733689922144,239.19718559559806,317.5,238.5,317.5,238.5,0.7745088368028827,0.0,2.9154759474226504,0.9956044452326123,1,True,-0.858261527777778,1.9394444203993049,-0.008504704861111108,0.005058473860677072,1.0485000020707957,953.7434411301784,True,True,2.9154759474226504,0.0,False,-0.25514114583333325,0.15175421582031218,False,False,0.0,1.0485000020707957,0.0,0.0,0.012600001355167478,0.018500002624932677
run_1790716901,126,4.199999999999995,SIMULATION,TRACKING,SEARCHING,,True,860.4271012547043,1309.5221887858838,317.7489456991492,239.21108152199554,316.5,239.5,316.5,239.5,1.2819279411713074,0.0,3.5355339059327378,0.9956044453180348,1,True,-0.8684815104166669,1.947002894259982,-0.010219982638888887,0.007558473860677073,1.094100000045728,913.9932364118499,True,True,3.5355339059327378,0.0,False,-0.30659947916666663,0.2267542158203122,False,False,0.0,1.094100000045728,0.0,0.0,0.012700002116616815,0.01750000228639692
run_1790716901,127,4.233333333333328,SIMULATION,TRACKING,SEARCHING,,True,858.9711472422644,1310.3333358849798,317.9281889089315,238.81287280338324,317.5,237.5,317.5,237.5,1.3809347340100118,0.0,3.5355339059327378,0.9956044454382373,1,True,-0.8770695486111113,1.95035997923177,-0.008588038194444444,0.003357084971788184,1.1646999992080964,858.5901954837475,True,True,3.5355339059327378,0.0,False,-0.2576411458333333,0.10071254915364553,False,False,0.0,1.1646999992080964,0.0,0.0,0.015300000086426735,0.014399993233382702
run_1790716901,128,4.266666666666661,SIMULATION,TRACKING,SEARCHING,,True,857.5084843025668,1311.1323220097324,317.839612080345,239.0747253326499,317.5,238.5,317.5,238.5,0.6675669053404215,0.0,2.9154759474226504,0.9956044455926385,1,True,-0.885692309027778,1.9553628975368915,-0.008622760416666663,0.005002918305121518,0.9195000020554289,1087.5475777755555,True,True,2.9154759474226504,0.0,False,-0.2586828124999999,0.15008754915364553,False,False,0.0,0.9195000020554289,0.0,0.0,0.012099997547920793,0.017099999240599573
run_1790716901,129,4.2999999999999945,SIMULATION,TRACKING,SEARCHING,,True,856.039214008839,1311.9190916753153,317.7499834532839,239.0610280694134,317.5,238.5,317.5,238.5,0.614202101580146,0.0,2.9154759474226504,0.9956044457788962,1,True,-0.8943497916666668,1.9603449825086796,-0.008657482638888887,0.004982084971788185,1.1365000027581118,879.8944105351103,True,True,2.9154759474226504,0.0,False,-0.25972447916666663,0.14946254915364554,False,False,0.0,1.1365000027581118,0.0,0.0,0.013299999409355223,0.018000006093643606
run_1790716901,130,4.333333333333328,SIMULATION,TRACKING,SEARCHING,,True,854.56343839315,1312.6935902452624,317.6594050598171,239.03839304387452,317.5,238.5,317.5,238.5,0.5614953631044257,0.0,2.9154759474226504,0.995604445993446,1,True,-0.903041996527778,1.9653062341471346,-0.008692204861111108,0.004961251638454851,1.1524999936227687,867.6789635864551,True,True,2.9154759474226504,0.0,False,-0.26076614583333324,0.14883754915364555,False,False,0.0,1.1524999936227687,0.0,0.0,0.012699994840659201,0.01889999839477241
run_1790716901,131,4.366666666666661,SIMULATION,TRACKING,SEARCHING,,True,853.0812599393245,1313.4557639352618,317.5679793837693,239.00676647172122,316.5,238.5,316.5,238.5,1.182113455222042,0.0,3.8078865529319543,0.9956044462319461,1,True,-0.9134494791666669,1.9702466524522562,-0.010407482638888887,0.004940418305121519,1.0715999960666522,933.1840273147977,True,True,3.8078865529319543,0.0,False,-0.3122244791666666,0.14821254915364557,False,False,0.0,1.0715999960666522,0.0,0.0,0.01340000017080456,0.018699996871873736
run_1790716901,132,4.399999999999994,SIMULATION,TRACKING,SEARCHING,,True,851.5927815758259,1314.2055598168913,317.744698242493,238.96609542453143,317.5,238.5,317.5,238.5,0.5264239495390433,0.0,2.9154759474226504,0.9956044464896356,1,True,-0.9222250173611113,1.9751662374240444,-0.008775538194444443,0.004919584971788186,1.0637000013957731,940.114692759061,True,True,2.9154759474226504,0.0,False,-0.2632661458333333,0.14758754915364558,False,False,0.0,1.0637000013957731,0.0,0.0,0.012399999832268804,0.01739999424898997
run_1790716901,133,4.433333333333327,SIMULATION,TRACKING,SEARCHING,,True,850.0981066686093,1314.942925821294,317.65410944638745,238.91632783344812,317.5,238.5,317.5,238.5,0.44393534030245213,0.0,2.9154759474226504,0.9956044467616187,1,True,-0.931035277777778,1.9800649890624993,-0.008810260416666663,0.004898751638454853,1.2146999943070114,823.2485425921994,True,True,2.9154759474226504,0.0,False,-0.2643078124999999,0.1469625491536456,False,False,0.0,1.2146999943070114,0.0,0.0,0.013799995940644294,0.018799997633323073
run_1790716901,134,4.466666666666661,SIMULATION,TRACKING,SEARCHING,,True,848.5973390139422,1315.6678107427938,317.56298345838707,238.85741249279522,317.5,238.5,317.5,238.5,0.3629195586304055,0.0,2.9154759474226504,0.9956044470430848,1,True,-0.9398802604166668,1.9849429073676208,-0.008844982638888887,0.00487791830512152,1.1367999977665022,879.662211439764,True,True,2.9154759474226504,0.0,False,-0.2653494791666666,0.1463375491536456,False,False,0.0,1.1367999977665022,0.0,0.0,0.013699995179194957,0.018999999156221747
run_1790716901,135,4.499999999999994,SIMULATION,TRACKING,SEARCHING,,True,847.0905828311979,1316.380164242451,317.471424497865,238.78929906363305,316.5,237.5,316.5,237.5,1.614297875405057,0.0,4.301162633521313,0.9956044473294712,1,True,-0.9504405208333335,1.9881194367838535,-0.010560260416666665,0.0031765294162326317,1.1511000047903508,868.7342505763688,True,True,4.301162633521313,0.0,False,-0.31680781249999995,0.09529588248697896,False,False,0.0,1.1511000047903508,0.0,0.0,0.010000003385357559,0.013600001693703234
run_1790716901,136,4.533333333333327,SIMULATION,TRACKING,SEARCHING,,True,845.5779427556167,1317.0799368515588,317.6484260889505,238.9808269661437,317.5,238.5,317.5,238.5,0.5032145419719983,0.0,2.9154759474226504,0.9956044476165802,1,True,-0.9593688368055557,1.9929417995334195,-0.008928315972222219,0.004822362749565965,1.2217000039527193,818.5315517431239,True,True,2.9154759474226504,0.0,False,-0.26784947916666657,0.14467088248697896,False,False,0.0,1.2217000039527193,0.0,0.0,0.016500001947861165,0.023800006601959467
run_1790716901,137,4.56666666666666,SIMULATION,TRACKING,SEARCHING,,True,844.0595238310405,1317.7670799750788,317.55853771992975,238.8963920497331,316.5,238.5,316.5,238.5,1.130322414891286,0.0,3.8078865529319543,0.9956044479006559,1,True,-0.9700124305555557,1.9977433289496522,-0.010643593749999998,0.004801529416232632,1.3708999977097847,729.447809227947,True,True,3.8078865529319543,0.0,False,-0.31930781249999995,0.14404588248697897,False,False,0.0,1.3708999977097847,0.0,0.0,0.014500001270789653,0.02479999966453761
run_1790716901,138,4.599999999999993,SIMULATION,TRACKING,SEARCHING,,True,842.5354315026176,1318.4415458950145,317.73742039150693,238.80261326307163,317.5,237.5,317.5,237.5,1.3240731684591436,0.0,3.5355339059327378,0.9956044481784291,1,True,-0.9790240798611113,2.000843469476996,-0.009011649305555555,0.003100140527343744,1.0785999984364025,927.1277595490957,True,True,3.5355339059327378,0.0,False,-0.27034947916666663,0.09300421582031232,False,False,0.0,1.0785999984364025,0.0,0.0,0.014000004739500582,0.020200001017656177
run_1790716901,139,4.633333333333327,SIMULATION,TRACKING,SEARCHING,,True,841.0057716094807,1319.1032877737257,317.6496243872589,238.9683326574077,317.5,238.5,317.5,238.5,0.49165326731056513,0.0,2.9154759474226504,0.995604448447135,1,True,-0.988070451388889,2.0055894433376733,-0.009046371527777774,0.004745973860677077,1.3112000015098602,762.6601577551021,True,True,2.9154759474226504,0.0,False,-0.27139114583333324,0.14237921582031232,False,False,0.0,1.3112000015098602,0.0,0.0,0.015199999324977398,0.02040000254055485
run_1790716901,140,4.66666666666666,SIMULATION,TRACKING,SEARCHING,,True,839.4706503773963,1319.7522596571812,317.5619225996189,238.85794872315478,316.5,238.5,316.5,238.5,1.1206279025571109,0.0,3.8078865529319543,0.9956044487045126,1,True,-0.9988321006944446,2.010314583865017,-0.010761649305555555,0.004725140527343744,1.385600000503473,721.7090066661656,True,True,3.8078865529319543,0.0,False,-0.3228494791666666,0.14175421582031233,False,False,0.0,1.385600000503473,0.0,0.0,0.01630000042496249,0.023600005079060793
run_1790716901,141,4.699999999999993,SIMULATION,TRACKING,SEARCHING,,True,837.9301744113887,1320.3884164781502,317.7433105225002,238.73808305974876,317.5,237.5,317.5,237.5,1.2617645078207675,0.0,3.5355339059327378,0.9956044489487854,1,True,-1.0079618055555557,2.0133383355034717,-0.00912970486111111,0.003023751638454856,1.3744000025326386,727.5902198466799,True,True,3.5355339059327378,0.0,False,-0.2738911458333333,0.09071254915364568,False,False,0.0,1.3744000025326386,0.0,0.0,0.015199999324977398,0.021599997126031667
run_1790716901,142,4.733333333333326,SIMULATION,TRACKING,SEARCHING,,True,836.3844506883365,1321.0117140593309,317.6583395772258,238.87758037877666,316.5,238.5,316.5,238.5,1.2183257030058543,0.0,3.8078865529319543,0.9956044491786331,1,True,-1.0188067881944445,2.01800792047526,-0.010844982638888888,0.004669584971788189,1.1113000000477768,899.8470259668929,True,True,3.8078865529319543,0.0,False,-0.3253494791666666,0.14008754915364569,False,False,0.0,1.1113000000477768,0.0,0.0,0.01920000067912042,0.02609999501146376
run_1790716901,143,4.7666666666666595,SIMULATION,TRACKING,SEARCHING,,True,834.8335865495438,1321.62210911642,317.84267266065535,238.74084184037974,317.5,238.5,317.5,238.5,0.4188428636590587,0.0,2.9154759474226504,0.9956044493931537,1,True,-1.028019826388889,2.022656672113715,-0.009213038194444441,0.004648751638454856,1.2751999965985306,784.1907172736832,True,True,2.9154759474226504,0.0,False,-0.27639114583333324,0.1394625491536457,False,False,0.0,1.2751999965985306,0.0,0.0,0.015199999324977398,0.023100001271814108
run_1790716901,144,4.799999999999993,SIMULATION,TRACKING,SEARCHING,,True,833.2776896932857,1322.2195592611167,317.76086191550826,238.59449172292375,316.5,237.5,316.5,237.5,1.6696361584272634,0.0,4.301162633521313,0.9956044495918214,1,True,-1.038948142361111,2.0256040348632807,-0.01092831597222222,0.002947362749565968,1.4430000010179356,693.0006925118295,True,True,4.301162633521313,0.0,False,-0.3278494791666666,0.08842088248697905,False,False,0.0,1.4430000010179356,0.0,0.0,0.01569999585626647,0.023300002794712782
run_1790716901,145,4.833333333333326,SIMULATION,TRACKING,SEARCHING,,True,831.7168681673298,1322.804023004068,317.94857094510803,238.70737742594451,317.5,238.5,317.5,238.5,0.494187504482342,0.0,2.9154759474226504,0.9956044497744403,1,True,-1.048244513888889,2.0301972309461798,-0.009296371527777776,0.004593196082899302,1.3906000021961518,719.1140503528811,True,True,2.9154759474226504,0.0,False,-0.2788911458333333,0.13779588248697905,False,False,0.0,1.3906000021961518,0.0,0.0,0.02269999822601676,0.02819999644998461
run_1790716901,146,4.866666666666659,SIMULATION,TRACKING,SEARCHING,,True,830.1512303614326,1323.375459757749,317.8703525836552,238.54390280636153,317.5,237.5,317.5,237.5,1.1076525201296397,0.0,3.5355339059327378,0.9956044499410994,1,True,-1.057575607638889,2.03308903814019,-0.009331093749999997,0.0028918071940104133,1.0529999999562278,949.6676163737598,True,True,3.5355339059327378,0.0,False,-0.2799328124999999,0.0867542158203124,False,False,0.0,1.0529999999562278,0.0,0.0,0.014599994756281376,0.020899999071843922
run_1790716901,147,4.899999999999992,SIMULATION,TRACKING,SEARCHING,,True,828.5808849998125,1323.9338298392813,317.7929822220351,238.63958373685227,317.5,238.5,317.5,238.5,0.32453382261680136,0.0,2.9154759474226504,0.9956044500921265,1,True,-1.0669414236111112,2.0376266786675337,-0.00936581597222222,0.004537640527343747,1.104399998439476,905.4690342385062,True,True,2.9154759474226504,0.0,False,-0.2809744791666666,0.1361292158203124,False,False,0.0,1.104399998439476,0.0,0.0,0.014400000509340316,0.0242000023717992
run_1790716901,148,4.933333333333326,SIMULATION,TRACKING,SEARCHING,,True,827.0059411335995,1324.479094473189,317.71656891137775,238.45882588638483,317.5,237.5,317.5,237.5,0.9829797423024532,0.0,3.5355339059327378,0.9956044502280451,1,True,-1.0763419618055556,2.0404629303059885,-0.009400538194444441,0.002836251638454858,1.0903000002144836,917.1787579595342,True,True,3.5355339059327378,0.0,False,-0.28201614583333323,0.08508754915364575,False,False,0.0,1.0903000002144836,0.0,0.0,0.016199999663513154,0.023799999326001853
run_1790716901,149,4.966666666666659,SIMULATION,TRACKING,SEARCHING,,True,825.4265081332628,1325.0112157940919,317.6412220221521,238.53714694513496,316.5,238.5,316.5,238.5,1.141826431371134,0.0,3.8078865529319543,0.9956044503495335,1,True,-1.0874577777777779,2.0449450152777766,-0.01111581597222222,0.0044820849717881915,0.9980000031646341,1002.0040048387013,True,True,3.8078865529319543,0.0,False,-0.3334744791666666,0.13446254915364575,False,False,0.0,0.9980000031646341,0.0,0.0,0.019999999494757503,0.019699997210409492
run_1790716901,150,4.999999999999992,SIMULATION,TRACKING,SEARCHING,,True,823.8426956810148,1325.5301568493342,317.8359401254596,238.33895440489118,317.5,238.5,317.5,238.5,0.37254724747040463,0.0,2.9154759474226504,0.9956044504573871,1,True,-1.0969416493055557,2.0494062669162316,-0.009483871527777776,0.004461251638454859,0.9557000012136996,1046.3534568693535,True,True,2.9154759474226504,0.0,False,-0.2845161458333333,0.13383754915364576,False,False,0.0,0.9557000012136996,0.0,0.0,0.014500001270789653,0.021699997887481004
run_1790716901,151,5.033333333333325,SIMULATION,TRACKING,SEARCHING,,True,822.2546137631947,1326.0358816015512,317.765277652084,238.13087889495546,317.5,237.5,317.5,237.5,0.684383235326109,0.0,3.5355339059327378,0.9956044505524855,1,True,-1.1064602430555557,2.052166129665798,-0.009518593749999997,0.00275986274956597,0.9718000001157634,1029.0183164034547,True,True,3.5355339059327378,0.0,False,-0.2855578124999999,0.08279588248697911,False,False,0.0,0.9718000001157634,0.0,0.0,0.016299993149004877,0.015100005839485675
run_1790716901,152,5.066666666666658,SIMULATION,TRACKING,SEARCHING,,True,820.6623726626309,1326.5283549311719,317.6960115515202,238.18177418464552,317.5,238.5,317.5,238.5,0.3737488433258093,0.0,2.9154759474226504,0.9956044506357619,1,True,-1.116013559027778,2.056571825748697,-0.00955331597222222,0.0044056960828993035,0.9096000067074783,1099.3843366599642,True,True,2.9154759474226504,0.0,False,-0.2865994791666666,0.1321708824869791,False,False,0.0,0.9096000067074783,0.0,0.0,0.01340000017080456,0.02439999661874026
run_1790716901,153,5.099999999999992,SIMULATION,TRACKING,SEARCHING,,True,819.0660829509823,1327.007542638857,317.6282523954271,237.95605051906682,317.5,237.5,317.5,237.5,0.4737412298649048,0.0,3.5355339059327378,0.9956044507081775,1,True,-1.1256015972222224,2.059276132942707,-0.00958803819444444,0.0027043071940104154,1.128600000811275,886.0535169955403,True,True,3.5355339059327378,0.0,False,-0.2876411458333332,0.08112921582031246,False,False,0.0,1.128600000811275,0.0,0.0,0.014400000509340316,0.02149999636458233
run_1790716901,154,5.133333333333325,SIMULATION,TRACKING,SEARCHING,,True,817.4658554810593,1327.4734114478754,317.5621110366153,237.9892301770435,316.5,237.5,316.5,237.5,1.1693699244593492,0.0,4.301162633521313,0.9956044507706996,1,True,-1.1369049131944446,2.0619457179144955,-0.01130331597222222,0.0026695849717881933,1.1693000051309355,855.2125165585904,True,True,4.301162633521313,0.0,False,-0.3390994791666666,0.0800875491536458,False,False,0.0,1.1693000051309355,0.0,0.0,0.011199997970834374,0.015700003132224083
run_1790716901,155,5.166666666666658,SIMULATION,TRACKING,SEARCHING,,True,815.8618013791266,1327.9259290064133,317.7665874902382,238.01461414009532,317.5,237.5,317.5,237.5,0.5795658747179097,0.0,3.5355339059327378,0.9956044508242831,1,True,-1.1465762847222225,2.0645805806640616,-0.009671371527777776,0.0026348627495659713,1.3083000012557022,764.3506833602409,True,True,3.5355339059327378,0.0,False,-0.2901411458333333,0.07904588248697914,False,False,0.0,1.3083000012557022,0.0,0.0,0.018000006093643606,0.01920000067912042
run_1790716901,156,5.199999999999991,SIMULATION,TRACKING,SEARCHING,,True,814.2540320371857,1328.3650638898223,317.7062375927417,238.03217098357368,316.5,237.5,316.5,237.5,1.3184138522865272,0.0,4.301162633521313,0.9956044508698553,1,True,-1.1579629340277782,2.0671807211914053,-0.011386649305555554,0.002600140527343749,1.1156999971717596,896.2982903423384,True,True,4.301162633521313,0.0,False,-0.3415994791666666,0.07800421582031247,False,False,0.0,1.1156999971717596,0.0,0.0,0.032000003557186574,0.022000000171829015
run_1790716901,157,5.2333333333333245,SIMULATION,TRACKING,SEARCHING,,True,812.6426591052389,1328.7907856028007,317.91672854968374,238.04187021217717,317.5,237.5,317.5,237.5,0.6835832143685562,0.0,3.5355339059327378,0.9956044509083046,1,True,-1.1677176388888892,2.0697461394965266,-0.009754704861111107,0.002565418305121527,1.1505000002216548,869.1873096978187,True,True,3.5355339059327378,0.0,False,-0.2926411458333332,0.07696254915364581,False,False,0.0,1.1505000002216548,0.0,0.0,0.014599994756281376,0.02010000025620684
run_1790716901,158,5.266666666666658,SIMULATION,TRACKING,SEARCHING,,True,811.0277944835368,1329.203064581512,317.8626167057595,238.04368226206907,317.5,237.5,317.5,237.5,0.65351455789783,0.0,3.5355339059327378,0.995604450940471,1,True,-1.1775070659722227,2.072276835579426,-0.009789427083333331,0.002530696082899305,1.4274999994086102,700.5253943357503,True,True,3.5355339059327378,0.0,False,-0.29368281249999995,0.07592088248697915,False,False,0.0,1.4274999994086102,0.0,0.0,0.016599995433352888,0.023799999326001853
run_1790716901,159,5.299999999999991,SIMULATION,TRACKING,SEARCHING,,True,809.409550314807,1329.6018721956373,317.81068087036306,238.03757850293027,316.5,237.5,316.5,237.5,1.4166421533853977,0.0,4.301162633521313,0.9956044509671402,1,True,-1.1890117708333339,2.0747728094401032,-0.011504704861111109,0.002495973860677083,1.3139000002411194,761.0929293070141,True,True,4.301162633521313,0.0,False,-0.3451411458333333,0.07487921582031248,False,False,0.0,1.3139000002411194,0.0,0.0,0.020899999071843922,0.02099999983329326
run_1790716901,160,5.333333333333324,SIMULATION,TRACKING,SEARCHING,,True,807.7880389764665,1329.9871807503632,318.0299223098003,238.02353123994794,317.5,237.5,317.5,237.5,0.7449178569651447,0.0,3.5355339059327378,0.9956044509890393,1,True,-1.1988845312500005,2.077234061078558,-0.009872760416666663,0.002461251638454861,1.1108000035164878,900.2520677298115,True,True,3.5355339059327378,0.0,False,-0.2961828124999999,0.07383754915364582,False,False,0.0,1.1108000035164878,0.0,0.0,0.015199999324977398,0.025199995434377342
run_1790716901,161,5.366666666666657,SIMULATION,TRACKING,SEARCHING,,True,806.1633730728175,1330.3589634883065,317.98489807281805,238.00151371573838,317.5,237.5,317.5,237.5,0.697597411188132,0.0,3.5355339059327378,0.9956044510068339,1,True,-1.2087920138888895,2.0796605904947905,-0.009907482638888887,0.0024265294162326384,1.2258999995538034,815.7272211142628,True,True,3.5355339059327378,0.0,False,-0.2972244791666666,0.07279588248697916,False,False,0.0,1.2258999995538034,0.0,0.0,0.01460000203223899,0.018699996871873736
run_1790716901,162,5.399999999999991,SIMULATION,TRACKING,SEARCHING,,True,804.5356654272283,1330.7171945913706,317.942387649451,237.97150011220515,317.5,237.5,317.5,237.5,0.6465440342283385,0.0,3.5355339059327378,0.9956044510211288,1,True,-1.2187342187500005,2.082052397688801,-0.009942204861111107,0.0023918071940104164,1.0970999937853776,911.4939437285486,True,True,3.5355339059327378,0.0,False,-0.2982661458333332,0.0717542158203125,False,False,0.0,1.0970999937853776,0.0,0.0,0.013700002455152571,0.018799997633323073
run_1790716901,163,5.433333333333324,SIMULATION,TRACKING,SEARCHING,,True,802.9050290742979,1331.0618491825398,317.90250407429835,237.9334655523328,317.5,237.5,317.5,237.5,0.5915250754498431,0.0,3.5355339059327378,0.9956044510324672,1,True,-1.228711145833334,2.0844094826605892,-0.009976927083333332,0.0023570849717881944,0.8990000060293823,1112.3470448200605,True,True,3.5355339059327378,0.0,False,-0.29930781249999994,0.07071254915364583,False,False,0.0,0.8990000060293823,0.0,0.0,0.013700002455152571,0.01889999839477241
run_1790716901,164,5.466666666666657,SIMULATION,TRACKING,SEARCHING,,True,801.2715772520066,1331.3929033276058,317.86536058534045,237.88738610191263,317.5,236.5,317.5,236.5,1.4346876151624885,0.0,4.301162633521313,0.9956044510413333,1,True,-1.2387227951388895,2.0850512898546,-0.01001164930555555,0.0006418071940104159,1.5172000057646073,659.1088822834802,True,True,4.301162633521313,0.0,False,-0.30034947916666654,0.019254215820312476,False,False,0.0,1.5172000057646073,0.0,0.0,0.025000001187436283,0.020600004063453525
run_1790716901,165,5.49999999999999,SIMULATION,TRACKING,SEARCHING,,True,799.6354233938523,1331.7103340368305,317.83107061607507,238.10212766009568,317.5,237.5,317.5,237.5,0.6871429777568985,0.0,3.5355339059327378,0.9956044510481545,1,True,-1.2487691666666674,2.0873250414930546,-0.010046371527777775,0.002273751638454861,1.0103999957209453,989.7070509055925,True,True,3.5355339059327378,0.0,False,-0.30139114583333326,0.06821254915364583,False,False,0.0,1.0103999957209453,0.0,0.0,0.014099998224992305,0.030999995942693204
run_1790716901,166,5.5333333333333234,SIMULATION,TRACKING,SEARCHING,,True,797.9966811209732,1332.0141192665424,317.7997477876404,238.04211262765466,317.5,237.5,317.5,237.5,0.6194633461779269,0.0,3.5355339059327378,0.9956044510533049,1,True,-1.2588502604166674,2.089564070909287,-0.010081093749999995,0.0022390294162326387,0.8879999950295314,1126.1261324294758,True,True,3.5355339059327378,0.0,False,-0.30243281249999987,0.06717088248697917,False,False,0.0,0.8879999950295314,0.0,0.0,0.015500001609325409,0.020899999071843922
run_1790716901,167,5.566666666666657,SIMULATION,TRACKING,SEARCHING,,True,796.3554642342574,1332.3042379206668,317.7715059009246,237.97398657518193,316.5,237.5,316.5,237.5,1.3569784558122948,0.0,4.301162633521313,0.9956044510571084,1,True,-1.2706466319444452,2.0917683781032976,-0.011796371527777775,0.0022043071940104166,0.9398000038345344,1064.056177824899,True,True,4.301162633521313,0.0,False,-0.35389114583333325,0.0661292158203125,False,False,0.0,0.9398000038345344,0.0,0.0,0.012800002878066152,0.018300001102034003
run_1790716901,168,5.59999999999999,SIMULATION,TRACKING,SEARCHING,,True,794.7118867064403,1332.5806698521915,318.01534781755186,237.89772935566498,317.5,237.5,317.5,237.5,0.6509777364957573,0.0,3.5355339059327378,0.9956044510598432,1,True,-1.2808110590277786,2.093937963075086,-0.01016442708333333,0.0021695849717881946,0.8662999971420504,1154.3345299538612,True,True,3.5355339059327378,0.0,False,-0.30493281249999993,0.06508754915364584,False,False,0.0,0.8662999971420504,0.0,0.0,0.01309999788645655,0.01809999957913533
run_1790716901,169,5.633333333333323,SIMULATION,TRACKING,SEARCHING,,True,793.0660626741897,1332.843395864566,317.99583211863455,237.8133217725533,317.5,237.5,317.5,237.5,0.5865322011838536,0.0,3.5355339059327378,0.9956044510617456,1,True,-1.2910102083333341,2.0960728258246517,-0.01019914930555555,0.0021348627495659726,0.876600002811756,1140.7711576459387,True,True,3.5355339059327378,0.0,False,-0.30597447916666654,0.06404588248697918,False,False,0.0,0.876600002811756,0.0,0.0,0.01309999788645655,0.15150000399444252
run_1790716901,170,5.666666666666656,SIMULATION,TRACKING,SEARCHING,,True,791.4181064301795,1333.0923977130337,317.9797397635133,237.72074558109057,317.5,237.5,317.5,237.5,0.5280898145834702,0.0,3.5355339059327378,0.9956044510630139,1,True,-1.301244079861112,2.0981729663519952,-0.010233871527777775,0.0021001405273437506,1.0114000033354387,988.7284918945588,True,True,3.5355339059327378,0.0,False,-0.30701614583333325,0.06300421582031251,False,False,0.0,1.0114000033354387,0.0,0.0,0.012899996363557875,0.021800005924887955
run_1790716901,171,5.6999999999999895,SIMULATION,TRACKING,SEARCHING,,True,789.7681324151537,1333.3276581058997,317.9671851929319,237.6199834895815,317.5,236.5,317.5,236.5,1.2135176230405356,0.0,4.301162633521313,0.9956044510638127,1,True,-1.311512673611112,2.098557829101561,-0.010268593749999996,0.00038486274956597193,0.963699996646028,1037.6673274673728,True,True,4.301162633521313,0.0,False,-0.30805781249999986,0.011545882486979159,False,False,0.0,0.963699996646028,0.0,0.0,0.013700002455152571,0.020699997548945248
run_1790716901,172,5.733333333333323,SIMULATION,TRACKING,SEARCHING,,True,788.1162552099777,1333.5491607057313,317.95828298775587,237.77990804948263,317.5,237.5,317.5,237.5,0.5370026192036795,0.0,3.5355339059327378,0.9956044510642769,1,True,-1.3218159895833341,2.1005746362955717,-0.01030331597222222,0.002016807194010417,0.9396999957971275,1064.1694205305612,True,True,3.5355339059327378,0.0,False,-0.3090994791666666,0.06050421582031251,False,False,0.0,0.9396999957971275,0.0,0.0,0.01410000550094992,0.01840000186348334
run_1790716901,173,5.766666666666656,SIMULATION,TRACKING,SEARCHING,,True,786.4625895276826,1333.7568901304924,317.9531478610163,237.664948323202,316.5,237.5,316.5,237.5,1.4624796256028365,0.0,4.301162633521313,0.995604451064515,1,True,-1.333834583333334,2.10255672126736,-0.012018593749999997,0.001982084971788195,1.3419999959296547,745.1564851214935,True,True,4.301162633521313,0.0,False,-0.3605578124999999,0.05946254915364585,False,False,0.0,1.3419999959296547,0.0,0.0,0.016199999663513154,0.023600005079060793
run_1790716901,174,5.799999999999989,SIMULATION,TRACKING,SEARCHING,,True,784.8072502054983,1333.950831954612,318.22078353883205,237.54175655183553,317.5,237.5,317.5,237.5,0.7219920494523812,0.0,3.5355339059327378,0.9956044510646129,1,True,-1.3442212326388896,2.104504084016926,-0.010386649305555551,0.0019473627495659729,1.5581999978167005,641.7661413176535,True,True,3.5355339059327378,0.0,False,-0.3115994791666665,0.058420882486979187,False,False,0.0,1.5581999978167005,0.0,0.0,0.013700002455152571,0.022600004740525037
run_1790716901,175,5.833333333333322,SIMULATION,TRACKING,SEARCHING,,True,783.1503521968795,1334.130972709986,318.22574941910204,237.41031926727896,317.5,236.5,317.5,236.5,1.1642136349082437,0.0,4.301162633521313,0.9956044510646372,1,True,-1.3546426041666673,2.104736168988714,-0.010421371527777775,0.00023208497178819434,1.6714000012143515,598.3008252204454,True,True,4.301162633521313,0.0,False,-0.31264114583333324,0.006962549153645831,False,False,0.0,1.6714000012143515,0.0,0.0,0.015600002370774746,0.024100001610349864
run_1790716901,176,5.866666666666656,SIMULATION,TRACKING,SEARCHING,,True,781.4920105635216,1334.297299886912,318.23482723018867,237.5395128487189,317.5,236.5,317.5,236.5,1.2730113985658047,0.0,4.301162633521313,0.995604451064638,1,True,-1.3650986979166673,2.1049196428493913,-0.010456093749999996,0.00018347386067708304,1.0366000060457736,964.692257541664,True,True,4.301162633521313,0.0,False,-0.31368281249999985,0.005504215820312491,False,False,0.0,1.0366000060457736,0.0,0.0,0.014800003555137664,0.019800005247816443
run_1790716901,177,5.899999999999989,SIMULATION,TRACKING,SEARCHING,,True,779.8323404673719,1334.4498019349583,318.2481321340389,237.66265907905677,317.5,236.5,317.5,236.5,1.3825620507213052,0.0,4.301162633521313,0.9956044510646517,1,True,-1.3755895138888894,2.1050545055989573,-0.010490815972222218,0.00013486274956597173,1.1335999952279963,882.1453812717017,True,True,4.301162633521313,0.0,False,-0.31472447916666657,0.004045882486979152,False,False,0.0,1.1335999952279963,0.0,0.0,0.014700002793688327,0.02359999780310318
run_1790716901,178,5.933333333333322,SIMULATION,TRACKING,SEARCHING,,True,778.171457162631,1334.5884682637663,318.26577938485354,237.7797473679343,317.5,237.5,317.5,237.5,0.8152770425645783,0.0,3.5355339059327378,0.9956044510647032,1,True,-1.3861150520833339,2.1068213127929676,-0.010525538194444439,0.001766807194010417,1.2980000028619543,770.416022954626,True,True,3.5355339059327378,0.0,False,-0.3157661458333332,0.053004215820312506,False,False,0.0,1.2980000028619543,0.0,0.0,0.014099998224992305,0.02010000025620684
run_1790716901,179,5.966666666666655,SIMULATION,TRACKING,SEARCHING,,True,776.5094759877499,1334.7132892437855,318.28788432108354,237.62187919691178,318.5,237.5,318.5,237.5,0.2446376910495421,0.0,2.9154759474226504,0.9956044510648082,1,True,-1.394994756944445,2.108553397764756,-0.008879704861111108,0.0017320849717881947,1.0873999999603257,919.6247931179745,True,True,2.9154759474226504,0.0,False,-0.26639114583333323,0.05196254915364584,False,False,0.0,1.0873999999603257,0.0,0.0,0.02349999704165384,0.0242000023717992
run_1790716901,180,5.9999999999999885,SIMULATION,TRACKING,SEARCHING,,True,774.84651235742,1334.8242562069427,318.0456734685315,237.45571256458288,317.5,237.5,317.5,237.5,0.5474677261675137,0.0,3.5355339059327378,0.9956044510649754,1,True,-1.405575850694445,2.110250760514322,-0.010581093749999996,0.0016973627495659727,1.2242000011610799,816.8599894229377,True,True,3.5355339059327378,0.0,False,-0.3174328124999999,0.05092088248697918,False,False,0.0,1.2242000011610799,0.0,0.0,0.0225000039790757,0.022700005501974374
run_1790716901,181,6.033333333333322,SIMULATION,TRACKING,SEARCHING,,True,773.1826817545586,1334.9213614472433,318.0748178656702,237.28123976495294,317.5,236.5,317.5,236.5,0.969923269664851,0.0,4.301162633521313,0.9956044510652073,1,True,-1.4161916666666672,2.11023284548611,-0.010615815972222217,-1.7915028211805868e-05,1.06969999615103,934.8415477219567,True,True,4.301162633521313,0.0,False,-0.3184744791666665,-0.0005374508463541761,False,False,0.0,1.06969999615103,0.0,0.0,0.015199999324977398,0.020200001017656177
run_1790716901,182,6.066666666666655,SIMULATION,TRACKING,SEARCHING,,True,771.5180997222888,1335.0045982213064,318.1087663889558,237.36734294353005,318.5,236.5,318.5,236.5,0.9514975145012416,0.0,3.8078865529319543,0.9956044510655027,1,True,-1.425161649305556,2.110166319346787,-0.008969982638888884,-6.652613932291718e-05,0.9399000045959838,1063.9429674541286,True,True,3.8078865529319543,0.0,False,-0.26909947916666654,-0.0019957841796875153,False,False,0.0,0.9399000045959838,0.0,0.0,0.017400001524947584,0.022799998987466097
run_1790716901,183,6.099999999999988,SIMULATION,TRACKING,SEARCHING,,True,769.852881855916,1335.0739607488347,317.8787457448053,237.44734965334987,317.5,236.5,317.5,236.5,1.0202547255025385,0.0,4.301162633521313,0.9956044510658566,1,True,-1.4358330208333339,2.1100511820963526,-0.010671371527777774,-0.00011513725043402849,0.9579999968991615,1043.8413394955985,True,True,4.301162633521313,0.0,False,-0.3201411458333332,-0.0034541175130208546,False,False,0.0,0.9579999968991615,0.0,0.0,0.013699995179194957,0.01920000067912042
run_1790716901,184,6.133333333333321,SIMULATION,TRACKING,SEARCHING,,True,768.1871437949007,1335.1294442130131,317.92042712823445,237.52125507759774,317.5,236.5,317.5,236.5,1.1044097535220523,0.0,4.301162633521313,0.9956044510662622,1,True,-1.446539114583334,2.1098874337348072,-0.010706093749999993,-0.0001637483615451398,1.279900003282819,781.3110379210074,True,True,4.301162633521313,0.0,False,-0.3211828124999998,-0.004912450846354194,False,False,0.0,1.279900003282819,0.0,0.0,0.015700003132224083,0.02750000567175448
run_1790716901,185,6.1666666666666545,SIMULATION,TRACKING,SEARCHING,,True,766.5210012148278,1335.1710447608461,317.96725954816156,237.58905536327802,317.5,236.5,317.5,236.5,1.1850624749914125,0.0,4.301162633521313,0.9956044510667114,1,True,-1.4572799305555562,2.109675074262151,-0.010740815972222217,-0.0002123594726562511,0.9866000036709011,1013.581995012407,True,True,4.301162633521313,0.0,False,-0.3222244791666665,-0.006370784179687533,False,False,0.0,0.9866000036709011,0.0,0.0,0.014999997802078724,0.02059999678749591
run_1790716901,186,6.199999999999988,SIMULATION,TRACKING,SEARCHING,,True,764.8545698193735,1335.1987595034234,318.01935870826276,237.65074762148038,317.5,236.5,317.5,236.5,1.2625187349861806,0.0,4.301162633521313,0.9956044510671951,1,True,-1.4680554687500007,2.1094141036783833,-0.010775538194444437,-0.00026097058376736243,1.1385000034351833,878.3487017854293,True,True,4.301162633521313,0.0,False,-0.32326614583333313,-0.007829117513020872,False,False,0.0,1.1385000034351833,0.0,0.0,0.017700003809295595,0.02680000034160912
run_1790716901,187,6.233333333333321,SIMULATION,TRACKING,SEARCHING,,True,763.1879653322704,1335.212586516121,318.07684033227076,237.70632992758078,317.5,236.5,317.5,236.5,1.337152445726103,0.0,4.301162633521313,0.9956044510677042,1,True,-1.4788657291666674,2.1091045219835047,-0.010810260416666662,-0.00030958169487847373,1.3347999993129633,749.1759068884562,True,True,4.301162633521313,0.0,False,-0.32430781249999985,-0.009287450846354212,False,False,0.0,1.3347999993129633,0.0,0.0,0.034199998481199145,0.02479999966453761
run_1790716901,188,6.266666666666654,SIMULATION,TRACKING,SEARCHING,,True,761.5213034892718,1335.2125248387354,318.13982015593876,237.75580132137566,318.5,237.5,318.5,237.5,0.4417735122045096,0.0,2.9154759474226504,0.9956044510682299,1,True,-1.4880301562500007,2.1104268847330707,-0.009164427083333326,0.0013223627495659715,1.2280000009923242,814.3322468989563,True,True,2.9154759474226504,0.0,False,-0.2749328124999998,0.03967088248697914,False,False,0.0,1.2280000009923242,0.0,0.0,0.016099998902063817,0.02300000051036477
run_1790716901,189,6.299999999999987,SIMULATION,TRACKING,SEARCHING,,True,759.8547000301132,1335.1985744755498,317.9395250301136,237.53027291825947,317.5,236.5,317.5,236.5,1.12010916351722,0.0,4.301162633521313,0.9956044510687638,1,True,-1.4988959722222228,2.110033969704859,-0.010865815972222215,-0.0003929150282118071,1.8818999960785732,531.3778639054995,True,True,4.301162633521313,0.0,False,-0.32597447916666644,-0.011787450846354214,False,False,0.0,1.8818999960785732,0.0,0.0,0.014700002793688327,0.02710000262595713
run_1790716901,190,6.333333333333321,SIMULATION,TRACKING,SEARCHING,,True,758.1882706904765,1335.1707363953337,318.0116262460325,237.56530124255733,317.5,236.5,317.5,236.5,1.1817902322423788,0.0,4.301162633521313,0.9956044510692981,1,True,-1.5097965104166673,2.109592443565536,-0.01090053819444444,-0.0004415261393229184,1.45419999898877,687.6633205167004,True,True,4.301162633521313,0.0,False,-0.32701614583333316,-0.013245784179687553,False,False,0.0,1.45419999898877,0.0,0.0,0.016500001947861165,0.02469999890308827
run_1790716901,191,6.366666666666654,SIMULATION,TRACKING,SEARCHING,,True,756.5221311939516,1335.1290125312757,318.08957286061866,237.59422156079108,318.5,236.5,318.5,236.5,1.168662167112817,0.0,3.8078865529319543,0.995604451069826,1,True,-1.5190512152777784,2.1091023063151018,-0.009254704861111103,-0.0004901372504340297,1.224999999976717,816.3265306277605,True,True,3.8078865529319543,0.0,False,-0.2776411458333331,-0.014704117513020892,False,False,0.0,1.224999999976717,0.0,0.0,0.015199999324977398,0.030899995181243867
run_1790716901,192,6.399999999999987,SIMULATION,TRACKING,SEARCHING,,True,754.8563972440007,1335.0734057808502,317.9045916884455,237.61703677043488,317.5,237.5,317.5,237.5,0.42117934421458053,0.0,3.5355339059327378,0.9956044510703413,1,True,-1.5300073090277784,2.110244113509112,-0.010956093749999991,0.0011418071940104153,1.4412000018637627,693.866221694975,True,True,3.5355339059327378,0.0,False,-0.32868281249999975,0.03425421582031246,False,False,0.0,1.4412000018637627,0.0,0.0,0.016600002709310502,0.023699998564552516
run_1790716901,193,6.43333333333332,SIMULATION,TRACKING,SEARCHING,,True,753.191184515923,1335.0039200056142,317.99235396036784,237.3648618441573,317.5,236.5,317.5,236.5,0.9951876364631269,0.0,4.301162633521313,0.9956044510708393,1,True,-1.5409981250000007,2.109670642925345,-0.010990815972222215,-0.0005734705837673632,1.4566000027116388,686.530274707111,True,True,4.301162633521313,0.0,False,-0.3297244791666665,-0.017204117513020895,False,False,0.0,1.4566000027116388,0.0,0.0,0.016199999663513154,0.025800000003073364
run_1790716901,194,6.4666666666666535,SIMULATION,TRACKING,SEARCHING,,True,751.5266086488222,1334.920560030941,318.0863086488225,237.37325716288683,318.5,236.5,318.5,236.5,0.9662911603508549,0.0,3.8078865529319543,0.9956044510713156,1,True,-1.5503431076388896,2.1090485612304666,-0.009344982638888881,-0.0006220816948784744,1.956100000825245,511.22130748842966,True,True,3.8078865529319543,0.0,False,-0.2803494791666664,-0.018662450846354234,False,False,0.0,1.956100000825245,0.0,0.0,0.018200000340584666,0.028099995688535273
run_1790716901,195,6.499999999999987,SIMULATION,TRACKING,SEARCHING,,True,749.8627852375755,1334.8233316456844,317.91768245979813,237.37556184881078,317.5,237.5,317.5,237.5,0.43582506891459133,0.0,3.5355339059327378,0.9956044510717672,1,True,-1.5613894791666674,2.1100584239800324,-0.011046371527777769,0.0010098627495659707,1.2715000048046932,786.4726671028236,True,True,3.5355339059327378,0.0,False,-0.33139114583333307,0.03029588248697912,False,False,0.0,1.2715000048046932,0.0,0.0,0.01920000067912042,0.02680000034160912
run_1790716901,196,6.53333333333332,SIMULATION,TRACKING,SEARCHING,,True,748.1998298248068,1334.7122416017764,318.0221464914739,237.10289376497212,317.5,236.5,317.5,236.5,0.7975699658342016,0.0,4.301162633521313,0.9956044510721916,1,True,-1.5724705729166675,2.1093530089518207,-0.011081093749999993,-0.0007054150282118078,2.0347000026958995,491.4729437632272,True,True,4.301162633521313,0.0,False,-0.3324328124999998,-0.021162450846354236,False,False,0.0,2.0347000026958995,0.0,0.0,0.020300001779105514,0.04780000017490238
run_1790716901,197,6.566666666666653,SIMULATION,TRACKING,SEARCHING,,True,746.5378578928626,1334.5872976137587,318.13314955952967,237.0908161814682,318.5,237.5,318.5,237.5,0.5495549499563633,0.0,2.9154759474226504,0.9956044510725874,1,True,-1.5819058333333342,2.1102795383680535,-0.009435260416666657,0.0009265294162326373,1.9787999990512617,505.3567821303069,True,True,2.9154759474226504,0.0,False,-0.28305781249999973,0.027795882486979118,False,False,0.0,1.9787999990512617,0.0,0.0,0.01750000228639692,0.025300003471784294
run_1790716901,198,6.599999999999986,SIMULATION,TRACKING,SEARCHING,,True,744.8769848557924,1334.4485083582467,317.9819181891262,236.80378221935894,317.5,235.5,317.5,235.5,1.3899975598997216,0.0,5.1478150704935,0.9956044510729536,1,True,-1.5930424826388898,2.1078102344509526,-0.011136649305555546,-0.0024693039171006957,1.7105999941122718,584.5902042803158,True,True,5.1478150704935,0.0,False,-0.3340994791666664,-0.07407911751302088,False,False,0.0,1.7105999941122718,0.0,0.0,0.017799997294787318,0.06759999814676121
run_1790716901,199,6.6333333333333195,SIMULATION,TRACKING,SEARCHING,,True,743.2173260513343,1334.2958834733279,318.104123273557,237.04624596117628,317.5,236.5,317.5,236.5,0.8144627552900141,0.0,4.301162633521313,0.9956044510732899,1,True,-1.6042138541666675,2.1069589860894076,-0.01117137152777777,-0.0008512483615451408,1.0856000008061528,921.1495940101443,True,True,4.301162633521313,0.0,False,-0.3351411458333331,-0.025537450846354226,False,False,0.0,1.0856000008061528,0.0,0.0,0.015700003132224083,0.02050000330200419
run_1790716901,200,6.666666666666653,SIMULATION,TRACKING,SEARCHING,,True,741.5589967329047,1334.129433557891,318.2332133995718,237.0159957835865,318.5,236.5,318.5,236.5,0.5808844453478519,0.0,3.8078865529319543,0.9956044510735965,1,True,-1.6137393923611119,2.1060591266167514,-0.009525538194444435,-0.0008998594726562522,1.0423000057926401,959.4166693297942,True,True,3.8078865529319543,0.0,False,-0.28576614583333304,-0.026995784179687565,False,False,0.0,1.0423000057926401,0.0,0.0,0.01630000042496249,0.02059999678749591
run_1790716901,201,6.699999999999986,SIMULATION,TRACKING,SEARCHING,,True,739.9021120615955,1333.9491701708907,318.1004148393738,236.97970991221132,317.5,236.5,317.5,236.5,0.7685177806752784,0.0,4.301162633521313,0.9956044510738742,1,True,-1.6249663194444453,2.105110656032984,-0.011226927083333322,-0.0009484705837673634,1.0490999993635342,953.1979797985682,True,True,4.301162633521313,0.0,False,-0.3368078124999997,-0.028454117513020905,False,False,0.0,1.0490999993635342,0.0,0.0,0.015099998563528061,0.021599997126031667
run_1790716901,202,6.733333333333319,SIMULATION,TRACKING,SEARCHING,,True,738.2467870981764,1333.755105830546,318.2413982092879,236.9374008652694,317.5,236.5,317.5,236.5,0.860808237456965,0.0,4.301162633521313,0.9956044510741238,1,True,-1.6362279687500008,2.104113574338106,-0.011261649305555546,-0.0009970816948784748,1.5834000005270354,631.5523554800742,True,True,4.301162633521313,0.0,False,-0.3378494791666664,-0.029912450846354244,False,False,0.0,1.5834000005270354,0.0,0.0,0.016600002709310502,0.026699999580159783
run_1790716901,203,6.766666666666652,SIMULATION,TRACKING,SEARCHING,,True,736.5931367951046,1333.5472540134685,318.389611795105,236.88908211937246,318.5,236.5,318.5,236.5,0.404438439561952,0.0,3.8078865529319543,0.9956044510743467,1,True,-1.645843784722223,2.1030678815321164,-0.009615815972222212,-0.001045692805989586,1.3908000037190504,719.0106394348312,True,True,3.8078865529319543,0.0,False,-0.28847447916666635,-0.03137078417968758,False,False,0.0,1.3908000037190504,0.0,0.0,0.017300000763498247,0.020200001017656177
run_1790716901,204,6.799999999999986,SIMULATION,TRACKING,SEARCHING,,True,734.941275988542,1333.3256291537293,318.27628154409797,236.83476810859156,317.5,236.5,317.5,236.5,0.8453890951728078,0.0,4.301162633521313,0.9956044510745444,1,True,-1.6571609895833341,2.101973577615016,-0.0113172048611111,-0.0010943039171006975,1.4463999978033826,691.3716824659009,True,True,4.301162633521313,0.0,False,-0.339516145833333,-0.03282911751302092,False,False,0.0,1.4463999978033826,0.0,0.0,0.0168999977177009,0.02340000355616212
run_1790716901,205,6.833333333333319,SIMULATION,TRACKING,SEARCHING,,True,733.2913193903807,1333.0902466418543,318.43707772371454,236.77447422345267,317.5,236.5,317.5,236.5,0.9764480322177755,0.0,4.301162633521313,0.9956044510747186,1,True,-1.6685129166666675,2.1008306625868043,-0.011351927083333324,-0.0011429150282118087,1.4097000021138228,709.3707870472554,True,True,4.301162633521313,0.0,False,-0.3405578124999997,-0.03428745084635426,False,False,0.0,1.4097000021138228,0.0,0.0,0.01720000000204891,0.023999993572942913
run_1790716901,206,6.866666666666652,SIMULATION,TRACKING,SEARCHING,,True,731.6433815802774,1332.8411228237565,318.60544824694455,236.70821680986865,318.5,236.5,318.5,236.5,0.233395742668014,0.0,3.8078865529319543,0.995604451074871,1,True,-1.6782190104166674,2.0996391364474816,-0.009706093749999988,-0.00119152613932292,1.4059000022825785,711.2881416718322,True,True,3.8078865529319543,0.0,False,-0.29118281249999967,-0.0357457841796876,False,False,0.0,1.4059000022825785,0.0,0.0,0.015900004655122757,0.023799999326001853
run_1790716901,207,6.899999999999985,SIMULATION,TRACKING,SEARCHING,,True,729.9975769976951,1332.578274999601,318.5126186643622,236.63601316800487,318.5,236.5,318.5,236.5,0.1365972641051268,0.0,3.8078865529319543,0.9956044510750035,1,True,-1.6879459375000008,2.0983989991970478,-0.009726927083333321,-0.0012401372504340312,1.1187999989488162,893.8148024129099,True,True,3.8078865529319543,0.0,False,-0.29180781249999965,-0.03720411751302094,False,False,0.0,1.1187999989488162,0.0,0.0,0.014800003555137664,0.0301000036415644
run_1790716901,208,6.9333333333333185,SIMULATION,TRACKING,SEARCHING,,True,728.3540199339574,1332.3017214226036,318.42536993395777,236.5578815510769,317.5,235.5,317.5,235.5,1.4054973819903929,0.0,5.1478150704935,0.9956044510751177,1,True,-1.699374253472223,2.095429695279947,-0.01142831597222221,-0.002969303917100697,1.3601999962702394,735.1860040744507,True,True,5.1478150704935,0.0,False,-0.3428494791666663,-0.08907911751302092,False,False,0.0,1.3601999962702394,0.0,0.0,0.018600003386382014,0.023299995518755168
run_1790716901,209,6.966666666666652,SIMULATION,TRACKING,SEARCHING,,True,726.712824524311,1332.0114812977622,318.61270507986694,236.74273005297164,318.5,236.5,318.5,236.5,0.267619718338219,0.0,3.8078865529319543,0.9956044510752156,1,True,-1.7091567361111117,2.094078446918402,-0.009782482638888878,-0.0013512483615451421,1.1183000024175271,894.2144306878408,True,True,3.8078865529319543,0.0,False,-0.29347447916666636,-0.04053745084635427,False,False,0.0,1.1183000024175271,0.0,0.0,0.016800004232209176,0.020300001779105514
run_1790716901,210,6.999999999999985,SIMULATION,TRACKING,SEARCHING,,True,725.0741047399999,1331.707574780525,318.53918251777804,236.65502327358172,317.5,236.5,317.5,236.5,1.0506819312272904,0.0,4.301162633521313,0.9956044510752986,1,True,-1.7206406076388896,2.0926785874457456,-0.011483871527777767,-0.0013998594726562536,1.290200001676567,775.0736309878602,True,True,4.301162633521313,0.0,False,-0.344516145833333,-0.041995784179687606,False,False,0.0,1.290200001676567,0.0,0.0,0.016000005416572094,0.02160000440198928
run_1790716901,211,7.033333333333318,SIMULATION,TRACKING,SEARCHING,,True,723.4379743803505,1331.3900229753883,318.74047160257305,236.56144898407,317.5,235.5,317.5,235.5,1.6326186764132695,0.0,5.1478150704935,0.9956044510753687,1,True,-1.7321592013888896,2.0895495613064226,-0.011518593749999986,-0.0031290261393229196,1.2772999980370514,782.901433912781,True,True,5.1478150704935,0.0,False,-0.3455578124999996,-0.09387078417968758,False,False,0.0,1.2772999980370514,0.0,0.0,0.01580000389367342,0.026399997295811772
run_1790716901,212,7.066666666666651,SIMULATION,TRACKING,SEARCHING,,True,721.804547064869,1331.058847934434,318.95001928709155,236.73091812540724,318.5,236.5,318.5,236.5,0.5058068202347432,0.0,3.8078865529319543,0.9956044510754272,1,True,-1.7420319618055562,2.0880385907226553,-0.009872760416666656,-0.0015109705837673645,0.9744999988470227,1026.1672664783455,True,True,3.8078865529319543,0.0,False,-0.29618281249999967,-0.04532911751302093,False,False,0.0,0.9744999988470227,0.0,0.0,0.015500001609325409,0.01569999585626647
run_1790716901,213,7.0999999999999845,SIMULATION,TRACKING,SEARCHING,,True,720.1739362253517,1330.7140726557952,318.89905011424094,236.62789814017128,318.5,236.5,318.5,236.5,0.4190452576213898,0.0,3.8078865529319543,0.9956044510754757,1,True,-1.7519255555555562,2.086479009027777,-0.009893593749999988,-0.0015595816948784757,1.0181999969063327,982.1253221747879,True,True,3.8078865529319543,0.0,False,-0.29680781249999966,-0.04678745084635427,False,False,0.0,1.0181999969063327,0.0,0.0,0.0109999964479357,0.016000005416572094
run_1790716901,214,7.133333333333318,SIMULATION,TRACKING,SEARCHING,,True,718.5462550980068,1330.3557210820613,318.8543439868961,236.519079637618,318.5,235.5,318.5,235.5,1.0789267671427278,0.0,4.743416490252569,0.9956044510755154,1,True,-1.7618399826388895,2.083190260666232,-0.009914427083333321,-0.0032887483615451417,1.0615999999572523,941.974378334841,True,True,4.743416490252569,0.0,False,-0.29743281249999964,-0.09866245084635425,False,False,0.0,1.0615999999572523,0.0,0.0,0.014800003555137664,0.02319999475730583
run_1790716901,215,7.166666666666651,SIMULATION,TRACKING,SEARCHING,,True,716.9216167155921,1329.983818098614,318.8160139378148,236.67337639201787,318.5,236.5,318.5,236.5,0.3604499718439913,0.0,3.8078865529319543,0.9956044510755476,1,True,-1.7717752430555562,2.081519567860242,-0.009935260416666654,-0.0016706928059895866,1.3292000003275461,752.3322297273371,True,True,3.8078865529319543,0.0,False,-0.29805781249999963,-0.0501207841796876,False,False,0.0,1.3292000003275461,0.0,0.0,0.016000005416572094,0.024100001610349864
run_1790716901,216,7.199999999999984,SIMULATION,TRACKING,SEARCHING,,True,715.3001338995645,1329.5983895319,318.7841727884538,236.55525867426218,317.5,236.5,317.5,236.5,1.2853611444595883,0.0,4.301162633521313,0.9956044510755735,1,True,-1.7834118923611118,2.079800263943141,-0.011636649305555543,-0.0017193039171006978,0.9917999996105209,1008.2677963225441,True,True,4.301162633521313,0.0,False,-0.3490994791666663,-0.05157911751302094,False,False,0.0,0.9917999996105209,0.0,0.0,0.010299998393747956,0.015400000847876072
run_1790716901,217,7.233333333333317,SIMULATION,TRACKING,SEARCHING,,True,713.6819192522455,1329.1994621476374,319.0278220300238,236.43141991673565,318.5,235.5,318.5,235.5,1.0705788885786456,0.0,4.743416490252569,0.995604451075594,1,True,-1.793402708333334,2.076351793359374,-0.009990815972222207,-0.0034484705837673642,0.9688999998616055,1032.0982559013694,True,True,4.743416490252569,0.0,False,-0.2997244791666662,-0.10345411751302093,False,False,0.0,0.9688999998616055,0.0,0.0,0.014299999747890979,0.021899999410379678
run_1790716901,218,7.266666666666651,SIMULATION,TRACKING,SEARCHING,,True,712.0670851490023,1328.787063648956,319.0115184823361,236.57077671145703,318.5,236.5,318.5,236.5,0.51639180924575,0.0,3.8078865529319543,0.99560445107561,1,True,-1.8034143576388895,2.0745213783311622,-0.01001164930555554,-0.0018304150282118094,1.0742999947979115,930.8386901631809,True,True,3.8078865529319543,0.0,False,-0.3003494791666662,-0.05491245084635428,False,False,0.0,1.0742999947979115,0.0,0.0,0.026400004571769387,0.023799999326001853
run_1790716901,219,7.299999999999984,SIMULATION,TRACKING,SEARCHING,,True,710.4557437304429,1328.361222674475,319.00204095266565,236.43780214148978,318.5,235.5,318.5,235.5,1.0637283369057433,0.0,4.743416490252569,0.9956044510756222,1,True,-1.8134468402777784,2.0709617966362837,-0.010032482638888873,-0.0035595816948784755,0.937699995120056,1066.4391651958658,True,True,4.743416490252569,0.0,False,-0.3009744791666662,-0.10678745084635427,False,False,0.0,0.937699995120056,0.0,0.0,0.013600001693703234,0.02349999704165384
run_1790716901,220,7.333333333333317,SIMULATION,TRACKING,SEARCHING,,True,708.8480068946294,1327.921968796313,318.9995013390744,236.5680813345084,318.5,236.5,318.5,236.5,0.5041196840489147,0.0,3.8078865529319543,0.9956044510756316,1,True,-1.8235001562500006,2.069020270496961,-0.010053315972222206,-0.0019415261393229207,0.9156000014627352,1092.179989517726,True,True,3.8078865529319543,0.0,False,-0.3015994791666662,-0.05824578417968762,False,False,0.0,0.9156000014627352,0.0,0.0,0.013899996702093631,0.027499998395796865
run_1790716901,221,7.36666666666665,SIMULATION,TRACKING,SEARCHING,,True,707.2439862893069,1327.4693325180351,319.0040112893075,236.4260892385223,318.5,235.5,318.5,235.5,1.0543569876736558,0.0,4.743416490252569,0.9956044510756383,1,True,-1.8335743055555562,2.0653495776909714,-0.010074149305555538,-0.003670692805989587,1.0183999984292313,981.9324445624399,True,True,4.743416490252569,0.0,False,-0.30222447916666617,-0.11012078417968761,False,False,0.0,1.0183999984292313,0.0,0.0,0.014299999747890979,0.01979999797185883
run_1790716901,222,7.3999999999999835,SIMULATION,TRACKING,SEARCHING,,True,705.6437933041509,1327.003345272534,319.01568219304045,236.54741284197962,318.5,236.5,318.5,236.5,0.5178572214458248,0.0,3.8078865529319543,0.9956044510756432,1,True,-1.8436692881944452,2.0632969404405372,-0.010094982638888871,-0.002052637250434032,0.9751000034157187,1025.5358388853022,True,True,3.8078865529319543,0.0,False,-0.30284947916666616,-0.06157911751302096,False,False,0.0,0.9751000034157187,0.0,0.0,0.014999997802078724,0.02059999678749591
run_1790716901,223,7.433333333333317,SIMULATION,TRACKING,SEARCHING,,True,704.0475390630311,1326.5240394198484,319.0346251741429,236.3965289493633,318.5,236.5,318.5,236.5,0.5445459899284691,0.0,3.8078865529319543,0.9956044510756465,1,True,-1.8537851041666673,2.061195692078992,-0.010115815972222204,-0.0021012483615451432,1.1403000025893562,876.9622009376765,True,True,3.8078865529319543,0.0,False,-0.30347447916666614,-0.0630374508463543,False,False,0.0,1.1403000025893562,0.0,0.0,0.015099998563528061,0.02010000025620684
run_1790716901,224,7.46666666666665,SIMULATION,TRACKING,SEARCHING,,True,702.4553344162947,1326.0314482449137,319.0609510829621,236.24013751227585,318.5,235.5,318.5,235.5,0.9286924434678279,0.0,4.743416490252569,0.9956044510756488,1,True,-1.8639217534722228,2.05736527705078,-0.010136649305555537,-0.00383041502821181,1.0750000001280569,930.2325580287231,True,True,4.743416490252569,0.0,False,-0.30409947916666613,-0.11491245084635429,False,False,0.0,1.0750000001280569,0.0,0.0,0.015600002370774746,0.02529999619582668
run_1790716901,225,7.499999999999983,SIMULATION,TRACKING,SEARCHING,,True,700.8672899330693,1325.525605955253,319.0947704886256,236.34716162712903,318.5,236.5,318.5,236.5,0.6140940500947699,0.0,3.8078865529319543,0.9956044510756502,1,True,-1.8740792361111116,2.055152917578124,-0.010157482638888871,-0.0022123594726562545,0.9441000001970679,1059.209829246122,True,True,3.8078865529319543,0.0,False,-0.3047244791666661,-0.06637078417968764,False,False,0.0,0.9441000001970679,0.0,0.0,0.01069999416358769,0.015099998563528061
run_1790716901,226,7.533333333333316,SIMULATION,TRACKING,SEARCHING,,True,699.2835158935834,1325.0065476785994,319.136193671362,236.18208086610048,318.5,235.5,318.5,235.5,0.9327254126383672,0.0,4.743416490252569,0.995604451075651,1,True,-1.8842575520833338,2.051211391438801,-0.010178315972222204,-0.003941526139322921,1.0775999980978668,927.9881233900863,True,True,4.743416490252569,0.0,False,-0.3053494791666661,-0.11824578417968763,False,False,0.0,1.0775999980978668,0.0,0.0,0.014299999747890979,0.02300000051036477
run_1790716901,227,7.5666666666666496,SIMULATION,TRACKING,SEARCHING,,True,697.7041222815088,1324.474309460458,319.185330614843,236.28048683025077,318.5,235.5,318.5,235.5,1.0386711432575602,0.0,4.743416490252569,0.9956044510756514,1,True,-1.8944567013888893,2.047207365299478,-0.010199149305555537,-0.004004026139322921,1.00860000384273,991.473325589962,True,True,4.743416490252569,0.0,False,-0.3059744791666661,-0.12012078417968763,False,False,0.0,1.00860000384273,0.0,0.0,0.019400002202019095,0.020499996026046574
run_1790716901,228,7.599999999999983,SIMULATION,TRACKING,SEARCHING,,True,696.1292187763229,1323.9289282616023,319.24229099854597,236.37574981368675,318.5,235.5,318.5,235.5,1.1480129192194453,0.0,4.743416490252569,0.9956044510756515,1,True,-1.9046766840277782,2.043140839160155,-0.01021998263888887,-0.004066526139322921,1.0054999947897159,994.5300896884976,True,True,4.743416490252569,0.0,False,-0.3065994791666661,-0.12199578417968764,False,False,0.0,1.0054999947897159,0.0,0.0,0.01599999814061448,0.02370000584051013
run_1790716901,229,7.633333333333316,SIMULATION,TRACKING,SEARCHING,,True,694.5589147456917,1323.3704419555077,319.30718419013704,236.46790768988376,319.5,235.5,319.5,235.5,0.9869261536048308,0.0,4.527692569068709,0.9956044510756515,1,True,-1.9123966666666672,2.039011813020832,-0.00771998263888887,-0.004129026139322921,0.9625000020605512,1038.9610367367975,True,True,4.527692569068709,0.0,False,-0.2315994791666661,-0.12387078417968764,False,False,0.0,0.9625000020605512,0.0,0.0,0.014700002793688327,0.01900000643217936
run_1790716901,230,7.666666666666649,SIMULATION,TRACKING,SEARCHING,,True,692.993319237875,1322.7988893257207,318.97678590454257,236.55699924238843,318.5,236.5,318.5,236.5,0.4801809163256369,0.0,3.8078865529319543,0.9956044510756515,1,True,-1.9226374826388895,2.0365008424370648,-0.010240815972222202,-0.0025109705837673664,0.9462000016355887,1056.8590131805256,True,True,3.8078865529319543,0.0,False,-0.30722447916666606,-0.07532911751302099,False,False,0.0,0.9462000016355887,0.0,0.0,0.009499999578110874,0.014000004739500582
run_1790716901,231,7.699999999999982,SIMULATION,TRACKING,SEARCHING,,True,691.4325409741541,1322.2143100631667,319.0545381963773,236.37417527323737,318.5,235.5,318.5,235.5,1.0352270376980097,0.0,4.743416490252569,0.9956044510756517,1,True,-1.932899131944445,2.032260705186631,-0.010261649305555535,-0.004240137250434032,0.8578999986639246,1165.6370224471138,True,True,4.743416490252569,0.0,False,-0.30784947916666605,-0.12720411751302096,False,False,0.0,0.8578999986639246,0.0,0.0,0.01189999602502212,0.016600002709310502
run_1790716901,232,7.733333333333316,SIMULATION,TRACKING,SEARCHING,,True,689.8766883412809,1321.6167447633927,319.140549452393,236.45503193353284,318.5,236.5,318.5,236.5,0.6421259440037717,0.0,3.8078865529319543,0.9956044510756518,1,True,-1.943181614583334,2.0296386234917523,-0.010282482638888868,-0.0026220816948784777,0.851400000101421,1174.5360581170746,True,True,3.8078865529319543,0.0,False,-0.30847447916666604,-0.07866245084635433,False,False,0.0,0.851400000101421,0.0,0.0,0.011199997970834374,0.01630000042496249
run_1790716901,233,7.766666666666649,SIMULATION,TRACKING,SEARCHING,,True,688.3258693839522,1321.006234923749,319.2349277172865,236.26405516506952,318.5,235.5,318.5,235.5,1.0601410495331993,0.0,4.743416490252569,0.995604451075652,1,True,-1.9534849305555562,2.025287375130207,-0.0103033159722222,-0.004351248361545144,0.9291999958804809,1076.1945807505426,True,True,4.743416490252569,0.0,False,-0.309099479166666,-0.13053745084635432,False,False,0.0,0.9291999958804809,0.0,0.0,0.014500001270789653,0.024300003133248538
run_1790716901,234,7.799999999999982,SIMULATION,TRACKING,SEARCHING,,True,686.7801917973054,1320.3828229405067,319.3377806861953,236.33684291967438,319.5,235.5,319.5,235.5,0.8524207751928713,0.0,4.527692569068709,0.9956044510756523,1,True,-1.9612882465277783,2.020873626768662,-0.007803315972222201,-0.004413748361545145,0.9270000009564683,1078.7486504511446,True,True,4.527692569068709,0.0,False,-0.23409947916666604,-0.13241245084635433,False,False,0.0,0.9270000009564683,0.0,0.0,0.014500001270789653,0.02460000541759655
run_1790716901,235,7.833333333333315,SIMULATION,TRACKING,SEARCHING,,True,685.2397629194409,1319.7465521059144,319.04588236388634,236.4067718229294,318.5,236.5,318.5,236.5,0.5537861032944424,0.0,3.8078865529319543,0.9956044510756528,1,True,-1.9716123958333338,2.018077933962672,-0.010324149305555533,-0.002795692805989589,1.09859999793116,910.2494100520302,True,True,3.8078865529319543,0.0,False,-0.309724479166666,-0.08387078417968767,False,False,0.0,1.09859999793116,0.0,0.0,0.012699994840659201,0.016999998479150236
run_1790716901,236,7.8666666666666485,SIMULATION,TRACKING,SEARCHING,,True,683.704689723967,1319.0974666051907,319.1626730573014,236.204997171164,318.5,235.5,318.5,235.5,0.967551855056052,0.0,4.743416490252569,0.9956044510756533,1,True,-1.9819573784722226,2.013553074490016,-0.010344982638888866,-0.004524859472656255,0.9021000005304813,1108.5245531669975,True,True,4.743416490252569,0.0,False,-0.310349479166666,-0.13574578417968766,False,False,0.0,0.9021000005304813,0.0,0.0,0.009700001101009548,0.013600001693703234
run_1790716901,237,7.899999999999982,SIMULATION,TRACKING,SEARCHING,,True,682.1750788125722,1318.4356115134567,319.2882593681288,236.26711959505496,318.5,235.5,318.5,235.5,1.0999205901155498,0.0,4.743416490252569,0.995604451075654,1,True,-1.9923231944444448,2.0089657150173594,-0.010365815972222199,-0.004587359472656255,0.9097999936784618,1099.1426763555423,True,True,4.743416490252569,0.0,False,-0.310974479166666,-0.13762078417968765,False,False,0.0,0.9097999936784618,0.0,0.0,0.00979999458650127,0.01410000550094992
run_1790716901,238,7.933333333333315,SIMULATION,TRACKING,SEARCHING,,True,680.6510364076216,1317.7610327926059,319.4227475187338,236.32651838982906,319.5,236.5,319.5,236.5,0.18990475225567213,0.0,3.5355339059327378,0.9956044510756548,1,True,-2.000189010416667,2.005996411100259,-0.0078658159722222,-0.0029693039171007005,0.8850000012898818,1129.9435011779735,True,True,3.5355339059327378,0.0,False,-0.235974479166666,-0.08907911751302101,False,False,0.0,0.8850000012898818,0.0,0.0,0.009599993063602597,0.013500000932253897
run_1790716901,239,7.966666666666648,SIMULATION,TRACKING,SEARCHING,,True,679.1326683447811,1317.0737772881116,319.16291001144884,236.11435151207093,318.5,235.5,318.5,235.5,0.9038127370550486,0.0,4.743416490252569,0.9956044510756555,1,True,-2.0105756597222224,2.0012979405164915,-0.010386649305555532,-0.004698470583767367,0.8489999963785522,1177.8563065554124,True,True,4.743416490252569,0.0,False,-0.31159947916666597,-0.140954117513021,False,False,0.0,0.8489999963785522,0.0,0.0,0.008800001523923129,0.012999997125007212
run_1790716901,240,7.999999999999981,SIMULATION,TRACKING,SEARCHING,,True,677.6200800656668,1316.373892725774,319.3121856212234,236.1662222431362,319.5,235.5,319.5,235.5,0.6921895102677075,0.0,4.527692569068709,0.9956044510756564,1,True,-2.018462309027778,1.996536969932724,-0.007886649305555533,-0.0047609705837673676,0.9117999943555333,1096.731746205819,True,True,4.527692569068709,0.0,False,-0.236599479166666,-0.14282911751302102,False,False,0.0,0.9117999943555333,0.0,0.0,0.009399998816661537,0.013500000932253897
run_1790716901,241,8.033333333333315,SIMULATION,TRACKING,SEARCHING,,True,676.1133766105237,1315.6614277084068,319.0673460549692,236.21551251917163,318.5,236.5,318.5,236.5,0.634676825508237,0.0,3.8078865529319543,0.9956044510756574,1,True,-2.0288697916666667,1.9933940549045122,-0.010407482638888865,-0.003142915028211812,0.8864000046742149,1128.1588388162716,True,True,3.8078865529319543,0.0,False,-0.31222447916666596,-0.09428745084635436,False,False,0.0,0.8864000046742149,0.0,0.0,0.01410000550094992,0.0185999961104244
run_1790716901,242,8.066666666666649,SIMULATION,TRACKING,SEARCHING,,True,674.6126626109307,1314.936431712461,319.2318292775984,235.99338292773973,319.5,235.5,319.5,235.5,0.561553425542408,0.0,4.527692569068709,0.9956044510756584,1,True,-2.0367772743055554,1.9885219732096338,-0.007907482638888866,-0.004872081694878478,0.930599999264814,1074.5755435095775,True,True,4.527692569068709,0.0,False,-0.23722447916666597,-0.14616245084635435,False,False,0.0,0.930599999264814,0.0,0.0,0.013700002455152571,0.018800004909280688
run_1790716901,243,8.099999999999982,SIMULATION,TRACKING,SEARCHING,,True,673.1180422825346,1314.1989550845892,319.0024061714246,236.0354393710486,318.5,235.5,318.5,235.5,0.7342392533462256,0.0,4.743416490252569,0.9956044510756594,1,True,-2.0472055902777777,1.9835873915147553,-0.010428315972222197,-0.004934581694878478,1.0392000040155835,962.2786721861909,True,True,4.743416490252569,0.0,False,-0.31284947916666594,-0.14803745084635433,False,False,0.0,1.0392000040155835,0.0,0.0,0.01309999788645655,0.02010000025620684
run_1790716901,244,8.133333333333315,SIMULATION,TRACKING,SEARCHING,,True,671.629619417813,1313.44904903815,319.1825138622586,236.07506639578992,319.5,235.5,319.5,235.5,0.6568856880955507,0.0,4.527692569068709,0.9956044510756604,1,True,-2.05513390625,1.9785903098198767,-0.007928315972222199,-0.004997081694878478,1.2284999975236133,814.0008156416612,True,True,4.527692569068709,0.0,False,-0.23784947916666596,-0.14991245084635435,False,False,0.0,1.2284999975236133,0.0,0.0,0.011600001016631722,0.015400000847876072
run_1790716901,245,8.166666666666648,SIMULATION,TRACKING,SEARCHING,,True,670.147497378867,1312.6867656496502,318.9689223788681,236.1123160784707,318.5,235.5,318.5,235.5,0.7712452122101526,0.0,4.743416490252569,0.9956044510756613,1,True,-2.0655830555555554,1.9735307281249983,-0.01044914930555553,-0.005059581694878479,1.1815000034403056,846.3817156903837,True,True,4.743416490252569,0.0,False,-0.31347447916666593,-0.15178745084635437,False,False,0.0,1.1815000034403056,0.0,0.0,0.014299999747890979,0.019699997210409492
run_1790716901,246,8.199999999999982,SIMULATION,TRACKING,SEARCHING,,True,668.6717790902422,1311.9121578551308,319.16506797913223,236.14724135513188,318.5,235.5,318.5,235.5,0.9280284417300938,0.0,4.743416490252569,0.9956044510756623,1,True,-2.0760530381944444,1.9684086464301198,-0.010469982638888865,-0.005122081694878478,1.0245000012218952,976.0858943946562,True,True,4.743416490252569,0.0,False,-0.3140994791666659,-0.15366245084635435,False,False,0.0,1.0245000012218952,0.0,0.0,0.0168999977177009,0.019599996448960155
run_1790716901,247,8.233333333333315,SIMULATION,TRACKING,SEARCHING,,True,667.2025670317826,1311.1252794464876,319.37105314289477,236.1798960176693,318.5,235.5,318.5,235.5,1.1049851458682296,0.0,4.743416490252569,0.9956044510756632,1,True,-2.0865438541666665,1.9632240647352412,-0.010490815972222197,-0.005184581694878478,0.9546000001137145,1047.5591869692828,True,True,4.743416490252569,0.0,False,-0.3147244791666659,-0.15553745084635434,False,False,0.0,0.9546000001137145,0.0,0.0,0.016400001186411828,0.019899998733308166
run_1790716901,248,8.266666666666648,SIMULATION,TRACKING,SEARCHING,,True,665.7399632315125,1310.3261850677388,319.5869798981803,236.21033471010105,319.5,235.5,319.5,235.5,0.7156402050344838,0.0,4.527692569068709,0.9956044510756641,1,True,-2.0945346701388887,1.9579769830403628,-0.007990815972222197,-0.005247081694878478,1.1994000014965422,833.7502073972466,True,True,4.527692569068709,0.0,False,-0.23972447916666592,-0.15741245084635436,False,False,0.0,1.1994000014965422,0.0,0.0,0.015900004655122757,0.021100000594742596
run_1790716901,249,8.299999999999981,SIMULATION,TRACKING,SEARCHING,,True,664.2840692585529,1309.5149302112284,319.4096164807762,236.23861292477113,318.5,236.5,318.5,236.5,0.9464276756289385,0.0,3.8078865529319543,0.995604451075665,1,True,-2.1050463194444444,1.9543479569010398,-0.01051164930555553,-0.0036290261393229235,1.1330000052112155,882.6125290384077,True,True,3.8078865529319543,0.0,False,-0.3153494791666659,-0.10887078417968771,False,False,0.0,1.1330000052112155,0.0,0.0,0.017300000763498247,0.022899999748915434
run_1790716901,250,8.333333333333314,SIMULATION,TRACKING,SEARCHING,,True,662.8349862160666,1308.691571213773,319.64239732717874,235.99589810960742,319.5,235.5,319.5,235.5,0.5159379167107864,0.0,4.527692569068709,0.9956044510756658,1,True,-2.1130579687499997,1.9489897640950502,-0.00801164930555553,-0.0053581928059895905,0.9376000016345643,1066.5528991645167,True,True,4.527692569068709,0.0,False,-0.2403494791666659,-0.1607457841796877,False,False,0.0,0.9376000016345643,0.0,0.0,0.01030000566970557,0.012500000593718141
run_1790716901,251,8.366666666666648,SIMULATION,TRACKING,SEARCHING,,True,661.3928147342381,1307.85616525275,319.48208973423914,236.01780299754296,318.5,235.5,318.5,235.5,1.1102342952559048,0.0,4.743416490252569,0.9956044510756665,1,True,-2.1235904513888886,1.9435690712890605,-0.010532482638888863,-0.00542069280598959,0.9223000015481375,1084.2459051517274,True,True,4.743416490252569,0.0,False,-0.3159744791666659,-0.1626207841796877,False,False,0.0,0.9223000015481375,0.0,0.0,0.01460000203223899,0.020199993741698563
run_1790716901,252,8.39999999999998,SIMULATION,TRACKING,SEARCHING,,True,659.9576549632852,1307.0087703421266,319.7321271855085,236.03771893587782,319.5,235.5,319.5,235.5,0.5856830919991348,0.0,4.527692569068709,0.9956044510756672,1,True,-2.1316229340277775,1.938085878483071,-0.008032482638888862,-0.00548319280598959,1.0419999962323345,959.6929017426121,True,True,4.527692569068709,0.0,False,-0.2409744791666659,-0.1644957841796877,False,False,0.0,1.0419999962323345,0.0,0.0,0.013600001693703234,0.01870000414783135
run_1790716901,253,8.433333333333314,SIMULATION,TRACKING,SEARCHING,,True,658.5296065665042,1306.1494453284308,319.5892760109497,236.05570477114043,319.5,235.5,319.5,235.5,0.562830346373861,0.0,4.527692569068709,0.9956044510756678,1,True,-2.1396554166666664,1.9325401856770814,-0.008032482638888862,-0.00554569280598959,0.8501999982399866,1176.193839179154,True,True,4.527692569068709,0.0,False,-0.2409744791666659,-0.1663707841796877,False,False,0.0,0.8501999982399866,0.0,0.0,0.008999995770864189,0.012800002878066152
run_1790716901,254,8.466666666666647,SIMULATION,TRACKING,SEARCHING,,True,657.1087687133486,1305.2782498866657,319.4536353800163,236.0718201783336,318.5,235.5,318.5,235.5,1.1119346897944606,0.0,4.743416490252569,0.9956044510756683,1,True,-2.1502087326388883,1.9269319928710917,-0.010553315972222196,-0.005608192805989591,0.8331999997608364,1200.1920310694218,True,True,4.743416490252569,0.0,False,-0.31659947916666586,-0.16824578417968772,False,False,0.0,0.8331999997608364,0.0,0.0,0.009099996532313526,0.012999997125007212
run_1790716901,255,8.49999999999998,SIMULATION,TRACKING,SEARCHING,,True,655.6952400725429,1304.3952445161644,319.72863729476614,236.08612565679073,319.5,235.5,319.5,235.5,0.6291409207056419,0.0,4.527692569068709,0.9956044510756689,1,True,-2.1582620486111104,1.9212613000651022,-0.008053315972222195,-0.00567069280598959,0.8392000017920509,1191.6110556060205,True,True,4.527692569068709,0.0,False,-0.24159947916666588,-0.1701207841796877,False,False,0.0,0.8392000017920509,0.0,0.0,0.012700002116616815,0.01460000203223899
run_1790716901,256,8.533333333333314,SIMULATION,TRACKING,SEARCHING,,True,654.28911880523,1303.5004905363896,319.61104658300883,236.09868252597425,318.5,236.5,318.5,236.5,1.1813044588817903,0.0,3.8078865529319543,0.9956044510756693,1,True,-2.168836197916666,1.917208662814668,-0.010574149305555528,-0.004052637250434035,0.835999999253545,1196.1722498718766,True,True,3.8078865529319543,0.0,False,-0.31722447916666585,-0.12157911751302106,False,False,0.0,0.835999999253545,0.0,0.0,0.013300006685312837,0.019099999917671084
run_1790716901,257,8.566666666666647,SIMULATION,TRACKING,SEARCHING,,True,652.8905025581554,1302.5940500826748,319.90429422482305,235.84066403232896,319.5,235.5,319.5,235.5,0.5286830838488168,0.0,4.527692569068709,0.9956044510756697,1,True,-2.1769103472222215,1.9114268588975674,-0.008074149305555528,-0.005781803917100701,0.8213000037358142,1217.5818768432246,True,True,4.527692569068709,0.0,False,-0.24222447916666587,-0.17345411751302103,False,False,0.0,0.8213000037358142,0.0,0.0,0.009099996532313526,0.011900003300979733
run_1790716901,258,8.59999999999998,SIMULATION,TRACKING,SEARCHING,,True,651.4994884568849,1301.6759861019093,319.8051440124415,235.84768867829962,318.5,235.5,318.5,235.5,1.3506621747237784,0.0,4.743416490252569,0.9956044510756701,1,True,-2.1875053298611102,1.9055825549804666,-0.010594982638888861,-0.005844303917100701,1.021999996737577,978.4735843367854,True,True,4.743416490252569,0.0,False,-0.31784947916666584,-0.17532911751302105,False,False,0.0,1.021999996737577,0.0,0.0,0.014099998224992305,0.019099999917671084
run_1790716901,259,8.633333333333313,SIMULATION,TRACKING,SEARCHING,,True,650.1161730990613,1300.7463623481674,320.11702587684,235.85315355129387,319.5,235.5,319.5,235.5,0.7109418847427901,0.0,4.527692569068709,0.9956044510756704,1,True,-2.195600312499999,1.899675751063366,-0.008094982638888863,-0.005906803917100701,1.0994999975082465,909.5043222066945,True,True,4.527692569068709,0.0,False,-0.24284947916666585,-0.17720411751302104,False,False,0.0,1.0994999975082465,0.0,0.0,0.014400000509340316,0.020699997548945248
run_1790716901,260,8.666666666666647,SIMULATION,TRACKING,SEARCHING,,True,648.7406525476949,1299.8052433782805,320.0367025476959,235.8571232081431,319.5,235.5,319.5,235.5,0.6446600736028758,0.0,4.527692569068709,0.9956044510756706,1,True,-2.2036952951388877,1.8937064471462652,-0.008094982638888863,-0.005969303917100701,0.8344000016222708,1198.4659612365338,True,True,4.527692569068709,0.0,False,-0.24284947916666585,-0.17907911751302105,False,False,0.0,0.8344000016222708,0.0,0.0,0.009099996532313526,0.01309999788645655
run_1790716901,261,8.69999999999998,SIMULATION,TRACKING,SEARCHING,,True,647.3730223244937,1298.8526945473545,319.9642695467169,235.8596630039533,319.5,235.5,319.5,235.5,0.587285014640598,0.0,4.527692569068709,0.995604451075671,1,True,-2.2117902777777765,1.8876746432291645,-0.008094982638888863,-0.0060318039171007014,0.8271999977296218,1208.8974888112361,True,True,4.527692569068709,0.0,False,-0.24284947916666585,-0.18095411751302104,False,False,0.0,0.8271999977296218,0.0,0.0,0.008999995770864189,0.012500000593718141
run_1790716901,262,8.733333333333313,SIMULATION,TRACKING,SEARCHING,,True,646.0133774032289,1297.888782004231,319.8998218476743,235.86083908756586,319.5,235.5,319.5,235.5,0.5385743746160195,0.0,4.527692569068709,0.9956044510756711,1,True,-2.2198852604166652,1.8815803393120638,-0.008094982638888863,-0.0060943039171007015,0.8004000046639703,1249.3753050636565,True,True,4.527692569068709,0.0,False,-0.24284947916666585,-0.18282911751302106,False,False,0.0,0.8004000046639703,0.0,0.0,0.008899995009414852,0.012700002116616815
run_1790716901,263,8.766666666666646,SIMULATION,TRACKING,SEARCHING,,True,644.6618122031405,1296.9135726868935,319.84345386980806,235.86071839696456,319.5,235.5,319.5,235.5,0.498074615489297,0.0,4.527692569068709,0.9956044510756713,1,True,-2.227980243055554,1.875423535394963,-0.008094982638888863,-0.0061568039171007016,0.8130000060191378,1230.0122910164655,True,True,4.527692569068709,0.0,False,-0.24284947916666585,-0.18470411751302104,False,False,0.0,0.8130000060191378,0.0,0.0,0.008799994247965515,0.012299999070819467
run_1790716901,264,8.79999999999998,SIMULATION,TRACKING,SEARCHING,,True,643.3184205823795,1295.9271343178193,319.79525947126933,235.85936865462645,318.5,235.5,318.5,235.5,1.344188575997035,0.0,4.743416490252569,0.9956044510756714,1,True,-2.2385960590277763,1.8692042314778623,-0.010615815972222194,-0.006219303917100702,0.8067000017035753,1239.6181949773363,True,True,4.743416490252569,0.0,False,-0.3184744791666658,-0.18657911751302106,False,False,0.0,0.8067000017035753,0.0,0.0,0.009700001101009548,0.014299999747890979
run_1790716901,265,8.833333333333313,SIMULATION,TRACKING,SEARCHING,,True,641.9832958314911,1294.9295353992768,320.1586652759364,235.85685836282005,319.5,235.5,319.5,235.5,0.7491247138087209,0.0,4.527692569068709,0.9956044510756716,1,True,-2.2467118749999986,1.8629224275607617,-0.008115815972222195,-0.006281803917100702,0.9923999969032593,1007.6582054821203,True,True,4.527692569068709,0.0,False,-0.24347447916666584,-0.18845411751302105,False,False,0.0,0.9923999969032593,0.0,0.0,0.01309999788645655,0.026399997295811772
run_1790716901,266,8.866666666666646,SIMULATION,TRACKING,SEARCHING,,True,640.6565306669352,1293.9208452085677,320.13043066693604,235.85325679884704,319.5,235.5,319.5,235.5,0.7226570360448131,0.0,4.527692569068709,0.9956044510756716,1,True,-2.254827690972221,1.856578123643661,-0.008115815972222195,-0.006344303917100702,0.9014000024762936,1109.385397440466,True,True,4.527692569068709,0.0,False,-0.24347447916666584,-0.19032911751302106,False,False,0.0,0.9014000024762936,0.0,0.0,0.01290000363951549,0.019400002202019095
run_1790716901,267,8.899999999999979,SIMULATION,TRACKING,SEARCHING,,True,639.3382172246484,1292.9011337932163,320.1106477802048,235.84863401023176,319.5,235.5,319.5,235.5,0.7031617058396286,0.0,4.527692569068709,0.9956044510756717,1,True,-2.2629435069444432,1.8501713197265601,-0.008115815972222195,-0.006406803917100702,1.0025000010500662,997.5062333691296,True,True,4.527692569068709,0.0,False,-0.24347447916666584,-0.19220411751302105,False,False,0.0,1.0025000010500662,0.0,0.0,0.015400000847876072,0.013899996702093631
run_1790716901,268,8.933333333333312,SIMULATION,TRACKING,SEARCHING,,True,638.0284470536453,1291.8704719661057,320.0994081647573,235.8430608098572,319.5,235.5,319.5,235.5,0.6906380146195046,0.0,4.527692569068709,0.9956044510756719,1,True,-2.2710593229166656,1.8437020158094595,-0.008115815972222195,-0.006469303917100702,0.8703999992576428,1148.8970598034145,True,True,4.527692569068709,0.0,False,-0.24347447916666584,-0.19407911751302107,False,False,0.0,0.8703999992576428,0.0,0.0,0.01340000017080456,0.018800004909280688
run_1790716901,269,8.966666666666645,SIMULATION,TRACKING,SEARCHING,,True,636.7273111096617,1290.8289313005598,320.09680277632924,235.8366087710474,319.5,235.5,319.5,235.5,0.6851853899349634,0.0,4.527692569068709,0.9956044510756719,1,True,-2.279175138888888,1.8371702118923587,-0.008115815972222195,-0.006531803917100702,0.8875999992596917,1126.6336196868592,True,True,4.527692569068709,0.0,False,-0.24347447916666584,-0.19595411751302105,False,False,0.0,0.8875999992596917,0.0,0.0,0.012599994079209864,0.019500002963468432
run_1790716901,270,8.999999999999979,SIMULATION,TRACKING,SEARCHING,,True,635.4348997488374,1289.7765841253727,320.1029219710605,235.8293502225963,319.5,235.5,319.5,235.5,0.687012716266367,0.0,4.527692569068709,0.995604451075672,1,True,-2.2872909548611102,1.830575907975258,-0.008115815972222195,-0.006594303917100702,1.0387000002083369,962.7418887064845,True,True,4.527692569068709,0.0,False,-0.24347447916666584,-0.19782911751302107,False,False,0.0,1.0387000002083369,0.0,0.0,0.012699994840659201,0.022700005501974374
run_1790716901,271,9.033333333333312,SIMULATION,TRACKING,SEARCHING,,True,634.1513027214419,1288.7135035197864,320.11785549922047,235.8213582437461,319.5,235.5,319.5,235.5,0.6964312878816871,0.0,4.527692569068709,0.995604451075672,1,True,-2.2954067708333326,1.8239191040581573,-0.008115815972222195,-0.006656803917100702,0.8933999997680075,1119.3194540627644,True,True,4.527692569068709,0.0,False,-0.24347447916666584,-0.19970411751302106,False,False,0.0,0.8933999997680075,0.0,0.0,0.014199998986441642,0.020600004063453525
run_1790716901,272,9.066666666666645,SIMULATION,TRACKING,SEARCHING,,True,632.8766091656419,1287.639763308416,320.141692498976,235.81270665911165,319.5,235.5,319.5,235.5,0.7138310149431972,0.0,4.527692569068709,0.995604451075672,1,True,-2.303522586805555,1.8171998001410565,-0.008115815972222195,-0.006719303917100702,1.020899995637592,979.5278717534532,True,True,4.527692569068709,0.0,False,-0.24347447916666584,-0.20157911751302107,False,False,0.0,1.020899995637592,0.0,0.0,0.009399998816661537,0.013899996702093631
run_1790716901,273,9.099999999999978,SIMULATION,TRACKING,SEARCHING,,True,631.6109076013108,1286.555438056122,320.1745214902005,235.80347003355382,320.5,235.5,320.5,235.5,0.4450059792929282,0.0,4.527692569068709,0.9956044510756721,1,True,-2.311638402777777,1.810417996223956,-0.008115815972222195,-0.006781803917100702,0.8413999967160635,1188.4953695067072,True,True,4.527692569068709,0.0,False,-0.24347447916666584,-0.20345411751302106,False,False,0.0,0.8413999967160635,0.0,0.0,0.0092999980552122,0.013999997463542968
run_1790716901,274,9.133333333333312,SIMULATION,TRACKING,SEARCHING,,True,630.3542859238819,1285.460603062834,320.2164303683271,235.7937236670018,319.5,234.5,319.5,234.5,1.4788486735369304,0.0,5.522680508593631,0.9956044510756721,1,True,-2.3197542187499995,1.8018931367512996,-0.008115815972222195,-0.008524859472656257,0.8519999973941594,1173.7089237775801,True,True,5.522680508593631,0.0,False,-0.24347447916666584,-0.25574578417968774,False,False,0.0,0.8519999973941594,0.0,0.0,0.009199997293762863,0.013199998647905886
run_1790716901,275,9.166666666666645,SIMULATION,TRACKING,SEARCHING,,True,629.1068313982447,1284.3553343583196,320.2675063982455,236.05243247811245,319.5,235.5,319.5,235.5,0.9456467174485416,0.0,4.527692569068709,0.9956044510756721,1,True,-2.327870034722222,1.79497244394531,-0.008115815972222195,-0.006920692805989591,0.8492999986629002,1177.4402467612802,True,True,4.527692569068709,0.0,False,-0.24347447916666584,-0.20762078417968774,False,False,0.0,0.8492999986629002,0.0,0.0,0.009399998816661537,0.01569999585626647
run_1790716901,276,9.199999999999978,SIMULATION,TRACKING,SEARCHING,,True,627.8686306526843,1283.2397086969054,320.32783620824057,236.0441176656566,319.5,235.5,319.5,235.5,0.9906446495861648,0.0,4.527692569068709,0.9956044510756721,1,True,-2.335985850694444,1.7879892511393205,-0.008115815972222195,-0.006983192805989591,0.8062999986577779,1240.2331658993778,True,True,4.527692569068709,0.0,False,-0.24347447916666584,-0.20949578417968773,False,False,0.0,0.8062999986577779,0.0,0.0,0.008900002285372466,0.01479999627918005
run_1790716901,277,9.233333333333311,SIMULATION,TRACKING,SEARCHING,,True,626.6397696728657,1282.113803552148,320.3975057839775,236.03552336985763,320.5,235.5,320.5,235.5,0.5452433805024439,0.0,4.527692569068709,0.9956044510756721,1,True,-2.3441016666666665,1.7809435583333308,-0.008115815972222195,-0.007045692805989591,0.8651999960420653,1155.8021319632333,True,True,4.527692569068709,0.0,False,-0.24347447916666584,-0.21137078417968774,False,False,0.0,0.8651999960420653,0.0,0.0,0.011999996786471456,0.017899998056236655
run_1790716901,278,9.266666666666644,SIMULATION,TRACKING,SEARCHING,,True,625.4203337958634,1280.9776971114516,320.47660046253077,236.0267277781195,319.5,235.5,319.5,235.5,1.109590291800541,0.0,4.527692569068709,0.9956044510756721,1,True,-2.352217482638889,1.7738353655273413,-0.008115815972222195,-0.007108192805989591,0.8702999984961934,1149.0290724209094,True,True,4.527692569068709,0.0,False,-0.24347447916666584,-0.21324578417968773,False,False,0.0,0.8702999984961934,0.0,0.0,0.0092999980552122,0.015499994333367795
run_1790716901,279,9.299999999999978,SIMULATION,TRACKING,SEARCHING,,True,624.2104077042343,1279.8314682706405,320.5652049264572,236.01780978626675,319.5,235.5,319.5,235.5,1.1843937310296633,0.0,4.527692569068709,0.9956044510756721,1,True,-2.360333298611111,1.7666646727213517,-0.008115815972222195,-0.00717069280598959,0.9567000015522353,1045.2597453512187,True,True,4.527692569068709,0.0,False,-0.24347447916666584,-0.21512078417968772,False,False,0.0,0.9567000015522353,0.0,0.0,0.012600001355167478,0.019500002963468432
run_1790716901,280,9.33333333333331,SIMULATION,TRACKING,SEARCHING,,True,623.0100754201374,1278.6751966284792,320.66340319791584,236.0088489930638,320.5,235.5,320.5,235.5,0.5344416739281845,0.0,4.527692569068709,0.9956044510756721,1,True,-2.3684491145833335,1.759431479915362,-0.008115815972222195,-0.007233192805989591,0.8682999978191219,1151.6756910188462,True,True,4.527692569068709,0.0,False,-0.24347447916666584,-0.21699578417968773,False,False,0.0,0.8682999978191219,0.0,0.0,0.009699993825051934,0.014400000509340316
run_1790716901,281,9.366666666666644,SIMULATION,TRACKING,SEARCHING,,True,621.8194202994988,1277.5089624811444,320.77127863283283,235.99992569468736,320.5,235.5,320.5,235.5,0.568786248814344,0.0,4.527692569068709,0.9956044510756721,1,True,-2.376564930555556,1.7521357871093726,-0.008115815972222195,-0.0072956928059895905,0.8834000036586076,1131.9900337995161,True,True,4.527692569068709,0.0,False,-0.24347447916666584,-0.21887078417968772,False,False,0.0,0.8834000036586076,0.0,0.0,0.014400000509340316,0.021399995603132993
run_1790716901,282,9.399999999999977,SIMULATION,TRACKING,SEARCHING,,True,620.6385250262235,1276.3328468166505,320.8889139151131,235.99112087915182,320.5,235.5,320.5,235.5,0.6264612927447825,0.0,4.527692569068709,0.9956044510756721,1,True,-2.384680746527778,1.744777594303383,-0.008115815972222195,-0.007358192805989591,1.0294999956386164,971.3453173738801,True,True,4.527692569068709,0.0,False,-0.24347447916666584,-0.22074578417968774,False,False,0.0,1.0294999956386164,0.0,0.0,0.012799995602108538,0.020899999071843922
run_1790716901,283,9.43333333333331,SIMULATION,TRACKING,SEARCHING,,True,619.467471606453,1275.1469313092234,321.01639105089816,235.982516220683,320.5,235.5,320.5,235.5,0.7067401365918918,0.0,4.527692569068709,0.9956044510756721,1,True,-2.3927965625000005,1.7373569014973933,-0.008115815972222195,-0.007420692805989591,0.8502999990014359,1176.0555112011841,True,True,4.527692569068709,0.0,False,-0.24347447916666584,-0.22262078417968773,False,False,0.0,0.8502999990014359,0.0,0.0,0.0092999980552122,0.014299999747890979
run_1790716901,284,9.466666666666644,SIMULATION,TRACKING,SEARCHING,,True,618.3063413628712,1273.9512983136299,321.15379136287186,235.97419407404777,320.5,235.5,320.5,235.5,0.8076528747103331,0.0,4.527692569068709,0.9956044510756721,1,True,-2.400912378472223,1.7298737086914038,-0.008115815972222195,-0.0074831928059895915,0.836799998069182,1195.0286834457252,True,True,4.527692569068709,0.0,False,-0.24347447916666584,-0.22449578417968774,False,False,0.0,0.836799998069182,0.0,0.0,0.00910000380827114,0.012399999832268804
run_1790716901,285,9.499999999999977,SIMULATION,TRACKING,SEARCHING,,True,617.1552149290558,1272.746030859459,321.301195484612,235.9662374688353,320.5,235.5,320.5,235.5,0.9269798174224523,0.0,4.527692569068709,0.9956044510756721,1,True,-2.409028194444445,1.7223280158854142,-0.008115815972222195,-0.007545692805989591,0.8785000027273782,1138.3039236145871,True,True,4.527692569068709,0.0,False,-0.24347447916666584,-0.22637078417968773,False,False,0.0,0.8785000027273782,0.0,0.0,0.008900002285372466,0.014800003555137664
run_1790716901,286,9.53333333333331,SIMULATION,TRACKING,SEARCHING,,True,616.0141722438799,1271.5312126453553,321.45868335499165,235.95873010368973,320.5,235.5,320.5,235.5,1.0627827074097678,0.0,4.527692569068709,0.9956044510756721,1,True,-2.4171440104166675,1.7147198230794245,-0.008115815972222195,-0.007608192805989592,0.9879999997792765,1012.145749213972,True,True,4.527692569068709,0.0,False,-0.24347447916666584,-0.22824578417968774,False,False,0.0,0.9879999997792765,0.0,0.0,0.009399998816661537,0.013800003216601908
run_1790716901,287,9.566666666666643,SIMULATION,TRACKING,SEARCHING,,True,614.8832925459604,1270.3069280332058,321.62633421262774,235.9517563404986,321.5,235.5,321.5,235.5,0.4690886104575151,0.0,4.743416490252569,0.9956044510756721,1,True,-2.4227389930555563,1.707049130273435,-0.005594982638888861,-0.007670692805989591,0.8495000001857989,1177.1630368231718,True,True,4.743416490252569,0.0,False,-0.16784947916666584,-0.23012078417968773,False,False,0.0,0.8495000001857989,0.0,0.0,0.009199997293762863,0.013600001693703234
run_1790716901,288,9.599999999999977,SIMULATION,TRACKING,SEARCHING,,True,613.7626543681552,1269.073262042284,321.4008932570447,235.9454011985349,321.5,235.5,321.5,235.5,0.45629417501820557,0.0,4.743416490252569,0.9956044510756721,1,True,-2.428313142361112,1.6993159374674454,-0.005574149305555528,-0.007733192805989591,0.956299998506438,1045.6969586550385,True,True,4.743416490252569,0.0,False,-0.16722447916666586,-0.23199578417968772,False,False,0.0,0.956299998506438,0.0,0.0,0.01200000406242907,0.013999997463542968
run_1790716901,289,9.63333333333331,SIMULATION,TRACKING,SEARCHING,,True,612.6523355321095,1267.830300343343,321.18243830988797,235.93975034855225,321.5,235.5,321.5,235.5,0.542425843852075,0.0,4.743416490252569,0.9956044510756721,1,True,-2.433866458333334,1.6915202446614557,-0.005553315972222196,-0.007795692805989591,0.8479000025545247,1179.3843578101587,True,True,4.743416490252569,0.0,False,-0.16659947916666587,-0.23387078417968774,False,False,0.0,0.8479000025545247,0.0,0.0,0.011800002539530396,0.01809999957913533
run_1790716901,290,9.666666666666643,SIMULATION,TRACKING,SEARCHING,,True,611.552413142852,1266.5781292526678,320.97104647618596,235.93489010683538,320.5,235.5,320.5,235.5,0.6411038821833024,0.0,4.527692569068709,0.9956044510756721,1,True,-2.441919774305556,1.6836620518554661,-0.008053315972222195,-0.007858192805989591,1.1661999960779212,857.4858543672844,True,True,4.527692569068709,0.0,False,-0.24159947916666588,-0.23574578417968772,False,False,0.0,1.1661999960779212,0.0,0.0,0.009300005331169814,0.014099998224992305
run_1790716901,291,9.699999999999976,SIMULATION,TRACKING,SEARCHING,,True,610.4629635834398,1265.3168357260815,321.17012747232934,235.9309074292073,320.5,235.5,320.5,235.5,0.7967132744699085,0.0,4.527692569068709,0.9956044510756721,1,True,-2.449973090277778,1.6757413590494765,-0.008053315972222195,-0.007920692805989591,0.8567000040784478,1167.2697504836597,True,True,4.527692569068709,0.0,False,-0.24159947916666588,-0.23762078417968774,False,False,0.0,0.8567000040784478,0.0,0.0,0.008499999239575118,0.013800003216601908
run_1790716901,292,9.73333333333331,SIMULATION,TRACKING,SEARCHING,,True,609.3840625096544,1264.0465073529053,321.37975695409955,235.92788990498934,320.5,235.5,320.5,235.5,0.9782954916988543,0.0,4.527692569068709,0.9956044510756721,1,True,-2.45802640625,1.6677581662434868,-0.008053315972222195,-0.007983192805989591,0.82970000221394,1205.2549081977074,True,True,4.527692569068709,0.0,False,-0.24159947916666588,-0.23949578417968773,False,False,0.0,0.82970000221394,0.0,0.0,0.009400006092619151,0.013100005162414163
run_1790716901,293,9.766666666666643,SIMULATION,TRACKING,SEARCHING,,True,608.315784844748,1262.7672323498764,321.6000098447487,235.92592575091862,320.5,235.5,320.5,235.5,1.1795907781258783,0.0,4.527692569068709,0.9956044510756721,1,True,-2.466079722222222,1.6597124734374973,-0.008053315972222195,-0.008045692805989591,0.9124999996856786,1095.8904113363965,True,True,4.527692569068709,0.0,False,-0.24159947916666588,-0.24137078417968774,False,False,0.0,0.9124999996856786,0.0,0.0,0.009000003046821803,0.01340000017080456
run_1790716901,294,9.799999999999976,SIMULATION,TRACKING,SEARCHING,,True,607.2582047742403,1261.479099555023,321.83096032979654,235.92510380502358,321.5,234.5,321.5,234.5,1.4630295947080927,0.0,5.70087712549569,0.9956044510756721,1,True,-2.471612204861111,1.6499237250759522,-0.005532482638888863,-0.009788748361545146,0.8665999994263984,1153.934918834409,True,True,5.70087712549569,0.0,False,-0.16597447916666588,-0.2936624508463544,False,False,0.0,0.8665999994263984,0.0,0.0,0.009200004569720477,0.013999997463542968
run_1790716901,295,9.833333333333309,SIMULATION,TRACKING,SEARCHING,,True,606.2113957407666,1260.1821984214935,321.6693485185451,236.19440240934136,320.5,235.5,320.5,235.5,1.3599892146347194,0.0,4.527692569068709,0.9956044510756721,1,True,-2.4796446875,1.6417391433810737,-0.008032482638888862,-0.00818458169487848,0.9228999988408759,1083.5410133881878,True,True,4.527692569068709,0.0,False,-0.2409744791666659,-0.2455374508463544,False,False,0.0,0.9228999988408759,0.0,0.0,0.0168999977177009,0.0208000055863522
run_1790716901,296,9.866666666666642,SIMULATION,TRACKING,SEARCHING,,True,605.1754304389781,1258.8766190113456,321.9185804389788,236.19835607037407,321.5,235.5,321.5,235.5,0.8141933338734648,0.0,4.743416490252569,0.9956044510756721,1,True,-2.4851563368055554,1.6334920616861952,-0.00551164930555553,-0.008247081694878481,0.8465999999316409,1181.195369809527,True,True,4.743416490252569,0.0,False,-0.1653494791666659,-0.2474124508463544,False,False,0.0,0.8465999999316409,0.0,0.0,0.009199997293762863,0.01410000550094992
run_1790716901,297,9.899999999999975,SIMULATION,TRACKING,SEARCHING,,True,604.1503808104932,1257.5624519892913,321.7753946993828,236.2037221195003,321.5,236.5,321.5,236.5,0.40450318036021776,0.0,3.8078865529319543,0.9956044510756721,1,True,-2.4906471527777776,1.6268630355468723,-0.005490815972222197,-0.006629026139322924,0.9725999989314005,1028.171911473066,True,True,3.8078865529319543,0.0,False,-0.1647244791666659,-0.19887078417968773,False,False,0.0,0.9725999989314005,0.0,0.0,0.012399999832268804,0.018300001102034003
run_1790716901,298,9.933333333333309,SIMULATION,TRACKING,SEARCHING,,True,603.136318038902,1256.2397886164013,321.6398624833472,235.94170292890203,321.5,235.5,321.5,235.5,0.4633173768041511,0.0,4.743416490252569,0.9956044510756721,1,True,-2.4961171354166662,1.6185048427408828,-0.005469982638888864,-0.008358192805989591,0.8611000012024306,1161.3053055436199,True,True,4.743416490252569,0.0,False,-0.16409947916666592,-0.25074578417968774,False,False,0.0,0.8611000012024306,0.0,0.0,0.010099996870849282,0.013699995179194957
run_1790716901,299,9.966666666666642,SIMULATION,TRACKING,SEARCHING,,True,602.1333125448227,1254.9087207437672,321.5120542114902,235.94794590522633,320.5,235.5,320.5,235.5,1.1067561885998431,0.0,4.527692569068709,0.9956044510756721,1,True,-2.5040871180555553,1.6100841499348932,-0.007969982638888864,-0.008420692805989591,1.0829999955603853,923.3610379495542,True,True,4.527692569068709,0.0,False,-0.23909947916666593,-0.25262078417968775,False,False,0.0,1.0829999955603853,0.0,0.0,0.0092999980552122,0.013600001693703234
run_1790716901,300,9.999999999999975,SIMULATION,TRACKING,SEARCHING,,True,601.1414339810117,1253.5693408061227,321.79537286990137,235.95587681654024,321.5,235.5,321.5,235.5,0.543202360205325,0.0,4.743416490252569,0.9956044510756721,1,True,-2.509536267361111,1.6016009571289036,-0.005449149305555531,-0.008483192805989592,2.026100002694875,493.55905368437885,True,True,4.743416490252569,0.0,False,-0.16347447916666594,-0.25449578417968777,False,False,0.0,2.026100002694875,0.0,0.0,0.010100004146806896,0.016199999663513154
run_1790716901,301,10.033333333333308,SIMULATION,TRACKING,SEARCHING,,True,600.160751227526,1252.2217418154255,321.68655400530463,235.96558867480144,321.5,235.5,321.5,235.5,0.5015727374953296,0.0,4.743416490252569,0.9956044510756721,1,True,-2.514964583333333,1.593055264322914,-0.005428315972222198,-0.008545692805989592,0.9556000004522502,1046.4629547161333,True,True,4.743416490252569,0.0,False,-0.16284947916666595,-0.2563707841796877,False,False,0.0,0.9556000004522502,0.0,0.0,0.01799999881768599,0.022499996703118086
run_1790716901,302,10.066666666666642,SIMULATION,TRACKING,SEARCHING,,True,599.1913323869406,1250.8660173543974,321.58566572027485,235.9771750627317,320.5,235.5,320.5,235.5,1.1859030722082249,0.0,4.527692569068709,0.9956044510756721,1,True,-2.5228928993055555,1.5844470715169245,-0.007928315972222199,-0.008608192805989592,1.7487000004621223,571.8533766430685,True,True,4.527692569068709,0.0,False,-0.23784947916666596,-0.25824578417968774,False,False,0.0,1.7487000004621223,0.0,0.0,0.013199998647905886,0.01479999627918005
run_1790716901,303,10.099999999999975,SIMULATION,TRACKING,SEARCHING,,True,598.2332447796189,1249.5022615700252,321.89610866850865,235.99073012731787,321.5,235.5,321.5,235.5,0.6306489793261458,0.0,4.743416490252569,0.9956044510756721,1,True,-2.5283003819444443,1.575776378710935,-0.005407482638888865,-0.008670692805989592,1.2169000037829392,821.7602078160335,True,True,4.743416490252569,0.0,False,-0.16222447916666596,-0.26012078417968776,False,False,0.0,1.2169000037829392,0.0,0.0,0.11240000458201393,0.014400000509340316
run_1790716901,304,10.133333333333308,SIMULATION,TRACKING,SEARCHING,,True,597.286554939037,1248.130569167024,321.8146160501491,236.0063485732751,321.5,235.5,321.5,235.5,0.5961309727477098,0.0,4.743416490252569,0.9956044510756721,1,True,-2.53368703125,1.5670431859049454,-0.0053866493055555326,-0.00873319280598959,0.8441000027232803,1184.6937528417805,True,True,4.743416490252569,0.0,False,-0.16159947916666598,-0.2619957841796877,False,False,0.0,0.8441000027232803,0.0,0.0,0.00960000033956021,0.01290000363951549
run_1790716901,305,10.166666666666641,SIMULATION,TRACKING,SEARCHING,,True,596.351328607165,1246.7510354012593,321.74125360716596,236.02412565646864,320.5,235.5,320.5,235.5,1.3473745659879395,0.0,4.527692569068709,0.9956044510756721,1,True,-2.5415736805555555,1.5582474930989558,-0.007886649305555533,-0.008795692805989592,0.8745000013732351,1143.5105756771768,True,True,4.527692569068709,0.0,False,-0.236599479166666,-0.26387078417968773,False,False,0.0,0.8745000013732351,0.0,0.0,0.008700000762473792,0.012700002116616815
run_1790716901,306,10.199999999999974,SIMULATION,TRACKING,SEARCHING,,True,595.4276307298999,1245.3637560731324,322.07941961878976,236.04415717730012,321.5,235.5,321.5,235.5,0.7948799458067256,0.0,4.743416490252569,0.9956044510756721,1,True,-2.5469394965277776,1.5493893002929662,-0.0053658159722222,-0.008858192805989592,1.2927999996463768,773.5148516967301,True,True,4.743416490252569,0.0,False,-0.160974479166666,-0.26574578417968775,False,False,0.0,1.2927999996463768,0.0,0.0,0.008700000762473792,0.013899996702093631
run_1790716901,307,10.233333333333308,SIMULATION,TRACKING,SEARCHING,,True,594.5155254525562,1243.9688275209285,322.02584489700166,236.06653947405448,322.5,235.5,322.5,235.5,0.738776040056316,0.0,5.1478150704935,0.9956044510756721,1,True,-2.550603923611111,1.5404686074869767,-0.0036644270833333112,-0.008920692805989592,0.9456000043428503,1057.5296059721945,True,True,5.1478150704935,0.0,False,-0.10993281249999934,-0.26762078417968777,False,False,0.0,0.9456000043428503,0.0,0.0,0.010299998393747956,0.013900003978051245
run_1790716901,308,10.26666666666664,SIMULATION,TRACKING,SEARCHING,,True,593.615076115412,1242.5663466141248,321.7117038931908,236.0913694162091,321.5,236.5,321.5,236.5,0.46021461558869214,0.0,3.8078865529319543,0.9956044510756721,1,True,-2.5559141840277775,1.5331659702365426,-0.005310260416666645,-0.007302637250434036,1.0342000023229048,966.9309589575628,True,True,3.8078865529319543,0.0,False,-0.15930781249999934,-0.2190791175130211,False,False,0.0,1.0342000023229048,0.0,0.0,0.018200000340584666,0.018699996871873736
run_1790716901,309,10.299999999999974,SIMULATION,TRACKING,SEARCHING,,True,592.726345249309,1241.1564107466656,321.67261469375455,235.84985550881947,321.5,235.5,321.5,235.5,0.3901214036057379,0.0,4.743416490252569,0.9956044510756721,1,True,-2.561203611111111,1.5241341663194419,-0.005289427083333312,-0.009031803917100702,0.9256000048480928,1080.3802882046414,True,True,4.743416490252569,0.0,False,-0.15868281249999935,-0.27095411751302106,False,False,0.0,0.9256000048480928,0.0,0.0,0.011299998732283711,0.018399994587525725
run_1790716901,310,10.333333333333307,SIMULATION,TRACKING,SEARCHING,,True,591.8493945713117,1239.739117830197,321.64197234909057,235.87765121908706,321.5,235.5,321.5,235.5,0.4034558106958346,0.0,4.743416490252569,0.9956044510756721,1,True,-2.566472204861111,1.5150398624023411,-0.005268593749999979,-0.009094303917100702,1.0741000005509704,931.0120095773577,True,True,4.743416490252569,0.0,False,-0.15805781249999937,-0.2728291175130211,False,False,0.0,1.0741000005509704,0.0,0.0,0.014099998224992305,0.026399997295811772
run_1790716901,311,10.36666666666664,SIMULATION,TRACKING,SEARCHING,,True,590.98428498042,1238.3145662872687,321.61983775819886,235.9081883028948,321.5,235.5,321.5,235.5,0.4254160068806483,0.0,4.743416490252569,0.9956044510756721,1,True,-2.5717199652777776,1.5058830584852405,-0.005247760416666646,-0.009156803917100702,0.9195000020554289,1087.5475777755555,True,True,4.743416490252569,0.0,False,-0.15743281249999938,-0.2747041175130211,False,False,0.0,0.9195000020554289,0.0,0.0,0.017600003047846258,0.02390000008745119
run_1790716901,312,10.399999999999974,SIMULATION,TRACKING,SEARCHING,,True,590.1310765533412,1236.8828550444987,321.60627099778685,235.94156568686094,320.5,235.5,320.5,235.5,1.191140535939101,0.0,4.527692569068709,0.9956044510756721,1,True,-2.5794677256944443,1.4966637545681398,-0.007747760416666646,-0.009219303917100704,0.9715999985928647,1029.230137348977,True,True,4.527692569068709,0.0,False,-0.2324328124999994,-0.2765791175130211,False,False,0.0,0.9715999985928647,0.0,0.0,0.015799996617715806,0.02130000211764127
run_1790716901,313,10.433333333333307,SIMULATION,TRACKING,SEARCHING,,True,589.2898285403178,1235.4440835257035,322.00466465143006,235.97788279480187,321.5,235.5,321.5,235.5,0.6950240110749222,0.0,4.743416490252569,0.9956044510756721,1,True,-2.5846946527777774,1.487381950651039,-0.0052269270833333135,-0.009281803917100703,0.9104999990086071,1098.2976398559522,True,True,4.743416490252569,0.0,False,-0.1568078124999994,-0.27845411751302107,False,False,0.0,0.9104999990086071,0.0,0.0,0.012700002116616815,0.018699996871873736
run_1790716901,314,10.46666666666664,SIMULATION,TRACKING,SEARCHING,,True,588.4605993610126,1233.9983516449938,322.0117438054582,236.0172395408283,321.5,235.5,321.5,235.5,0.7276114794456723,0.0,4.743416490252569,0.9956044510756721,1,True,-2.5899007465277775,1.4780376467339384,-0.00520609374999998,-0.009344303917100703,1.0018000029958785,998.2032311933564,True,True,4.743416490252569,0.0,False,-0.1561828124999994,-0.2803291175130211,False,False,0.0,1.0018000029958785,0.0,0.0,0.01340000017080456,0.02059999678749591
run_1790716901,315,10.499999999999973,SIMULATION,TRACKING,SEARCHING,,True,587.6434466004517,1232.5457597998357,322.0275660448974,236.05973632240625,321.5,236.5,321.5,236.5,0.6871375681310622,0.0,3.8078865529319543,0.9956044510756721,1,True,-2.595086006944444,1.4703113983723932,-0.005185260416666647,-0.007726248361545148,0.8692999981576577,1150.350859449373,True,True,3.8078865529319543,0.0,False,-0.15555781249999942,-0.23178745084635444,False,False,0.0,0.8692999981576577,0.0,0.0,0.013199998647905886,0.01979999797185883
run_1790716901,316,10.533333333333307,SIMULATION,TRACKING,SEARCHING,,True,586.8384270050267,1231.086408864079,322.05218811613906,235.83658512449688,321.5,235.5,321.5,235.5,0.6466848240354702,0.0,4.743416490252569,0.9956044510756721,1,True,-2.6002504340277772,1.4608559833441814,-0.005164427083333314,-0.009455415028211815,0.8689999958733097,1150.7479916556738,True,True,4.743416490252569,0.0,False,-0.15493281249999943,-0.28366245084635444,False,False,0.0,0.8689999958733097,0.0,0.0,0.01200000406242907,0.016699996194802225
run_1790716901,317,10.56666666666664,SIMULATION,TRACKING,SEARCHING,,True,586.0455964785522,1229.6204001809524,322.0856659229979,235.88344284588425,321.5,235.5,321.5,235.5,0.700023563475412,0.0,4.743416490252569,0.9956044510756721,1,True,-2.6053940277777774,1.4513380683159696,-0.0051435937499999815,-0.009517915028211813,1.004900004772935,995.1238881981673,True,True,4.743416490252569,0.0,False,-0.15430781249999945,-0.2855374508463544,False,False,0.0,1.004900004772935,0.0,0.0,0.012299999070819467,0.017099999240599573
run_1790716901,318,10.599999999999973,SIMULATION,TRACKING,SEARCHING,,True,585.2650100783853,1228.1478355560255,322.1280545228311,235.93374462547126,321.5,235.5,321.5,235.5,0.7632737934541141,0.0,4.743416490252569,0.9956044510756721,1,True,-2.610516788194444,1.4417576532877578,-0.005122760416666649,-0.009580415028211813,0.919999998586718,1086.956523408887,True,True,4.743416490252569,0.0,False,-0.15368281249999946,-0.2874124508463544,False,False,0.0,0.919999998586718,0.0,0.0,0.011399999493733048,0.016400001186411828
run_1790716901,319,10.633333333333306,SIMULATION,TRACKING,SEARCHING,,True,584.496722011601,1226.6688172501383,322.17940812271354,235.98759272409802,321.5,235.5,321.5,235.5,0.8362667408204546,0.0,4.743416490252569,0.9956044510756721,1,True,-2.6156187152777775,1.432114738259546,-0.005101927083333316,-0.009642915028211815,0.9015999967232347,1109.1393119281158,True,True,4.743416490252569,0.0,False,-0.15305781249999947,-0.28928745084635443,False,False,0.0,0.9015999967232347,0.0,0.0,0.01080000220099464,0.03029999788850546
run_1790716901,320,10.66666666666664,SIMULATION,TRACKING,SEARCHING,,True,583.7407856312288,1225.1834479723013,322.23978007567473,236.04508985077496,321.5,235.5,321.5,235.5,0.9189110434547919,0.0,4.743416490252569,0.9956044510756721,1,True,-2.6206998090277773,1.4224093232313342,-0.005081093749999983,-0.009705415028211815,1.0260999988531694,974.5638837517394,True,True,4.743416490252569,0.0,False,-0.1524328124999995,-0.29116245084635445,False,False,0.0,1.0260999988531694,0.0,0.0,0.014199998986441642,0.021100000594742596
run_1790716901,321,10.699999999999973,SIMULATION,TRACKING,SEARCHING,,True,582.9972534325467,1223.6918308725622,322.30922287699264,236.10633915554968,321.5,235.5,321.5,235.5,1.0111819006493996,0.0,4.743416490252569,0.9956044510756721,1,True,-2.625760069444444,1.4126414082031225,-0.0050602604166666496,-0.009767915028211815,0.9292999966419302,1076.0787728543503,True,True,4.743416490252569,0.0,False,-0.1518078124999995,-0.29303745084635446,False,False,0.0,0.9292999966419302,0.0,0.0,0.013699995179194957,0.021899999410379678
run_1790716901,322,10.733333333333306,SIMULATION,TRACKING,SEARCHING,,True,582.2661770494362,1222.1940695348414,322.3877881605488,236.17144422234287,321.5,235.5,321.5,235.5,1.113106087364636,0.0,4.743416490252569,0.9956044510756721,1,True,-2.6307994965277772,1.4028109931749106,-0.005039427083333317,-0.009830415028211813,0.9552999981679022,1046.7915858032288,True,True,4.743416490252569,0.0,False,-0.1511828124999995,-0.2949124508463544,False,False,0.0,0.9552999981679022,0.0,0.0,0.014699995517730713,0.02010000025620684
run_1790716901,323,10.766666666666639,SIMULATION,TRACKING,SEARCHING,,True,581.5476072507971,1220.690267969742,322.47552669524293,236.2405090617574,322.5,236.5,322.5,236.5,0.260642455627936,0.0,4.301162633521313,0.9956044510756721,1,True,-2.6341375347222216,1.3945986337022545,-0.0033380381944444286,-0.008212359472656259,0.9189999982481822,1088.1392839023088,True,True,4.301162633521313,0.0,False,-0.10014114583333286,-0.24637078417968777,False,False,0.0,0.9189999982481822,0.0,0.0,0.014000004739500582,0.021699997887481004
run_1790716901,324,10.799999999999972,SIMULATION,TRACKING,SEARCHING,,True,580.8415939370209,1219.1805306073234,322.30359949257786,236.04474921496376,321.5,235.5,321.5,235.5,0.9708366761072762,0.0,4.743416490252569,0.9956044510756721,1,True,-2.6391214062499992,1.3846571075629315,-0.004983871527777762,-0.009941526139322926,0.9370999978273176,1067.121974515545,True,True,4.743416490252569,0.0,False,-0.14951614583333286,-0.2982457841796878,False,False,0.0,0.9370999978273176,0.0,0.0,0.013900003978051245,0.01960000372491777
run_1790716901,325,10.833333333333306,SIMULATION,TRACKING,SEARCHING,,True,580.1481861365262,1217.6649622898512,322.40761113652763,236.11982507978337,321.5,235.5,321.5,235.5,1.0990637400430618,0.0,4.743416490252569,0.9956044510756721,1,True,-2.644084444444444,1.3746530814236086,-0.004963038194444429,-0.010004026139322926,0.8933999997680075,1119.3194540627644,True,True,4.743416490252569,0.0,False,-0.14889114583333288,-0.3001207841796878,False,False,0.0,0.8933999997680075,0.0,0.0,0.012800002878066152,0.0185999961104244
run_1790716901,326,10.866666666666639,SIMULATION,TRACKING,SEARCHING,,True,579.4674320023538,1216.1436682645165,322.5209431134664,236.1991752367403,321.5,235.5,321.5,235.5,1.2374048862863354,0.0,4.743416490252569,0.9956044510756721,1,True,-2.6490266493055548,1.3645865552842857,-0.004942204861111096,-0.010066526139322926,1.130700002249796,884.4078871586298,True,True,4.743416490252569,0.0,False,-0.1482661458333329,-0.30199578417968775,False,False,0.0,1.130700002249796,0.0,0.0,0.014099998224992305,0.020399995264597237
run_1790716901,327,10.899999999999972,SIMULATION,TRACKING,SEARCHING,,True,578.7993788088229,1214.616754176126,322.6436426977133,236.2829053306416,322.5,236.5,322.5,236.5,0.2603138875860943,0.0,4.301162633521313,0.9956044510756721,1,True,-2.652267465277777,1.3561380847005184,-0.003240815972222208,-0.008448470583767373,0.9370000043418258,1067.23585417956,True,True,4.301162633521313,0.0,False,-0.09722447916666624,-0.25345411751302116,False,False,0.0,0.9370000043418258,0.0,0.0,0.013999997463542968,0.027000001864507794
run_1790716901,328,10.933333333333305,SIMULATION,TRACKING,SEARCHING,,True,578.1440729482478,1213.084326059767,322.5068673926937,236.10223250768513,321.5,235.5,321.5,235.5,1.1732288522630918,0.0,4.743416490252569,0.9956044510756721,1,True,-2.6571541145833324,1.3459604474500844,-0.004886649305555542,-0.010177637250434036,0.8882000038283877,1125.872546374379,True,True,4.743416490252569,0.0,False,-0.14659947916666624,-0.3053291175130211,False,False,0.0,0.8882000038283877,0.0,0.0,0.011800002539530396,0.019400002202019095
run_1790716901,329,10.966666666666638,SIMULATION,TRACKING,SEARCHING,,True,577.5015599277166,1211.5464903334425,322.64621826105144,236.1928187414303,322.5,236.5,322.5,236.5,0.34020597508182104,0.0,4.301162633521313,0.9956044510756721,1,True,-2.660339374999999,1.337400865755206,-0.003185260416666653,-0.008559581694878481,0.9537999940221198,1048.4378342078378,True,True,4.301162633521313,0.0,False,-0.09555781249999959,-0.25678745084635446,False,False,0.0,0.9537999940221198,0.0,0.0,0.01170000177808106,0.018900005670730025
run_1790716901,330,10.999999999999972,SIMULATION,TRACKING,SEARCHING,,True,576.8718843659308,1210.0033537906822,322.5261843659323,236.01921526985052,322.5,235.5,322.5,235.5,0.5198750979468283,0.0,5.1478150704935,0.9956044510756721,1,True,-2.6634899131944434,1.3271121173936606,-0.0031505381944444306,-0.010288748361545148,1.135000005888287,881.057264151614,True,True,5.1478150704935,0.0,False,-0.09451614583333293,-0.30866245084635446,False,False,0.0,1.135000005888287,0.0,0.0,0.01720000000204891,0.026299996534362435
run_1790716901,331,11.033333333333305,SIMULATION,TRACKING,SEARCHING,,True,576.2550899901071,1208.455023593126,322.41347610121966,236.11708481014148,321.5,235.5,321.5,235.5,1.1023757301423185,0.0,4.743416490252569,0.9956044510756721,1,True,-2.668286284722221,1.3167608690321155,-0.004796371527777764,-0.010351248361545148,0.9333999987575226,1071.352047708518,True,True,4.743416490252569,0.0,False,-0.14389114583333293,-0.3105374508463545,False,False,0.0,0.9333999987575226,0.0,0.0,0.013799995940644294,0.018200000340584666
run_1790716901,332,11.066666666666638,SIMULATION,TRACKING,SEARCHING,,True,575.6512196329402,1206.901607263082,322.57702518849715,236.21986821794462,322.5,235.5,322.5,235.5,0.7239772999685743,0.0,5.1478150704935,0.9956044510756721,1,True,-2.67138126736111,1.3063471206705703,-0.003094982638888876,-0.01041374836154515,0.9757000007084571,1024.90519552516,True,True,5.1478150704935,0.0,False,-0.09284947916666628,-0.3124124508463545,False,False,0.0,0.9757000007084571,0.0,0.0,0.012299999070819467,0.017099999240599573
run_1790716901,333,11.099999999999971,SIMULATION,TRACKING,SEARCHING,,True,575.0603152296289,1205.3432126760601,322.48131800740816,236.32767336876987,321.5,235.5,321.5,235.5,1.2837555207415408,0.0,4.743416490252569,0.9956044510756721,1,True,-2.676122083333332,1.2958708723090253,-0.00474081597222221,-0.010476248361545148,1.0887000025832094,918.5266810207157,True,True,4.743416490252569,0.0,False,-0.14222447916666628,-0.31428745084635445,False,False,0.0,1.0887000025832094,0.0,0.0,0.009900002623908222,0.014699995517730713
run_1790716901,334,11.133333333333304,SIMULATION,TRACKING,SEARCHING,,True,574.4824178149638,1203.7799480532801,322.6619511482986,236.44060848383697,321.5,236.5,321.5,236.5,1.1634680155571997,0.0,3.8078865529319543,0.9956044510756721,1,True,-2.680842065972221,1.2870126795030357,-0.004719982638888876,-0.008858192805989594,0.8725999941816553,1146.0004660415148,True,True,3.8078865529319543,0.0,False,-0.1415994791666663,-0.2657457841796878,False,False,0.0,0.8725999941816553,0.0,0.0,0.013799995940644294,0.019299994164612144
run_1790716901,335,11.166666666666638,SIMULATION,TRACKING,SEARCHING,,True,573.9175675204776,1202.211921954157,322.8522980760347,236.28989323367227,322.5,235.5,322.5,235.5,0.8648960949033023,0.0,5.1478150704935,0.9956044510756721,1,True,-2.683860659722221,1.2764253200303795,-0.003018593749999988,-0.01058735947265626,0.880300001881551,1135.9763692634358,True,True,5.1478150704935,0.0,False,-0.09055781249999964,-0.3176207841796878,False,False,0.0,0.880300001881551,0.0,0.0,0.00839999847812578,0.013600001693703234
run_1790716901,336,11.19999999999997,SIMULATION,TRACKING,SEARCHING,,True,573.3658035716581,1200.6392432687624,322.7835091272152,236.4111920639025,321.5,236.5,321.5,236.5,1.2865778364166907,0.0,3.8078865529319543,0.9956044510756721,1,True,-2.688525086805554,1.2674560161132788,-0.004664427083333322,-0.008969303917100706,0.8526000019628555,1172.8829435817504,True,True,3.8078865529319543,0.0,False,-0.13993281249999964,-0.26907911751302116,False,False,0.0,0.8526000019628555,0.0,0.0,0.008800001523923129,0.013800003216601908
run_1790716901,337,11.233333333333304,SIMULATION,TRACKING,SEARCHING,,True,572.8271642852245,1199.0620212102613,322.9911781741149,236.26905863213756,322.5,235.5,322.5,235.5,0.9125279055416032,0.0,5.1478150704935,0.9956044510756721,1,True,-2.6914881249999985,1.2567575455295115,-0.002963038194444433,-0.010698470583767373,1.0050000055343844,995.0248701424377,True,True,5.1478150704935,0.0,False,-0.08889114583333299,-0.32095411751302116,False,False,0.0,1.0050000055343844,0.0,0.0,0.014199998986441642,0.019400002202019095
run_1790716901,338,11.266666666666637,SIMULATION,TRACKING,SEARCHING,,True,572.3016870664665,1197.4803653073297,322.93978706646794,236.39915802260884,322.5,235.5,322.5,235.5,1.0009484569418778,0.0,5.1478150704935,0.9956044510756721,1,True,-2.694416440972221,1.245996574945744,-0.002928315972222211,-0.010760970583767371,0.8917999948607758,1121.3276584018327,True,True,5.1478150704935,0.0,False,-0.08784947916666633,-0.3228291175130211,False,False,0.0,0.8917999948607758,0.0,0.0,0.009099996532313526,0.016099998902063817
run_1790716901,339,11.29999999999997,SIMULATION,TRACKING,SEARCHING,,True,571.7894084066461,1195.8943853965475,322.8960389622031,236.53493340522937,322.5,236.5,322.5,236.5,0.39757666227258726,0.0,4.301162633521313,0.9956044510756721,1,True,-2.697310034722221,1.2368536599175322,-0.0028935937499999886,-0.009142915028211818,0.8553000006941147,1169.180403587577,True,True,4.301162633521313,0.0,False,-0.08680781249999966,-0.27428745084635453,False,False,0.0,0.8553000006941147,0.0,0.0,0.008700000762473792,0.012899996363557875
run_1790716901,340,11.333333333333304,SIMULATION,TRACKING,SEARCHING,,True,571.2903638804645,1194.304191614771,322.8599694360215,236.40760602796695,322.5,235.5,322.5,235.5,0.9763845025765158,0.0,5.1478150704935,0.9956044510756721,1,True,-2.7001689062499987,1.2259815782226537,-0.0028588715277777666,-0.010872081694878483,1.004600002488587,995.4210606438463,True,True,5.1478150704935,0.0,False,-0.085766145833333,-0.3261624508463545,False,False,0.0,1.004600002488587,0.0,0.0,0.01340000017080456,0.020700004824902862
run_1790716901,341,11.366666666666637,SIMULATION,TRACKING,SEARCHING,,True,570.8045881435911,1192.709894391485,322.83161314359256,236.55284187586153,322.5,236.5,322.5,236.5,0.33579687438674455,0.0,4.301162633521313,0.9956044510756721,1,True,-2.702993055555554,1.2167275520833307,-0.0028241493055555446,-0.009254026139322927,0.8567999975639395,1167.1335233930997,True,True,4.301162633521313,0.0,False,-0.08472447916666634,-0.27762078417968783,False,False,0.0,0.8567999975639395,0.0,0.0,0.008900002285372466,0.012600001355167478
run_1790716901,342,11.39999999999997,SIMULATION,TRACKING,SEARCHING,,True,570.3321149302568,1191.111604441134,322.8110038191471,236.43519610780208,321.5,235.5,321.5,235.5,1.6103796986631747,0.0,4.743416490252569,0.9956044510756721,1,True,-2.707463038194443,1.2057443592773411,-0.004469982638888878,-0.010983192805989594,0.9513000040897168,1051.1930996540711,True,True,4.743416490252569,0.0,False,-0.13409947916666634,-0.32949578417968783,False,False,0.0,0.9513000040897168,0.0,0.0,0.01219999830937013,0.020399995264597237
run_1790716901,343,11.433333333333303,SIMULATION,TRACKING,SEARCHING,,True,569.8729770509116,1189.5094327554327,323.06706316202406,236.59033527105908,322.5,236.5,322.5,236.5,0.574213454145788,0.0,4.301162633521313,0.9956044510756721,1,True,-2.710231631944443,1.1963792220269072,-0.00276859374999999,-0.009365137250434039,0.888000002305489,1126.1261232023971,True,True,4.301162633521313,0.0,False,-0.08305781249999969,-0.2809541175130212,False,False,0.0,0.888000002305489,0.0,0.0,0.009000003046821803,0.014199998986441642
run_1790716901,344,11.466666666666637,SIMULATION,TRACKING,SEARCHING,,True,569.4272063899459,1187.9034905956605,323.06426750105845,236.4828150713563,322.5,236.5,322.5,236.5,0.5645291263728027,0.0,4.301162633521313,0.9956044510756721,1,True,-2.7129655034722204,1.186965473665362,-0.0027338715277777674,-0.009413748361545151,0.8668000009492971,1153.6686650955535,True,True,4.301162633521313,0.0,False,-0.08201614583333303,-0.2824124508463545,False,False,0.0,0.8668000009492971,0.0,0.0,0.008499999239575118,0.013199998647905886
run_1790716901,345,11.49999999999997,SIMULATION,TRACKING,SEARCHING,,True,568.9948339034763,1186.2938894849326,323.0693144590333,236.37941369847567,322.5,235.5,322.5,235.5,1.047610331340356,0.0,5.1478150704935,0.9956044510756721,1,True,-2.715664652777776,1.1758225586371502,-0.0026991493055555454,-0.011142915028211818,0.83969999832334,1190.901514822838,True,True,5.1478150704935,0.0,False,-0.08097447916666636,-0.33428745084635453,False,False,0.0,0.83969999832334,0.0,0.0,0.008800001523923129,0.013700002455152571
run_1790716901,346,11.533333333333303,SIMULATION,TRACKING,SEARCHING,,True,568.5758896171965,1184.6807412004573,323.08223406164234,236.5491318185143,323.5,236.5,323.5,236.5,0.4206451174593364,0.0,4.949747468305833,0.9956044510756721,1,True,-2.716648524305554,1.166297699164494,-0.000983871527777767,-0.009524859472656263,0.8807000049273483,1135.4604228513579,True,True,4.949747468305833,0.0,False,-0.029516145833333007,-0.2857457841796879,False,False,0.0,0.8807000049273483,0.0,0.0,0.00910000380827114,0.01219999830937013
run_1790716901,347,11.566666666666636,SIMULATION,TRACKING,SEARCHING,,True,568.170402624291,1183.0641577657727,322.83416651318134,236.45652589945462,322.5,235.5,322.5,235.5,1.0132171804994448,0.0,5.1478150704935,0.9956044510756721,1,True,-2.719264340277776,1.155043673025171,-0.002615815972222212,-0.011254026139322929,0.8508000028086826,1175.3643590723725,True,True,5.1478150704935,0.0,False,-0.07847447916666636,-0.3376207841796879,False,False,0.0,0.8508000028086826,0.0,0.0,0.008900002285372466,0.014700002793688327
run_1790716901,348,11.59999999999997,SIMULATION,TRACKING,SEARCHING,,True,567.7784010834159,1181.4442514429677,322.8606955278618,236.63726375894134,322.5,235.5,322.5,235.5,1.1930926708436835,0.0,5.1478150704935,0.9956044510756721,1,True,-2.721845434027776,1.143727146885848,-0.00258109374999999,-0.011316526139322929,0.9441999936825596,1059.0976558894158,True,True,5.1478150704935,0.0,False,-0.0774328124999997,-0.33949578417968784,False,False,0.0,0.9441999936825596,0.0,0.0,0.015199999324977398,0.021200001356191933
run_1790716901,349,11.633333333333303,SIMULATION,TRACKING,SEARCHING,,True,567.3999122167431,1179.821134724886,322.895181661189,236.82479122315135,321.5,236.5,321.5,236.5,1.4324877683087585,0.0,3.8078865529319543,0.9956044510756721,1,True,-2.7260723611111093,1.1340286763020808,-0.004226927083333323,-0.009698470583767374,0.9070000014617108,1102.5358306377193,True,True,3.8078865529319543,0.0,False,-0.1268078124999997,-0.2909541175130212,False,False,0.0,0.9070000014617108,0.0,0.0,0.01080000220099464,0.01649999467190355
run_1790716901,350,11.666666666666636,SIMULATION,TRACKING,SEARCHING,,True,567.0349623080693,1178.1949203273136,323.2065400858485,236.75033211898176,322.5,236.5,322.5,236.5,0.7495765889518338,0.0,4.301162633521313,0.9956044510756721,1,True,-2.7285978993055537,1.1242815946072022,-0.002525538194444435,-0.009747081694878484,0.9286999993491918,1076.7739858950936,True,True,4.301162633521313,0.0,False,-0.07576614583333305,-0.29241245084635453,False,False,0.0,0.9286999993491918,0.0,0.0,0.00960000033956021,0.014400000509340316
run_1790716901,351,11.699999999999969,SIMULATION,TRACKING,SEARCHING,,True,566.6835767009916,1176.565721181153,323.25924058988187,236.68066604400178,323.5,236.5,323.5,236.5,0.301007164392617,0.0,4.949747468305833,0.9956044510756721,1,True,-2.7294081597222206,1.1144859018012125,-0.0008102604166666564,-0.009795692805989596,0.8336999962921254,1199.472237552468,True,True,4.949747468305833,0.0,False,-0.024307812499999693,-0.29387078417968787,False,False,0.0,0.8336999962921254,0.0,0.0,0.00910000380827114,0.012999997125007212
run_1790716901,352,11.733333333333302,SIMULATION,TRACKING,SEARCHING,,True,566.3457797971471,1174.9336504245787,323.05108535270404,236.61590613638577,322.5,236.5,322.5,236.5,0.5631423429443118,0.0,4.301162633521313,0.9956044510756721,1,True,-2.7318503645833316,1.1046415978841118,-0.0024422048611111016,-0.009844303917100707,0.840300002892036,1190.0511681046403,True,True,4.301162633521313,0.0,False,-0.07326614583333305,-0.2953291175130212,False,False,0.0,0.840300002892036,0.0,0.0,0.008800001523923129,0.013700002455152571
run_1790716901,353,11.766666666666636,SIMULATION,TRACKING,SEARCHING,,True,566.0215950545182,1173.2988213951817,323.1176533878529,236.5561657337248,322.5,235.5,322.5,235.5,1.2235120614937267,0.0,5.1478150704935,0.9956044510756721,1,True,-2.7342578472222203,1.0930681273003444,-0.0024074826388888796,-0.011573470583767374,0.8445999992545694,1183.9924234934692,True,True,5.1478150704935,0.0,False,-0.07222447916666638,-0.3472041175130212,False,False,0.0,0.8445999992545694,0.0,0.0,0.011299998732283711,0.014999997802078724
run_1790716901,354,11.799999999999969,SIMULATION,TRACKING,SEARCHING,,True,565.7110449858042,1171.6613476220991,323.1923005413611,236.77044725404494,322.5,236.5,322.5,236.5,0.7432508034232385,0.0,4.301162633521313,0.9956044510756721,1,True,-2.736630607638887,1.0831127122721327,-0.002372760416666657,-0.009955415028211819,0.8413999967160635,1188.4953695067072,True,True,4.301162633521313,0.0,False,-0.07118281249999972,-0.29866245084635457,False,False,0.0,0.8413999967160635,0.0,0.0,0.014500001270789653,0.02300000051036477
run_1790716901,355,11.833333333333302,SIMULATION,TRACKING,SEARCHING,,True,565.4141511568571,1170.021342818129,323.27504837908066,236.7233088545886,322.5,236.5,322.5,236.5,0.8065772340285995,0.0,4.301162633521313,0.9956044510756721,1,True,-2.7389686458333315,1.0731086861328099,-0.002338038194444435,-0.01000402613932293,0.89079999452224,1122.5864460588898,True,True,4.301162633521313,0.0,False,-0.07014114583333306,-0.3001207841796879,False,False,0.0,0.89079999452224,0.0,0.0,0.009200004569720477,0.013999997463542968
run_1790716901,356,11.866666666666635,SIMULATION,TRACKING,SEARCHING,,True,565.1309341851847,1168.3789208718347,323.3659175185194,236.68153109058608,322.5,235.5,322.5,235.5,1.464864794750795,0.0,5.1478150704935,0.9956044510756721,1,True,-2.7412719618055537,1.0613754933268202,-0.002303315972222213,-0.011733192805989596,0.8774000016273931,1139.7310213644969,True,True,5.1478150704935,0.0,False,-0.0690994791666664,-0.3519957841796879,False,False,0.0,0.8774000016273931,0.0,0.0,0.013100005162414163,0.018499995348975062
run_1790716901,357,11.899999999999968,SIMULATION,TRACKING,SEARCHING,,True,564.8614137385184,1166.734195839636,323.46492762740866,236.91411690734571,323.5,236.5,323.5,236.5,0.41559942765692726,0.0,4.949747468305833,0.9956044510756721,1,True,-2.741859999999998,1.0512603560763862,-0.0005880381944444347,-0.01011513725043404,1.0069999989354983,993.0486604340635,True,True,4.949747468305833,0.0,False,-0.01764114583333304,-0.3034541175130212,False,False,0.0,1.0069999989354983,0.0,0.0,0.012800002878066152,0.01960000372491777
run_1790716901,358,11.933333333333302,SIMULATION,TRACKING,SEARCHING,,True,564.6056085334476,1165.087281937888,323.3032085334489,236.88562496566738,323.5,236.5,323.5,236.5,0.4329359022456878,0.0,4.949747468305833,0.9956044510756721,1,True,-2.7423994270833316,1.0410966077148411,-0.0005394270833333233,-0.010163748361545152,1.0344999973312952,966.6505583177429,True,True,4.949747468305833,0.0,False,-0.0161828124999997,-0.30491245084635454,False,False,0.0,1.0344999973312952,0.0,0.0,0.012500000593718141,0.019099999917671084
run_1790716901,359,11.966666666666635,SIMULATION,TRACKING,SEARCHING,,True,564.3635363341199,1163.4382935349497,323.1474446674546,236.8628363005762,322.5,235.5,322.5,235.5,1.5088099216215305,0.0,5.1478150704935,0.9956044510756721,1,True,-2.744570798611109,1.0292036926866293,-0.0021713715277777686,-0.011892915028211819,1.029200000630226,971.6284486860227,True,True,5.1478150704935,0.0,False,-0.06514114583333305,-0.35678745084635455,False,False,0.0,1.029200000630226,0.0,0.0,0.012099997547920793,0.020200001017656177
run_1790716901,360,11.999999999999968,SIMULATION,TRACKING,SEARCHING,,True,564.1352139510072,1161.7873451432422,323.26654172878636,237.1147543133825,322.5,236.5,322.5,236.5,0.9826032199179722,0.0,4.301162633521313,0.9956044510756721,1,True,-2.746707447916665,1.018928833213973,-0.002136649305555546,-0.010274859472656264,1.0441999984323047,957.6709457013371,True,True,4.301162633521313,0.0,False,-0.06409947916666639,-0.3082457841796879,False,False,0.0,1.0441999984323047,0.0,0.0,0.009700001101009548,0.015199999324977398
run_1790716901,361,12.033333333333301,SIMULATION,TRACKING,SEARCHING,,True,563.9206572397391,1160.1345514112957,323.393848906407,237.10593809706097,322.5,236.5,322.5,236.5,1.0798735319262567,0.0,4.301162633521313,0.9956044510756721,1,True,-2.7488093749999982,1.0086053626302056,-0.002101927083333324,-0.010323470583767374,0.8524000004399568,1173.158141111991,True,True,4.301162633521313,0.0,False,-0.06305781249999973,-0.30970411751302124,False,False,0.0,0.8524000004399568,0.0,0.0,0.00979999458650127,0.013300006685312837
run_1790716901,362,12.066666666666634,SIMULATION,TRACKING,SEARCHING,,True,563.7198811000007,1158.4800271157883,323.52938110000207,237.10316909495646,323.5,236.5,323.5,236.5,0.6038842655243819,0.0,4.949747468305833,0.9956044510756721,1,True,-2.749196024305554,0.9982332809353271,-0.0003866493055555457,-0.010372081694878486,0.9365000005345792,1067.8056587604626,True,True,4.949747468305833,0.0,False,-0.011599479166666371,-0.3111624508463546,False,False,0.0,0.9365000005345792,0.0,0.0,0.013600001693703234,0.02179999864893034
run_1790716901,363,12.099999999999968,SIMULATION,TRACKING,SEARCHING,,True,563.5328994744989,1156.823887153576,323.4042633633891,237.10656220392457,323.5,236.5,323.5,236.5,0.6140710144758513,0.0,4.949747468305833,0.9956044510756721,1,True,-2.749534062499998,0.9878125881293376,-0.0003380381944444344,-0.010420692805989597,0.9284999978262931,1077.0059260539529,True,True,4.949747468305833,0.0,False,-0.010141145833333032,-0.3126207841796879,False,False,0.0,0.9284999978262931,0.0,0.0,0.009300005331169814,0.014500001270789653
run_1790716901,364,12.1333333333333,SIMULATION,TRACKING,SEARCHING,,True,563.3597253479938,1155.1662465337126,323.28517534799516,237.1162324330196,322.5,236.5,322.5,236.5,0.9981196013527577,0.0,4.301162633521313,0.9956044510756721,1,True,-2.751504045138887,0.9773432842122369,-0.0019699826388888796,-0.010469303917100709,0.9127000012085773,1095.6502669834797,True,True,4.301162633521313,0.0,False,-0.059099479166666385,-0.31407911751302126,False,False,0.0,0.9127000012085773,0.0,0.0,0.016400001186411828,0.02130000211764127
run_1790716901,365,12.166666666666634,SIMULATION,TRACKING,SEARCHING,,True,563.2003707463966,1153.5072203694638,323.44101796862014,237.1322948955069,322.5,237.5,322.5,237.5,1.0103078051446812,0.0,3.5355339059327378,0.9956044510756721,1,True,-2.7534393055555535,0.9685059247395806,-0.0019352604166666574,-0.008837359472656263,1.2251000007381663,816.2598966594273,True,True,3.5355339059327378,0.0,False,-0.05805781249999972,-0.2651207841796879,False,False,0.0,1.2251000007381663,0.0,0.0,0.0092999980552122,0.014000004739500582
run_1790716901,366,12.199999999999967,SIMULATION,TRACKING,SEARCHING,,True,563.0548467359351,1151.8469238703133,323.6051356248254,236.8859759119814,323.5,236.5,323.5,236.5,0.40003862843143007,0.0,4.949747468305833,0.9956044510756721,1,True,-2.7536592881944424,0.9579532874891465,-0.0002199826388888789,-0.010552637250434042,0.9550999966450036,1047.0107878889305,True,True,4.949747468305833,0.0,False,-0.006599479166666367,-0.31657911751302126,False,False,0.0,0.9550999966450036,0.0,0.0,0.008800001523923129,0.01309999788645655
run_1790716901,367,12.2333333333333,SIMULATION,TRACKING,SEARCHING,,True,562.9231634223851,1150.1854723339618,323.50864953349753,236.91294633569942,323.5,236.5,323.5,236.5,0.41303691190655123,0.0,4.949747468305833,0.9956044510756721,1,True,-2.75383065972222,0.9473520391276014,-0.00017137152777776758,-0.010601248361545154,0.8669000017107464,1153.5355842964507,True,True,4.949747468305833,0.0,False,-0.005141145833333027,-0.3180374508463546,False,False,0.0,0.8669000017107464,0.0,0.0,0.008600000001024455,0.012500000593718141
run_1790716901,368,12.266666666666634,SIMULATION,TRACKING,SEARCHING,,True,562.8053299503679,1148.5229811383208,323.4182355059248,236.94665487790576,323.5,236.5,323.5,236.5,0.454077099674027,0.0,4.949747468305833,0.9956044510756721,1,True,-2.753953420138887,0.9367021796549451,-0.00012276041666665628,-0.010649859472656264,0.8468000014545396,1180.9163890910609,True,True,4.949747468305833,0.0,False,-0.003682812499999688,-0.31949578417968794,False,False,0.0,0.8468000014545396,0.0,0.0,0.008700000762473792,0.012500000593718141
run_1790716901,369,12.299999999999967,SIMULATION,TRACKING,SEARCHING,,True,562.7013545027163,1146.859565733499,323.3339017249399,236.98721698870895,323.5,236.5,323.5,236.5,0.5147514264813275,0.0,4.949747468305833,0.9956044510756721,1,True,-2.7540275694444425,0.9260037090711777,-7.414930555554496e-05,-0.010698470583767376,0.8452000038232654,1183.1519113541128,True,True,4.949747468305833,0.0,False,-0.002224479166666349,-0.3209541175130213,False,False,0.0,0.8452000038232654,0.0,0.0,0.012099997547920793,0.017600003047846258
run_1790716901,370,12.3333333333333,SIMULATION,TRACKING,SEARCHING,,True,562.6112442999057,1145.1953416337874,323.2556554110182,237.0347481824001,323.5,236.5,323.5,236.5,0.5879284792769429,0.0,4.949747468305833,0.9956044510756721,1,True,-2.754053107638887,0.9152566273762992,-2.5538194444433653e-05,-0.010747081694878487,0.8811999941826798,1134.816167273705,True,True,4.949747468305833,0.0,False,-0.0007661458333330096,-0.3224124508463546,False,False,0.0,0.8811999941826798,0.0,0.0,0.010099996870849282,0.013199998647905886
run_1790716901,371,12.366666666666633,SIMULATION,TRACKING,SEARCHING,,True,562.535005599553,1143.5304244096346,323.18350282177653,237.089364029428,323.5,237.5,323.5,237.5,0.5184518918386067,0.0,4.301162633521313,0.9956044510756721,1,True,-2.7540300347222204,0.9061414901258652,2.3072916666677655e-05,-0.009115137250434042,0.9443000017199665,1058.9854899699042,True,True,4.301162633521313,0.0,False,0.0006921875000003297,-0.2734541175130213,False,False,0.0,0.9443000017199665,0.0,0.0,0.009800001862458885,0.014700002793688327
run_1790716901,372,12.399999999999967,SIMULATION,TRACKING,SEARCHING,,True,562.4726436959813,1141.8649296796234,323.11744925153823,236.88229125948624,322.5,236.5,322.5,236.5,0.7262163488277424,0.0,4.301162633521313,0.9956044510756721,1,True,-2.755638906249998,0.8953110750976534,-0.0016088715277777675,-0.010830415028211821,0.8492999986629002,1177.4402467612802,True,True,4.301162633521313,0.0,False,-0.048266145833333024,-0.3249124508463546,False,False,0.0,0.8492999986629002,0.0,0.0,0.009199997293762863,0.012600001355167478
run_1790716901,373,12.4333333333333,SIMULATION,TRACKING,SEARCHING,,True,562.4241629198539,1140.1989731024407,323.32638791985516,236.94920108681754,322.5,236.5,322.5,236.5,0.9405841857487315,0.0,4.301162633521313,0.9956044510756721,1,True,-2.7572130555555536,0.8844320489583305,-0.0015741493055555454,-0.010879026139322932,0.8999999990919605,1111.1111122321474,True,True,4.301162633521313,0.0,False,-0.04722447916666636,-0.32637078417968796,False,False,0.0,0.8999999990919605,0.0,0.0,0.008499999239575118,0.013199998647905886
run_1790716901,374,12.466666666666633,SIMULATION,TRACKING,SEARCHING,,True,562.3895666378714,1138.532670368846,323.54365552676165,237.02354253551448,322.5,236.5,322.5,236.5,1.1676102282153389,0.0,4.301162633521313,0.9956044510756721,1,True,-2.758752482638887,0.8735044117078965,-0.0015394270833333232,-0.010927637250434044,0.8797000045888126,1136.751159240266,True,True,4.301162633521313,0.0,False,-0.0461828124999997,-0.3278291175130213,False,False,0.0,0.8797000045888126,0.0,0.0,0.00809999619377777,0.012899996363557875
run_1790716901,375,12.499999999999966,SIMULATION,TRACKING,SEARCHING,,True,562.3688572525398,1136.8661371936373,323.76925447476333,237.10543132037515,322.5,236.5,322.5,236.5,1.4062553130203377,0.0,4.301162633521313,0.9956044510756721,1,True,-2.760257187499998,0.8625281633463513,-0.0015047048611111012,-0.010976248361545154,0.8655999990878627,1155.2680233985247,True,True,4.301162633521313,0.0,False,-0.045141145833333035,-0.32928745084635463,False,False,0.0,0.8655999990878627,0.0,0.0,0.01049999991664663,0.013299999409355223
run_1790716901,376,12.5333333333333,SIMULATION,TRACKING,SEARCHING,,True,562.3620362020023,1135.1994893076153,324.0031862020036,237.1949831722004,323.5,236.5,323.5,236.5,0.8580197920377637,0.0,4.949747468305833,0.9956044510756721,1,True,-2.7600466145833313,0.851503303873695,0.00021057291666667737,-0.011024859472656266,0.9015999967232347,1109.1393119281158,True,True,4.949747468305833,0.0,False,0.006317187500000321,-0.330745784179688,False,False,0.0,0.9015999967232347,0.0,0.0,0.025200002710334957,0.01340000017080456
run_1790716901,377,12.566666666666633,SIMULATION,TRACKING,SEARCHING,,True,562.3691039599403,1133.5328424495467,323.9765622932749,237.29231382975672,323.5,237.5,323.5,237.5,0.5198510985674402,0.0,4.301162633521313,0.9956044510756721,1,True,-2.7597874305555536,0.8421103888454832,0.00025918402777778867,-0.00939291502821182,0.9012000009533949,1109.6316011341355,True,True,4.301162633521313,0.0,False,0.00777552083333366,-0.2817874508463546,False,False,0.0,0.9012000009533949,0.0,0.0,0.016199999663513154,0.017600003047846258
run_1790716901,378,12.599999999999966,SIMULATION,TRACKING,SEARCHING,,True,562.3900600355403,1131.866312358127,323.95604892443043,237.12865014285103,323.5,236.5,323.5,236.5,0.7766476830460352,0.0,4.949747468305833,0.9956044510756721,1,True,-2.759479635416665,0.8310021960394935,0.0003077951388889,-0.011108192805989599,0.9535999997751787,1048.6577183680374,True,True,4.949747468305833,0.0,False,0.009233854166667,-0.333245784179688,False,False,0.0,0.9535999997751787,0.0,0.0,0.008900002285372466,0.01309999788645655
run_1790716901,379,12.633333333333299,SIMULATION,TRACKING,SEARCHING,,True,562.4249029735273,1130.2000147639426,323.94164464019525,237.23966339762478,323.5,236.5,323.5,236.5,0.8614824026055478,0.0,4.949747468305833,0.9956044510756721,1,True,-2.759123229166665,0.8198453921223928,0.0003564062500000113,-0.011156803917100711,0.9179999979096465,1089.3246212168558,True,True,4.949747468305833,0.0,False,0.010692187500000339,-0.3347041175130213,False,False,0.0,0.9179999979096465,0.0,0.0,0.016699996194802225,0.014299999747890979
run_1790716901,380,12.666666666666632,SIMULATION,TRACKING,SEARCHING,,True,562.4736303542672,1128.5340653814349,323.93334702093523,237.35880264185312,322.5,237.5,322.5,237.5,1.4402848247383424,0.0,3.5355339059327378,0.9956044510756721,1,True,-2.7603987673611092,0.8103205326497366,-0.0012755381944444338,-0.009524859472656267,0.9034000031533651,1106.9293740418946,True,True,3.5355339059327378,0.0,False,-0.038266145833333015,-0.285745784179688,False,False,0.0,0.9034000031533651,0.0,0.0,0.01219999830937013,0.01769999653333798
run_1790716901,381,12.699999999999966,SIMULATION,TRACKING,SEARCHING,,True,562.5362387939335,1126.8685799008633,324.20004157171263,237.21729467690648,324.5,236.5,324.5,236.5,0.7774874354090842,0.0,5.70087712549569,0.9956044510756721,1,True,-2.7582784722222202,0.7990803953993025,0.0021202951388888994,-0.011240137250434044,0.9701999952085316,1030.715321519934,True,True,5.70087712549569,0.0,False,0.06360885416666698,-0.3372041175130213,False,False,0.0,0.9701999952085316,0.0,0.0,0.01200000406242907,0.017599995771888644
run_1790716901,382,12.733333333333299,SIMULATION,TRACKING,SEARCHING,,True,562.6127239447432,1125.2036739802727,323.93727950030006,237.35081071638524,323.5,236.5,323.5,236.5,0.9566045350606696,0.0,4.949747468305833,0.9956044510756721,1,True,-2.757776232638887,0.7877916470377574,0.0005022395833333443,-0.011288748361545154,1.1250999959884211,888.8098867349844,True,True,4.949747468305833,0.0,False,0.015067187500000329,-0.33866245084635466,False,False,0.0,1.1250999959884211,0.0,0.0,0.009199997293762863,0.01460000203223899
run_1790716901,383,12.766666666666632,SIMULATION,TRACKING,SEARCHING,,True,562.7030804952581,1123.5394632374605,323.9472777174816,237.49279971142028,323.5,237.5,323.5,237.5,0.44733566894579174,0.0,4.301162633521313,0.9956044510756721,1,True,-2.7572253819444428,0.7781348431206567,0.0005508506944444556,-0.00965680391710071,0.8367000045836903,1195.171500563767,True,True,4.301162633521313,0.0,False,0.016525520833333668,-0.2897041175130213,False,False,0.0,0.8367000045836903,0.0,0.0,0.008700000762473792,0.013899996702093631
run_1790716901,384,12.799999999999965,SIMULATION,TRACKING,SEARCHING,,True,562.807302170754,1121.8760632419487,323.96336328186646,237.37448834264455,323.5,236.5,323.5,236.5,0.9896642826753317,0.0,4.949747468305833,0.9956044510756721,1,True,-2.7566259201388874,0.7667627614257783,0.0005994618055555669,-0.011372081694878489,1.2109000017517246,825.8320245712856,True,True,4.949747468305833,0.0,False,0.017983854166667007,-0.34116245084635466,False,False,0.0,1.2109000017517246,0.0,0.0,0.013299999409355223,0.02040000254055485
run_1790716901,385,12.833333333333298,SIMULATION,TRACKING,SEARCHING,,True,562.9253817336566,1120.213589506957,323.9855289558802,237.53154767883348,323.5,236.5,323.5,236.5,1.1401004257103302,0.0,4.949747468305833,0.9956044510756721,1,True,-2.755977847222221,0.7553420686197887,0.0006480729166666782,-0.0114206928059896,0.8569999990868382,1166.8611447672497,True,True,4.949747468305833,0.0,False,0.019442187500000346,-0.342620784179688,False,False,0.0,0.8569999990868382,0.0,0.0,0.009099996532313526,0.013000004400964826
run_1790716901,386,12.866666666666632,SIMULATION,TRACKING,SEARCHING,,True,563.0573109840436,1118.5521574813827,324.0137665396005,237.69742650221747,323.5,237.5,323.5,237.5,0.5503937508646938,0.0,4.301162633521313,0.9956044510756721,1,True,-2.755281163194443,0.7455533202582435,0.0006966840277777895,-0.009788748361545155,0.8735000010346994,1144.819689542594,True,True,4.301162633521313,0.0,False,0.020900520833333686,-0.2936624508463547,False,False,0.0,0.8735000010346994,0.0,0.0,0.012399999832268804,0.0225000039790757
run_1790716901,387,12.899999999999965,SIMULATION,TRACKING,SEARCHING,,True,563.2030807602147,1116.8918825417816,324.04806687132714,237.6033513004636,323.5,237.5,323.5,237.5,0.5577264443737934,0.0,4.301162633521313,0.9956044510756721,1,True,-2.754535868055554,0.7357298496744761,0.0007452951388889008,-0.009823470583767376,0.83710000035353,1194.600405659626,True,True,4.301162633521313,0.0,False,0.022358854166667025,-0.2947041175130213,False,False,0.0,0.83710000035353,0.0,0.0,0.009999996109399945,0.013699995179194957
run_1790716901,388,12.933333333333298,SIMULATION,TRACKING,SEARCHING,,True,563.3626809393271,1115.2328799843576,324.0884198282173,237.51610403644236,323.5,236.5,323.5,236.5,1.1741828252507038,0.0,4.949747468305833,0.9956044510756721,1,True,-2.7537419618055536,0.724191101312931,0.0007939062500000122,-0.011538748361545155,0.9325999999418855,1072.271070193346,True,True,4.949747468305833,0.0,False,0.023817187500000364,-0.34616245084635466,False,False,0.0,0.9325999999418855,0.0,0.0,0.012600001355167478,0.025099994672928005
run_1790716901,389,12.966666666666631,SIMULATION,TRACKING,SEARCHING,,True,563.5361004380993,1113.575265016955,324.1348143269895,237.7046888068869,324.5,237.5,324.5,237.5,0.41863836832870194,0.0,5.1478150704935,0.9956044510756721,1,True,-2.751218888888887,0.7142842973958302,0.002523072916666678,-0.009906803917100712,0.8195999980671331,1220.107372325897,True,True,5.1478150704935,0.0,False,0.07569218750000034,-0.29720411751302134,False,False,0.0,0.8195999980671331,0.0,0.0,0.008999995770864189,0.013300006685312837
run_1790716901,390,12.999999999999964,SIMULATION,TRACKING,SEARCHING,,True,563.7233272135802,1111.9191527510577,323.91834943580375,237.63366516772567,323.5,237.5,323.5,237.5,0.4391840474111563,0.0,4.301162633521313,0.9956044510756721,1,True,-2.750313871527776,0.7043427712565072,0.000905017361111123,-0.00994152613932293,0.8964000007836148,1115.5734037548195,True,True,4.301162633521313,0.0,False,0.02715052083333369,-0.29824578417968794,False,False,0.0,0.8964000007836148,0.0,0.0,0.008299997716676444,0.01309999788645655
run_1790716901,391,13.033333333333298,SIMULATION,TRACKING,SEARCHING,,True,563.9243482639857,1110.2646581937968,323.97456770843155,237.56981479275646,323.5,236.5,323.5,236.5,1.170349606180359,0.0,4.949747468305833,0.9956044510756721,1,True,-2.7493602430555537,0.6926859673394066,0.0009536284722222343,-0.011656803917100712,1.4388999989023432,694.9753289060006,True,True,4.949747468305833,0.0,False,0.02860885416666703,-0.34970411751302133,False,False,0.0,1.4388999989023432,0.0,0.0,0.015600002370774746,0.025600005756132305
run_1790716901,392,13.066666666666631,SIMULATION,TRACKING,SEARCHING,,True,564.1391496296014,1108.6118962399626,324.0367885184917,237.78214146565847,323.5,237.5,323.5,237.5,0.6064204154119462,0.0,4.301162633521313,0.9956044510756721,1,True,-2.7483580034722204,0.6826611078667503,0.0010022395833333456,-0.010024859472656267,1.2614000006578863,792.7699377504737,True,True,4.301162633521313,0.0,False,0.03006718750000037,-0.300745784179688,False,False,0.0,1.2614000006578863,0.0,0.0,0.01069999416358769,0.015300000086426735
run_1790716901,393,13.099999999999964,SIMULATION,TRACKING,SEARCHING,,True,564.3677163937521,1106.9609816640266,324.104996949309,237.73520440534753,323.5,237.5,323.5,237.5,0.6491089438361479,0.0,4.301162633521313,0.9956044510756721,1,True,-2.747307152777776,0.6726015261718717,0.0010508506944444569,-0.010059581694878486,0.8696999939274974,1149.821785652864,True,True,4.301162633521313,0.0,False,0.03152552083333371,-0.3017874508463546,False,False,0.0,0.8696999939274974,0.0,0.0,0.013299999409355223,0.018500002624932677
run_1790716901,394,13.133333333333297,SIMULATION,TRACKING,SEARCHING,,True,564.6100326838377,1105.312029112171,324.1791771282835,237.69578492467258,324.5,236.5,324.5,236.5,1.2380746750865281,0.0,5.70087712549569,0.9956044510756721,1,True,-2.7445271354166647,0.6608266666992155,0.002780017361111123,-0.011774859472656267,0.9621999997762032,1039.2849721810317,True,True,5.70087712549569,0.0,False,0.08340052083333369,-0.353245784179688,False,False,0.0,0.9621999997762032,0.0,0.0,0.013799995940644294,0.0208000055863522
run_1790716901,395,13.16666666666663,SIMULATION,TRACKING,SEARCHING,,True,564.8660816724355,1103.6651530943268,323.9904233391035,237.9328864224533,323.5,237.5,323.5,237.5,0.6541450193052077,0.0,4.301162633521313,0.9956044510756721,1,True,-2.7433651736111093,0.6506837516710037,0.0011619618055555678,-0.010142915028211822,1.4228000000002794,702.8394714645794,True,True,4.301162633521313,0.0,False,0.034858854166667036,-0.30428745084635467,False,False,0.0,1.4228000000002794,0.0,0.0,0.010200004908256233,0.01649999467190355
run_1790716901,396,13.199999999999964,SIMULATION,TRACKING,SEARCHING,,True,565.1358455784684,1102.0204679762226,324.07427335624755,237.9110677088629,323.5,237.5,323.5,237.5,0.706234061034736,0.0,4.301162633521313,0.9956044510756721,1,True,-2.742154600694443,0.6405061144205696,0.0012105729166666792,-0.010177637250434043,1.1298999961582012,885.0340768210663,True,True,4.301162633521313,0.0,False,0.036317187500000375,-0.3053291175130213,False,False,0.0,1.1298999961582012,0.0,0.0,0.014400000509340316,0.022899999748915434
run_1790716901,397,13.233333333333297,SIMULATION,TRACKING,SEARCHING,,True,565.4193056684406,1100.3780879714413,324.16404177955303,237.89710966415123,323.5,237.5,323.5,237.5,0.7737231871633804,0.0,4.301162633521313,0.9956044510756721,1,True,-2.7408954166666653,0.6302937549479133,0.0012591840277777905,-0.010212359472656266,1.1493999991216697,870.0191410859268,True,True,4.301162633521313,0.0,False,0.037775520833333714,-0.306370784179688,False,False,0.0,1.1493999991216697,0.0,0.0,0.012500000593718141,0.019899998733308166
run_1790716901,398,13.26666666666663,SIMULATION,TRACKING,SEARCHING,,True,565.7164422577373,1098.7381271334903,324.25970892440523,237.89112634182516,324.5,237.5,324.5,237.5,0.4590420637371046,0.0,5.1478150704935,0.9956044510756721,1,True,-2.737907065972221,0.6200466732530348,0.0029883506944444562,-0.010247081694878486,0.9376000016345643,1066.5528991645167,True,True,5.1478150704935,0.0,False,0.08965052083333369,-0.3074124508463546,False,False,0.0,0.9376000016345643,0.0,0.0,0.013199998647905886,0.02239999594166875
run_1790716901,399,13.299999999999963,SIMULATION,TRACKING,SEARCHING,,True,566.0272347119926,1097.1006993478795,324.09236526754944,237.89323162739493,323.5,237.5,323.5,237.5,0.7110047278201324,0.0,4.301162633521313,0.9956044510756721,1,True,-2.736536770833332,0.609764869335934,0.0013702951388889014,-0.01028180391710071,0.8878000007825904,1126.3798142808132,True,True,4.301162633521313,0.0,False,0.04110885416666704,-0.3084541175130213,False,False,0.0,0.8878000007825904,0.0,0.0,0.009300005331169814,0.014899997040629387
run_1790716901,400,13.333333333333297,SIMULATION,TRACKING,SEARCHING,,True,566.351661448522,1095.465918324214,324.19754478185666,237.90353923046564,323.5,236.5,323.5,236.5,1.567319716634593,0.0,4.949747468305833,0.9956044510756721,1,True,-2.735117864583332,0.5977677876410555,0.0014189062500000126,-0.011997081694878488,0.9066999991773628,1102.9006296540058,True,True,4.949747468305833,0.0,False,0.04256718750000038,-0.35991245084635465,False,False,0.0,0.9066999991773628,0.0,0.0,0.008800001523923129,0.01219999830937013
run_1790716901,401,13.36666666666663,SIMULATION,TRACKING,SEARCHING,,True,566.6896999378215,1093.8338975882966,324.30855827115613,238.19105156572869,324.5,237.5,324.5,237.5,0.7170789371044146,0.0,5.1478150704935,0.9956044510756721,1,True,-2.731969791666665,0.5874026503906215,0.0031480729166666784,-0.010365137250434042,0.891399999090936,1121.830829055212,True,True,5.1478150704935,0.0,False,0.09444218750000036,-0.31095411751302127,False,False,0.0,0.891399999090936,0.0,0.0,0.00839999847812578,0.012399999832268804
run_1790716901,402,13.399999999999963,SIMULATION,TRACKING,SEARCHING,,True,567.041326705132,1092.204750474245,324.1564933717999,238.22032641174656,323.5,237.5,323.5,237.5,0.974604374439641,0.0,4.301162633521313,0.9956044510756721,1,True,-2.730439774305554,0.5770027909179651,0.0015300173611111235,-0.010399859472656266,0.8874999984982423,1126.7605652868972,True,True,4.301162633521313,0.0,False,0.04590052083333371,-0.311995784179688,False,False,0.0,0.8874999984982423,0.0,0.0,0.008600000001024455,0.015199999324977398
run_1790716901,403,13.433333333333296,SIMULATION,TRACKING,SEARCHING,,True,567.4065173320689,1090.5785901166205,324.2768812209591,238.25814356974706,323.5,238.5,323.5,238.5,0.8136577685572949,0.0,3.8078865529319543,0.9956044510756721,1,True,-2.728861145833332,0.5682487647786422,0.001578628472222235,-0.008754026139322931,1.02599999809172,974.658871208501,True,True,3.8078865529319543,0.0,False,0.04735885416666705,-0.2626207841796879,False,False,0.0,1.02599999809172,0.0,0.0,0.008999995770864189,0.012600001355167478
run_1790716901,404,13.46666666666663,SIMULATION,TRACKING,SEARCHING,,True,567.7852464583191,1088.9555294425722,324.4030297916537,238.0357270779905,324.5,237.5,324.5,237.5,0.5444324782734319,0.0,5.1478150704935,0.9956044510756721,1,True,-2.725553350694443,0.5577933497504304,0.003307795138888901,-0.01045541502821182,1.0557999994489364,947.1490817597455,True,True,5.1478150704935,0.0,False,0.09923385416666702,-0.3136624508463546,False,False,0.0,1.0557999994489364,0.0,0.0,0.008900002285372466,0.014500001270789653
run_1790716901,405,13.499999999999963,SIMULATION,TRACKING,SEARCHING,,True,568.1774877834008,1087.3356811639949,324.2660238945132,238.08874520392692,323.5,237.5,323.5,237.5,0.9661332838237655,0.0,4.301162633521313,0.9956044510756721,1,True,-2.7238636111111094,0.5473032124999964,0.0016897395833333458,-0.010490137250434043,0.9759000022313558,1024.6951508490015,True,True,4.301162633521313,0.0,False,0.050692187500000374,-0.3147041175130213,False,False,0.0,0.9759000022313558,0.0,0.0,0.008999995770864189,0.015099998563528061
run_1790716901,406,13.533333333333296,SIMULATION,TRACKING,SEARCHING,,True,568.583214068491,1085.719157769701,324.40139184627003,238.15064376970258,324.5,237.5,324.5,237.5,0.6580736152094394,0.0,5.1478150704935,0.9956044510756721,1,True,-2.7204447048611096,0.5367783530273401,0.003418906250000012,-0.010524859472656264,0.9576000011293218,1044.2773588352911,True,True,5.1478150704935,0.0,False,0.10256718750000036,-0.3157457841796879,False,False,0.0,0.9576000011293218,0.0,0.0,0.010299998393747956,0.015199999324977398
run_1790716901,407,13.56666666666663,SIMULATION,TRACKING,SEARCHING,,True,569.002397138316,1084.1060715176104,324.27354991609513,238.22153503323693,323.5,237.5,323.5,237.5,1.0578243128606053,0.0,4.301162633521313,0.9956044510756721,1,True,-2.718643854166665,0.5262187713324616,0.0018008506944444571,-0.010559581694878487,0.989699998172,1010.4071959654686,True,True,4.301162633521313,0.0,False,0.054025520833333715,-0.3167874508463546,False,False,0.0,0.989699998172,0.0,0.0,0.01219999830937013,0.017099999240599573
run_1790716901,408,13.599999999999962,SIMULATION,TRACKING,SEARCHING,,True,569.4350078831092,1082.496534426953,324.4180245497771,238.30153101376004,323.5,237.5,323.5,237.5,1.2186964511364788,0.0,4.301162633521313,0.9956044510756721,1,True,-2.7167943923611095,0.5156244674153609,0.0018494618055555684,-0.010594303917100707,1.0132000024896115,986.9719675708875,True,True,4.301162633521313,0.0,False,0.055483854166667054,-0.31782911751302123,False,False,0.0,1.0132000024896115,0.0,0.0,0.009499999578110874,0.013900003978051245
run_1790716901,409,13.633333333333296,SIMULATION,TRACKING,SEARCHING,,True,569.8810162606312,1080.8906582704913,324.56811903841026,238.39074348403437,324.5,238.5,324.5,238.5,0.12875243560758556,0.0,4.743416490252569,0.9956044510756721,1,True,-2.713215763888887,0.5066759968315936,0.0035786284722222348,-0.008948470583767376,0.8871000027284026,1127.2686246470041,True,True,4.743416490252569,0.0,False,0.10735885416666704,-0.2684541175130213,False,False,0.0,0.8871000027284026,0.0,0.0,0.009700001101009548,0.01720000000204891
run_1790716901,410,13.666666666666629,SIMULATION,TRACKING,SEARCHING,,True,570.3403912982576,1079.2885545667575,324.4549135204811,238.22039507370346,323.5,237.5,323.5,237.5,1.1961726020160486,0.0,4.301162633521313,0.9956044510756721,1,True,-2.7112551909722207,0.4960261373589373,0.00196057291666668,-0.010649859472656264,0.9109999955398962,1097.6948462083787,True,True,4.301162633521313,0.0,False,0.058817187500000395,-0.31949578417968794,False,False,0.0,0.9109999955398962,0.0,0.0,0.009099996532313526,0.01340000017080456
run_1790716901,411,13.699999999999962,SIMULATION,TRACKING,SEARCHING,,True,570.8131010951286,1077.6903345723092,324.61393165068546,238.3261525948801,324.5,238.5,324.5,238.5,0.20785413465897476,0.0,4.743416490252569,0.9956044510756721,1,True,-2.7075654513888874,0.48702211121961436,0.003689739583333346,-0.00900402613932293,0.9084999983315356,1100.715467073753,True,True,4.743416490252569,0.0,False,0.11069218750000039,-0.2701207841796879,False,False,0.0,0.9084999983315356,0.0,0.0,0.009199997293762863,0.014199998986441642
run_1790716901,412,13.733333333333295,SIMULATION,TRACKING,SEARCHING,,True,571.2991128243648,1076.0961092740038,324.5095850465883,238.1725714788663,323.5,237.5,323.5,237.5,1.213101133656684,0.0,4.301162633521313,0.9956044510756721,1,True,-2.7054937673611095,0.47631669619140254,0.002071684027777791,-0.010705415028211818,0.9312999973190017,1073.76785448166,True,True,4.301162633521313,0.0,False,0.062150520833333736,-0.32116245084635453,False,False,0.0,0.9312999973190017,0.0,0.0,0.008800001523923129,0.014299999747890979
run_1790716901,413,13.766666666666628,SIMULATION,TRACKING,SEARCHING,,True,571.7983927353472,1074.5059893812909,324.67739551312627,238.2953179906674,324.5,238.5,324.5,238.5,0.2708576988415942,0.0,4.743416490252569,0.9956044510756721,1,True,-2.7016929166666652,0.4672571144965241,0.0038008506944444574,-0.009059581694878485,0.9108000012929551,1097.9358789859664,True,True,4.743416490252569,0.0,False,0.11402552083333373,-0.2717874508463546,False,False,0.0,0.9108000012929551,0.0,0.0,0.015600002370774746,0.015099998563528061
run_1790716901,414,13.799999999999962,SIMULATION,TRACKING,SEARCHING,,True,572.3109061560604,1072.9200853185237,324.58177282272834,238.15894699908085,323.5,237.5,323.5,237.5,1.266666328435118,0.0,4.301162633521313,0.9956044510756721,1,True,-2.6995101215277764,0.4564961439127567,0.0021827951388889025,-0.010760970583767375,0.8675999997649342,1152.6048873570055,True,True,4.301162633521313,0.0,False,0.06548385416666708,-0.32282911751302124,False,False,0.0,0.8675999997649342,0.0,0.0,0.008800001523923129,0.01340000017080456
run_1790716901,415,13.833333333333295,SIMULATION,TRACKING,SEARCHING,,True,572.8366174955004,1071.3385072172919,324.7582369399462,238.29912419125185,324.5,237.5,324.5,237.5,0.8398129495290556,0.0,5.1478150704935,0.9956044510756721,1,True,-2.6955981597222207,0.44570045110676715,0.003911961805555569,-0.010795692805989595,0.9183000001939945,1088.9687463669238,True,True,5.1478150704935,0.0,False,0.11735885416666707,-0.32387078417968784,False,False,0.0,0.9183000001939945,0.0,0.0,0.008700000762473792,0.013199998647905886
run_1790716901,416,13.866666666666628,SIMULATION,TRACKING,SEARCHING,,True,573.3754902461468,1069.761364908772,324.6711958017037,238.44929273169032,323.5,238.5,323.5,238.5,1.172292980866022,0.0,3.8078865529319543,0.9956044510756721,1,True,-2.693304253472221,0.43655059163411086,0.002293906250000014,-0.009149859472656263,0.9189000047626905,1088.2576937827462,True,True,3.8078865529319543,0.0,False,0.06881718750000042,-0.2744957841796879,False,False,0.0,0.9189000047626905,0.0,0.0,0.008299997716676444,0.012999997125007212
run_1790716901,417,13.899999999999961,SIMULATION,TRACKING,SEARCHING,,True,573.9274869864972,1068.1887679161023,324.8561675420541,238.34067325464548,324.5,237.5,324.5,237.5,0.9130097694379181,0.0,5.1478150704935,0.9956044510756721,1,True,-2.6892811805555543,0.4256993432725657,0.00402307291666668,-0.010851248361545152,0.8870000019669533,1127.3957133962406,True,True,5.1478150704935,0.0,False,0.12069218750000041,-0.32553745084635455,False,False,0.0,0.8870000019669533,0.0,0.0,0.008799994247965515,0.012899996363557875
run_1790716901,418,13.933333333333294,SIMULATION,TRACKING,SEARCHING,,True,574.4925693836666,1066.6208254467745,324.7775582725568,238.50893052316496,323.5,238.5,323.5,238.5,1.277589485720011,0.0,3.8078865529319543,0.9956044510756721,1,True,-2.686876163194443,0.4164939282443539,0.002405017361111125,-0.009205415028211816,0.8467000006930903,1181.0558629755778,True,True,3.8078865529319543,0.0,False,0.07215052083333376,-0.2761624508463545,False,False,0.0,0.8467000006930903,0.0,0.0,0.008499999239575118,0.012899996363557875
run_1790716901,419,13.966666666666628,SIMULATION,TRACKING,SEARCHING,,True,575.0706981960489,1065.0576463850527,324.9708843071613,238.41861786595723,324.5,237.5,324.5,237.5,1.0322745828444193,0.0,5.1478150704935,0.9956044510756721,1,True,-2.682741979166665,0.4055871243272532,0.004134184027777791,-0.010906803917100704,0.9594000002834946,1042.318115180851,True,True,5.1478150704935,0.0,False,0.12402552083333375,-0.32720411751302114,False,False,0.0,0.9594000002834946,0.0,0.0,0.00960000033956021,0.01460000203223899
run_1790716901,420,13.999999999999961,SIMULATION,TRACKING,SEARCHING,,True,575.661833276042,1063.4993392844099,324.90054994271,238.60539939205046,324.5,237.5,324.5,237.5,1.1757329937322012,0.0,5.1478150704935,0.9956044510756721,1,True,-2.6785452951388873,0.39464559818793027,0.004196684027777791,-0.010941526139322928,0.869700001203455,1149.821776033392,True,True,5.1478150704935,0.0,False,0.12590052083333375,-0.32824578417968786,False,False,0.0,0.869700001203455,0.0,0.0,0.00960000033956021,0.013999997463542968
run_1790716901,421,14.033333333333294,SIMULATION,TRACKING,SEARCHING,,True,576.2659335728366,1061.946012359991,324.8331807950601,238.80271664992324,324.5,238.5,324.5,238.5,0.4501630952639731,0.0,4.743416490252569,0.9956044510756721,1,True,-2.6742861111111096,0.3853499053819407,0.004259184027777792,-0.009295692805989594,0.9481000015512109,1054.7410593438183,True,True,4.743416490252569,0.0,False,0.12777552083333377,-0.2788707841796878,False,False,0.0,0.9481000015512109,0.0,0.0,0.009000003046821803,0.013299999409355223
run_1790716901,422,14.066666666666627,SIMULATION,TRACKING,SEARCHING,,True,576.882957135266,1060.397773481097,324.768734913045,238.74178861998735,324.5,237.5,324.5,237.5,1.270534308950134,0.0,5.1478150704935,0.9956044510756721,1,True,-2.6699644270833316,0.3743528236870622,0.0043216840277777915,-0.010997081694878482,0.8251999970525503,1211.8274401015517,True,True,5.1478150704935,0.0,False,0.12965052083333375,-0.32991245084635445,False,False,0.0,0.8251999970525503,0.0,0.0,0.008800001523923129,0.013000004400964826
run_1790716901,423,14.09999999999996,SIMULATION,TRACKING,SEARCHING,,True,577.5128611147193,1058.8547301636943,324.70716944805383,238.95827837376532,324.5,238.5,324.5,238.5,0.5029296651301453,0.0,4.743416490252569,0.9956044510756721,1,True,-2.6655802430555537,0.365001575325517,0.0043841840277777915,-0.009351248361545151,0.869099996634759,1150.6155837902413,True,True,4.743416490252569,0.0,False,0.13152552083333374,-0.2805374508463545,False,False,0.0,0.869099996634759,0.0,0.0,0.008799994247965515,0.012299999070819467
run_1790716901,424,14.133333333333294,SIMULATION,TRACKING,SEARCHING,,True,578.155601768118,1057.316989562949,324.6484406570081,238.91673751086728,323.5,238.5,323.5,238.5,1.221714408375817,0.0,3.8078865529319543,0.9956044510756721,1,True,-2.6628141145833317,0.35562949363063856,0.0027661284722222367,-0.009372081694878484,0.887399997736793,1126.887539497836,True,True,3.8078865529319543,0.0,False,0.0829838541666671,-0.2811624508463545,False,False,0.0,0.887399997736793,0.0,0.0,0.008700000762473792,0.012799995602108538
run_1790716901,425,14.166666666666627,SIMULATION,TRACKING,SEARCHING,,True,578.8111344609528,1055.7846584657846,324.8613927942873,238.8839394848835,324.5,238.5,324.5,238.5,0.5272705944914989,0.0,4.743416490252569,0.9956044510756721,1,True,-2.658318819444443,0.34623657860242674,0.004495295138888903,-0.009392915028211817,0.8862000031513162,1128.413446675708,True,True,4.743416490252569,0.0,False,0.1348588541666671,-0.2817874508463545,False,False,0.0,0.8862000031513162,0.0,0.0,0.009700001101009548,0.01290000363951549
run_1790716901,426,14.19999999999996,SIMULATION,TRACKING,SEARCHING,,True,579.4794136703833,1054.2578432834673,324.8104247814957,238.85999070708021,323.5,238.5,323.5,238.5,1.3589725593779423,0.0,3.8078865529319543,0.9956044510756721,1,True,-2.6554415798611095,0.3368228302408816,0.0028772395833333484,-0.00941374836154515,1.0028000033344142,997.2078147934743,True,True,3.8078865529319543,0.0,False,0.08631718750000045,-0.28241245084635447,False,False,0.0,1.0028000033344142,0.0,0.0,0.010099996870849282,0.01340000017080456
run_1790716901,427,14.233333333333293,SIMULATION,TRACKING,SEARCHING,,True,580.1603929883998,1052.7366500442154,325.03104576617886,238.84499720567555,324.5,238.5,324.5,238.5,0.6332714091923276,0.0,4.743416490252569,0.9956044510756721,1,True,-2.6508351736111093,0.3273882485460031,0.004606406250000015,-0.009434581694878482,0.8636999991722405,1157.8094256783463,True,True,4.743416490252569,0.0,False,0.13819218750000045,-0.28303745084635445,False,False,0.0,0.8636999991722405,0.0,0.0,0.01309999788645655,0.019099999917671084
run_1790716901,428,14.266666666666627,SIMULATION,TRACKING,SEARCHING,,True,580.8540251250456,1051.2211843858368,324.9876529028246,238.83906461847755,324.5,238.5,324.5,238.5,0.5939445842303744,0.0,4.743416490252569,0.9956044510756721,1,True,-2.6461662673611093,0.31793283351779134,0.004668906250000014,-0.009455415028211815,0.9930000014719553,1007.0493439251444,True,True,4.743416490252569,0.0,False,0.14006718750000044,-0.28366245084635444,False,False,0.0,0.9930000014719553,0.0,0.0,0.009900002623908222,0.013500000932253897
run_1790716901,429,14.29999999999996,SIMULATION,TRACKING,SEARCHING,,True,581.560261911701,1049.7115515483936,324.94686468948,238.84229818554832,324.5,238.5,324.5,238.5,0.5628997233377439,0.0,4.743416490252569,0.9956044510756721,1,True,-2.6414348611111094,0.3084565851562462,0.004731406250000014,-0.009476248361545148,0.9432000006199814,1060.2205251724797,True,True,4.743416490252569,0.0,False,0.14194218750000043,-0.28428745084635443,False,False,0.0,0.9432000006199814,0.0,0.0,0.011600001016631722,0.013500000932253897
run_1790716901,430,14.333333333333293,SIMULATION,TRACKING,SEARCHING,,True,582.2790543044284,1048.2078563668927,324.9086320822074,238.85480274189467,324.5,238.5,324.5,238.5,0.541170180502537,0.0,4.743416490252569,0.9956044510756721,1,True,-2.636640954861109,0.2989595034613677,0.004793906250000014,-0.00949708169487848,1.0165999992750585,983.6710610988629,True,True,4.743416490252569,0.0,False,0.14381718750000044,-0.2849124508463544,False,False,0.0,1.0165999992750585,0.0,0.0,0.00839999847812578,0.014299999747890979
run_1790716901,431,14.366666666666626,SIMULATION,TRACKING,SEARCHING,,True,583.0103523873785,1046.7102032640062,324.8729051651575,238.8766827101888,324.5,238.5,324.5,238.5,0.5300454002784059,0.0,4.743416490252569,0.9956044510756721,1,True,-2.631784548611109,0.28944158843315587,0.004856406250000015,-0.009517915028211813,0.8908000017981976,1122.5864368897257,True,True,4.743416490252569,0.0,False,0.14569218750000046,-0.2855374508463544,False,False,0.0,0.8908000017981976,0.0,0.0,0.008600000001024455,0.013999997463542968
run_1790716901,432,14.39999999999996,SIMULATION,TRACKING,SEARCHING,,True,583.7541053762559,1045.2186962428198,324.8396331540349,238.90804209351631,324.5,238.5,324.5,238.5,0.5308945558214742,0.0,4.743416490252569,0.9956044510756721,1,True,-2.626865642361109,0.2799028400716107,0.004918906250000014,-0.009538748361545146,0.8736999952816404,1144.5576346577022,True,True,4.743416490252569,0.0,False,0.14756718750000045,-0.2861624508463544,False,False,0.0,0.8736999952816404,0.0,0.0,0.008800001523923129,0.012099997547920793
run_1790716901,433,14.433333333333293,SIMULATION,TRACKING,SEARCHING,,True,584.5102616218464,1043.733438879611,324.8087643996255,238.94898446815478,324.5,238.5,324.5,238.5,0.5449059617221267,0.0,4.743416490252569,0.9956044510756721,1,True,-2.621884236111109,0.27034325837673223,0.0049814062500000145,-0.009559581694878479,1.1119999981019646,899.2805770745201,True,True,4.743416490252569,0.0,False,0.14944218750000043,-0.2867874508463544,False,False,0.0,1.1119999981019646,0.0,0.0,0.014800003555137664,0.02479999966453761
run_1790716901,434,14.466666666666626,SIMULATION,TRACKING,SEARCHING,,True,585.2787686136037,1042.2545343166548,324.7802463913828,238.99961297637924,324.5,238.5,324.5,238.5,0.5728448010147166,0.0,4.743416490252569,0.9956044510756721,1,True,-2.616840329861109,0.2607628433485204,0.0050439062500000145,-0.009580415028211811,0.8480999968014657,1179.1062419188913,True,True,4.743416490252569,0.0,False,0.15131718750000045,-0.28741245084635436,False,False,0.0,0.8480999968014657,0.0,0.0,0.00910000380827114,0.013999997463542968
run_1790716901,435,14.49999999999996,SIMULATION,TRACKING,SEARCHING,,True,586.0595729832953,1040.782085255063,324.75402576107444,239.0600303193014,324.5,238.5,324.5,238.5,0.6149496286902559,0.0,4.743416490252569,0.9956044510756721,1,True,-2.611733923611109,0.25116159498697527,0.0051064062500000154,-0.009601248361545144,0.8452000038232654,1183.1519113541128,True,True,4.743416490252569,0.0,False,0.15319218750000047,-0.28803745084635435,False,False,0.0,0.8452000038232654,0.0,0.0,0.008600000001024455,0.013600001693703234
run_1790716901,436,14.533333333333292,SIMULATION,TRACKING,SEARCHING,,True,586.8526205087096,1039.3161939476508,324.7300482864887,239.13033874973644,324.5,238.5,324.5,238.5,0.6710060756324602,0.0,4.743416490252569,0.9956044510756721,1,True,-2.606565017361109,0.2415395132920968,0.005168906250000015,-0.009622081694878477,0.8269999962067232,1209.1898483516225,True,True,4.743416490252569,0.0,False,0.15506718750000045,-0.28866245084635433,False,False,0.0,0.8269999962067232,0.0,0.0,0.008900002285372466,0.013900003978051245
run_1790716901,437,14.566666666666626,SIMULATION,TRACKING,SEARCHING,,True,587.6578561174201,1037.8569621918366,324.70825889519915,239.21064006510278,324.5,238.5,324.5,238.5,0.7405275616470018,0.0,4.743416490252569,0.9956044510756721,1,True,-2.6013336111111087,0.23189659826388498,0.005231406250000015,-0.00964291502821181,0.9684999968158081,1032.5245258520972,True,True,4.743416490252569,0.0,False,0.15694218750000044,-0.2892874508463543,False,False,0.0,0.9684999968158081,0.0,0.0,0.009199997293762863,0.01460000203223899
run_1790716901,438,14.599999999999959,SIMULATION,TRACKING,SEARCHING,,True,588.4752238906112,1036.4044913225725,324.6886016683902,239.30103560035263,323.5,238.5,323.5,238.5,1.4333289779852771,0.0,3.8078865529319543,0.9956044510756721,1,True,-2.5977202604166645,0.22223284990233982,0.0036133506944444603,-0.009663748361545144,0.796799999079667,1255.020081770879,True,True,3.8078865529319543,0.0,False,0.1084005208333338,-0.2899124508463543,False,False,0.0,0.796799999079667,0.0,0.0,0.008999995770864189,0.01290000363951549
run_1790716901,439,14.633333333333292,SIMULATION,TRACKING,SEARCHING,,True,589.3046670669605,1034.9588822053076,324.9399087336284,239.401626220935,324.5,238.5,324.5,238.5,1.0032195852354728,0.0,4.743416490252569,0.9956044510756721,1,True,-2.5923777430555535,0.21254826820746134,0.005342517361111127,-0.009684581694878477,0.8078999962890521,1237.7769582786557,True,True,4.743416490252569,0.0,False,0.1602755208333338,-0.2905374508463543,False,False,0.0,0.8078999962890521,0.0,0.0,0.00839999847812578,0.01309999788645655
run_1790716901,440,14.666666666666625,SIMULATION,TRACKING,SEARCHING,,True,590.1461280465805,1033.5202352289828,324.92656693547065,239.51251231579067,324.5,239.5,324.5,239.5,0.42675040536977094,0.0,4.527692569068709,0.9956044510756721,1,True,-2.586972725694442,0.20536368651258285,0.005405017361111127,-0.007184581694878475,0.8859999943524599,1128.6681787519174,True,True,4.527692569068709,0.0,False,0.1621505208333338,-0.21553745084635426,False,False,0.0,0.8859999943524599,0.0,0.0,0.008999995770864189,0.013299999409355223
run_1790716901,441,14.699999999999958,SIMULATION,TRACKING,SEARCHING,,True,590.9995483950195,1032.0886502990597,324.9151845061318,239.23046045704814,324.5,238.5,324.5,238.5,0.8402086963623391,0.0,4.743416490252569,0.9956044510756721,1,True,-2.581505208333331,0.19565827148437104,0.005467517361111127,-0.00970541502821181,0.75970000034431,1316.3090687729125,True,True,4.743416490252569,0.0,False,0.1640255208333338,-0.2911624508463543,False,False,0.0,0.75970000034431,0.0,0.0,0.008199996955227107,0.012500000593718141
run_1790716901,442,14.733333333333292,SIMULATION,TRACKING,SEARCHING,,True,591.864868847318,1030.6642268305834,324.9057021806526,239.3589033930857,324.5,239.5,324.5,239.5,0.42953755583069686,0.0,4.527692569068709,0.9956044510756721,1,True,-2.57597519097222,0.18845285645615922,0.005530017361111126,-0.007205415028211808,0.7956999979796819,1256.7550616300678,True,True,4.527692569068709,0.0,False,0.1659005208333338,-0.21616245084635424,False,False,0.0,0.7956999979796819,0.0,0.0,0.008300004992634058,0.013199998647905886
run_1790716901,443,14.766666666666625,SIMULATION,TRACKING,SEARCHING,,True,592.742029312126,1029.247063741278,324.89805986768283,239.09460670829412,324.5,238.5,324.5,238.5,0.7155478990312568,0.0,4.743416490252569,0.9956044510756721,1,True,-2.5703826736111086,0.17872660809461408,0.005592517361111127,-0.009726248361545143,0.775400003476534,1289.6569454687435,True,True,4.743416490252569,0.0,False,0.1677755208333338,-0.29178745084635427,False,False,0.0,0.775400003476534,0.0,0.0,0.008500006515532732,0.013700002455152571
run_1790716901,444,14.799999999999958,SIMULATION,TRACKING,SEARCHING,,True,593.6309688758747,1027.837259444677,324.89219665365385,239.24100214954046,324.5,238.5,324.5,238.5,0.8383927485140059,0.0,4.743416490252569,0.9956044510756721,1,True,-2.5647276562499974,0.1689795263997356,0.005655017361111127,-0.009747081694878475,0.752199994167313,1329.4336715689585,True,True,4.743416490252569,0.0,False,0.16965052083333382,-0.29241245084635425,False,False,0.0,0.752199994167313,0.0,0.0,0.008000002708286047,0.011900003300979733
run_1790716901,445,14.833333333333291,SIMULATION,TRACKING,SEARCHING,,True,594.5316258070075,1026.4349118432904,324.88805080700877,239.3981876193343,324.5,238.5,324.5,238.5,0.9784295725015482,0.0,4.743416490252569,0.9956044510756721,1,True,-2.5590101388888864,0.1592116113715238,0.005717517361111127,-0.009767915028211808,0.8572000006097369,1166.5888932439193,True,True,4.743416490252569,0.0,False,0.1715255208333338,-0.29303745084635424,False,False,0.0,0.8572000006097369,0.0,0.0,0.00960000033956021,0.01630000042496249
run_1790716901,446,14.866666666666625,SIMULATION,TRACKING,SEARCHING,,True,595.4439375602657,1025.0401183218046,324.88555978248917,239.5662605023624,323.5,239.5,323.5,239.5,1.3871432388274645,0.0,3.5355339059327378,0.9956044510756721,1,True,-2.5549106770833308,0.15194369634331198,0.0040994618055555715,-0.007267915028211807,0.7639999967068434,1308.9005292021131,True,True,3.5355339059327378,0.0,False,0.12298385416666716,-0.2180374508463542,False,False,0.0,0.7639999967068434,0.0,0.0,0.008100003469735384,0.012399999832268804
run_1790716901,447,14.899999999999958,SIMULATION,TRACKING,SEARCHING,,True,596.3678407810332,1023.6529757403201,325.1535491143678,239.34198432539176,324.5,239.5,324.5,239.5,0.6723803970319614,0.0,4.527692569068709,0.9956044510756721,1,True,-2.5490820486111083,0.14467578131510017,0.005828628472222238,-0.007267915028211807,0.7543999963672832,1325.556740211257,True,True,4.527692569068709,0.0,False,0.17485885416666713,-0.2180374508463542,False,False,0.0,0.7543999963672832,0.0,0.0,0.008000002708286047,0.012099997547920793
run_1790716901,448,14.933333333333291,SIMULATION,TRACKING,SEARCHING,,True,597.3032713097357,1022.2735804276256,325.1563990875147,239.12545541721113,324.5,238.5,324.5,238.5,0.9066720691677419,0.0,4.743416490252569,0.9956044510756721,1,True,-2.543190920138886,0.13488703295355503,0.0058911284722222386,-0.009788748361545141,0.829099997645244,1206.127129224623,True,True,4.743416490252569,0.0,False,0.17673385416666715,-0.29366245084635423,False,False,0.0,0.829099997645244,0.0,0.0,0.012399999832268804,0.019500002963468432
run_1790716901,449,14.966666666666624,SIMULATION,TRACKING,SEARCHING,,True,598.2501641862954,1020.9020281745078,325.16071140851886,239.32010290194057,324.5,238.5,324.5,238.5,1.0531421248427628,0.0,4.743416490252569,0.9956044510756721,1,True,-2.537237291666664,0.12507745125867656,0.005953628472222238,-0.009809581694878474,0.7918999981484376,1262.785708218369,True,True,4.743416490252569,0.0,False,0.17860885416666714,-0.2942874508463542,False,False,0.0,0.7918999981484376,0.0,0.0,0.008100003469735384,0.013699995179194957
run_1790716901,450,14.999999999999957,SIMULATION,TRACKING,SEARCHING,,True,599.2084536546432,1019.5384142270998,325.1664203213112,239.52602202571313,324.5,239.5,324.5,239.5,0.666928174902462,0.0,4.527692569068709,0.9956044510756721,1,True,-2.5312211631944415,0.11776786956379809,0.006016128472222239,-0.007309581694878472,0.7609000022057444,1314.2331411501348,True,True,4.527692569068709,0.0,False,0.18048385416666715,-0.21928745084635418,False,False,0.0,0.7609000022057444,0.0,0.0,0.00809999619377777,0.012200005585327744
run_1790716901,451,15.03333333333329,SIMULATION,TRACKING,SEARCHING,,True,600.1780731672845,1018.1828332802664,325.173459278397,239.33997415006036,324.5,238.5,324.5,238.5,1.076616910710868,0.0,4.743416490252569,0.9956044510756721,1,True,-2.525142534722219,0.10793745453558629,0.006078628472222238,-0.009830415028211806,0.7904000012786128,1265.1821841881604,True,True,4.743416490252569,0.0,False,0.18235885416666714,-0.2949124508463542,False,False,0.0,0.7904000012786128,0.0,0.0,0.00790000194683671,0.01219999830937013
run_1790716901,452,15.066666666666624,SIMULATION,TRACKING,SEARCHING,,True,601.1589553899205,1016.835379471029,325.18176094547744,239.5653867453368,324.5,239.5,324.5,239.5,0.6848893437950598,0.0,4.527692569068709,0.9956044510756721,1,True,-2.519001406249997,0.10060703950737448,0.006141128472222239,-0.007330415028211805,0.7905000020400621,1265.0221346227404,True,True,4.527692569068709,0.0,False,0.18423385416666715,-0.21991245084635416,False,False,0.0,0.7905000020400621,0.0,0.0,0.008299997716676444,0.012999997125007212
run_1790716901,453,15.099999999999957,SIMULATION,TRACKING,SEARCHING,,True,602.1510322061245,1015.4961463720269,325.1912572061258,239.39902005084866,324.5,238.5,324.5,238.5,1.1340518404591367,0.0,4.743416490252569,0.9956044510756721,1,True,-2.5127977777777746,0.09075579114582935,0.006203628472222238,-0.00985124836154514,0.7480999993276782,1336.7196910823495,True,True,4.743416490252569,0.0,False,0.18610885416666714,-0.2955374508463542,False,False,0.0,0.7480999993276782,0.0,0.0,0.008600000001024455,0.01309999788645655
run_1790716901,454,15.13333333333329,SIMULATION,TRACKING,SEARCHING,,True,603.1542347220718,1014.1652269850206,325.20187916651753,239.64430040168952,324.5,238.5,324.5,238.5,1.3424074544258677,0.0,4.743416490252569,0.9956044510756721,1,True,-2.5065316493055523,0.08088370945095089,0.006266128472222239,-0.009872081694878472,0.8505000005243346,1175.7789528318617,True,True,4.743416490252569,0.0,False,0.18798385416666716,-0.2961624508463542,False,False,0.0,0.8505000005243346,0.0,0.0,0.017099999240599573,0.01340000017080456
run_1790716901,455,15.166666666666623,SIMULATION,TRACKING,SEARCHING,,True,604.1684932713241,1012.8427137344327,325.21355716021424,239.90132022228215,324.5,239.5,324.5,239.5,0.818670716286836,0.0,4.527692569068709,0.9956044510756721,1,True,-2.50020302083333,0.07351162775607241,0.006328628472222238,-0.007372081694878471,0.8139999990817159,1228.5012298871168,True,True,4.527692569068709,0.0,False,0.18985885416666715,-0.22116245084635414,False,False,0.0,0.8139999990817159,0.0,0.0,0.008199996955227107,0.012499993317760527
run_1790716901,456,15.199999999999957,SIMULATION,TRACKING,SEARCHING,,True,605.1937374196675,1011.5286984609296,325.22622075300205,239.76683801995966,324.5,239.5,324.5,239.5,0.7736918708289905,0.0,4.527692569068709,0.9956044510756721,1,True,-2.4938118923611077,0.06613954606119393,0.006391128472222239,-0.007372081694878471,0.8076999947661534,1238.0834548470211,True,True,4.527692569068709,0.0,False,0.19173385416666716,-0.22116245084635414,False,False,0.0,0.8076999947661534,0.0,0.0,0.011299998732283711,0.016699996194802225
run_1790716901,457,15.23333333333329,SIMULATION,TRACKING,SEARCHING,,True,606.229895970004,1010.2232724150439,325.23979874778297,239.6409450452545,324.5,238.5,324.5,238.5,1.3598006410912116,0.0,4.743416490252569,0.9956044510756721,1,True,-2.4873582638888854,0.05624663103298213,0.006453628472222238,-0.009892915028211805,1.0458999968250282,956.1143541788279,True,True,4.743416490252569,0.0,False,0.19360885416666715,-0.29678745084635416,False,False,0.0,1.0458999968250282,0.0,0.0,0.008799994247965515,0.018600003386382014
run_1790716901,458,15.266666666666623,SIMULATION,TRACKING,SEARCHING,,True,607.2768969672948,1008.9265262508375,325.25421918951815,239.92706528556198,324.5,239.5,324.5,239.5,0.8667360290016537,0.0,4.527692569068709,0.9956044510756721,1,True,-2.480842135416663,0.04885371600477033,0.006516128472222239,-0.007392915028211804,0.8005999989109114,1249.0632042972027,True,True,4.527692569068709,0.0,False,0.19548385416666716,-0.22178745084635412,False,False,0.0,0.8005999989109114,0.0,0.0,0.007800001185387373,0.014199998986441642
run_1790716901,459,15.299999999999956,SIMULATION,TRACKING,SEARCHING,,True,608.3346677035582,1007.6385500196061,325.2694093702261,239.8219554588445,324.5,239.5,324.5,239.5,0.8340540129221017,0.0,4.527692569068709,0.9956044510756721,1,True,-2.4742635069444407,0.04146080097655852,0.006578628472222238,-0.007392915028211804,0.8320999986608513,1201.7786343100113,True,True,4.527692569068709,0.0,False,0.19735885416666715,-0.22178745084635412,False,False,0.0,0.8320999986608513,0.0,0.0,0.0092999980552122,0.018900005670730025
run_1790716901,460,15.33333333333329,SIMULATION,TRACKING,SEARCHING,,True,609.4031347229184,1006.3594331636261,325.28529583403065,239.72570500737845,324.5,238.5,324.5,238.5,1.4556930693173273,0.0,4.743416490252569,0.9956044510756721,1,True,-2.4676223784722184,0.03154705261501338,0.006641128472222239,-0.009913748361545138,0.7907000035629608,1264.7021569418437,True,True,4.743416490252569,0.0,False,0.19923385416666717,-0.29741245084635415,False,False,0.0,0.7907000035629608,0.0,0.0,0.00790000194683671,0.011500000255182385
run_1790716901,461,15.366666666666623,SIMULATION,TRACKING,SEARCHING,,True,610.4822238267058,1005.089264509943,325.3018043822625,240.04173609154248,324.5,239.5,324.5,239.5,0.967661232195995,0.0,4.527692569068709,0.9956044510756721,1,True,-2.4609187499999963,0.02413330425346824,0.006703628472222238,-0.007413748361545137,0.7819999955245294,1278.7723858351767,True,True,4.527692569068709,0.0,False,0.20110885416666716,-0.2224124508463541,False,False,0.0,0.7819999955245294,0.0,0.0,0.007599999662488699,0.01219999830937013
run_1790716901,462,15.399999999999956,SIMULATION,TRACKING,SEARCHING,,True,611.5718600786108,1003.8281322642026,325.31886007861203,239.96680358364938,325.5,239.5,325.5,239.5,0.5007167431076601,0.0,5.522680508593631,0.9956044510756721,1,True,-2.4524720659722186,0.016719555891923102,0.008446684027777795,-0.007413748361545137,0.8032000041566789,1245.0199138755627,True,True,5.522680508593631,0.0,False,0.25340052083333386,-0.2224124508463541,False,False,0.0,0.8032000041566789,0.0,0.0,0.008000002708286047,0.012299999070819467
run_1790716901,463,15.43333333333329,SIMULATION,TRACKING,SEARCHING,,True,612.6719678098875,1002.5761240045264,325.0674983654443,239.90099506182037,324.5,239.5,324.5,239.5,0.6948751214328124,0.0,4.527692569068709,0.9956044510756721,1,True,-2.4456295486111075,0.009305807530377965,0.006842517361111127,-0.007413748361545137,0.7949999999254942,1257.86163533801,True,True,4.527692569068709,0.0,False,0.20527552083333384,-0.2224124508463541,False,False,0.0,0.7949999999254942,0.0,0.0,0.007700000423938036,0.011900003300979733
run_1790716901,464,15.466666666666622,SIMULATION,TRACKING,SEARCHING,,True,613.7824706246075,1001.3333266754292,325.08319840238653,239.84439747057047,324.5,239.5,324.5,239.5,0.6772960905553329,0.0,4.527692569068709,0.9956044510756721,1,True,-2.4387245312499966,0.0018920591688328277,0.006905017361111127,-0.007413748361545137,0.887099995452445,1127.268633892815,True,True,4.527692569068709,0.0,False,0.20715052083333382,-0.2224124508463541,False,False,0.0,0.887099995452445,0.0,0.0,0.009499999578110874,0.014500001270789653
run_1790716901,465,15.499999999999956,SIMULATION,TRACKING,SEARCHING,,True,614.9032914049661,1000.0998265817817,325.09921640496736,239.79709711477017,324.5,239.5,324.5,239.5,0.668825085943082,0.0,4.527692569068709,0.9956044510756721,1,True,-2.4317570138888853,-0.005521689192712309,0.0069675173611111274,-0.007413748361545137,0.8428999935858883,1186.3803625691971,True,True,4.527692569068709,0.0,False,0.20902552083333384,-0.2224124508463541,False,False,0.0,0.8428999935858883,0.0,0.0,0.008100003469735384,0.012700002116616815
run_1790716901,466,15.533333333333289,SIMULATION,TRACKING,SEARCHING,,True,616.0343523166374,998.8757093828169,325.1154745388609,239.7591796536526,324.5,239.5,324.5,239.5,0.6678195870544057,0.0,4.527692569068709,0.9956044510756721,1,True,-2.4247269965277742,-0.012935437554257447,0.0070300173611111275,-0.007413748361545137,0.80080000043381,1248.7512480747741,True,True,4.527692569068709,0.0,False,0.21090052083333383,-0.2224124508463541,False,False,0.0,0.80080000043381,0.0,0.0,0.00790000194683671,0.01170000177808106
run_1790716901,467,15.566666666666622,SIMULATION,TRACKING,SEARCHING,,True,617.1755748141792,997.6610600861816,325.1318942586249,239.7307300948645,324.5,239.5,324.5,239.5,0.6727010708771941,0.0,4.527692569068709,0.9956044510756721,1,True,-2.4176344791666633,-0.020349185915802585,0.0070925173611111276,-0.007413748361545137,0.8588999990024604,1164.2798942384622,True,True,4.527692569068709,0.0,False,0.21277552083333384,-0.2224124508463541,False,False,0.0,0.8588999990024604,0.0,0.0,0.007899994670879096,0.011399999493733048
run_1790716901,468,15.599999999999955,SIMULATION,TRACKING,SEARCHING,,True,618.3268796464878,996.4559630420333,325.1483963131558,239.71183278856347,324.5,238.5,324.5,238.5,1.3743931338418172,0.0,4.743416490252569,0.9956044510756721,1,True,-2.410479461805552,-0.030283767610681057,0.007155017361111128,-0.00993458169487847,0.7729999997536652,1293.6610612143256,True,True,4.743416490252569,0.0,False,0.21465052083333383,-0.29803745084635413,False,False,0.0,0.7729999997536652,0.0,0.0,0.007599999662488699,0.01219999830937013
run_1790716901,469,15.633333333333288,SIMULATION,TRACKING,SEARCHING,,True,619.4881868623015,995.2605019371827,325.1649007511918,240.10590475489334,324.5,239.5,324.5,239.5,0.8995629944243909,0.0,4.527692569068709,0.9956044510756721,1,True,-2.403261944444441,-0.03771834930555953,0.007217517361111127,-0.00743458169487847,0.8701000042492524,1149.2931790786843,True,True,4.527692569068709,0.0,False,0.21652552083333382,-0.2230374508463541,False,False,0.0,0.8701000042492524,0.0,0.0,0.007899994670879096,0.011900003300979733
run_1790716901,470,15.666666666666622,SIMULATION,TRACKING,SEARCHING,,True,620.6594158157525,994.0747597892811,325.1813269268649,240.10969567817233,325.5,239.5,325.5,239.5,0.6879544661700864,0.0,5.522680508593631,0.9956044510756721,1,True,-2.3943013715277743,-0.045152931000438,0.008960572916666684,-0.00743458169487847,0.7831000039004721,1276.9761141861707,True,True,5.522680508593631,0.0,False,0.2688171875000005,-0.2230374508463541,False,False,0.0,0.7831000039004721,0.0,0.0,0.007799993909429759,0.011199997970834374
run_1790716901,471,15.699999999999955,SIMULATION,TRACKING,SEARCHING,,True,621.8404851719677,992.898818941057,324.9287046164135,240.12328790112883,324.5,239.5,324.5,239.5,0.7564889000030458,0.0,4.527692569068709,0.9956044510756721,1,True,-2.3869449652777743,-0.05258751269531647,0.007356406250000017,-0.00743458169487847,0.7609000022057444,1314.2331411501348,True,True,4.527692569068709,0.0,False,0.2206921875000005,-0.2230374508463541,False,False,0.0,0.7609000022057444,0.0,0.0,0.007200003892648965,0.011500000255182385
run_1790716901,472,15.733333333333288,SIMULATION,TRACKING,SEARCHING,,True,623.031312912716,991.7327610545968,324.94250735716184,240.14676308584922,324.5,239.5,324.5,239.5,0.7836550582747231,0.0,4.527692569068709,0.9956044510756721,1,True,-2.3795260590277745,-0.06002209439019494,0.007418906250000016,-0.00743458169487847,0.7656999950995669,1305.9945231813228,True,True,4.527692569068709,0.0,False,0.22256718750000049,-0.2230374508463541,False,False,0.0,0.7656999950995669,0.0,0.0,0.007599999662488699,0.011500000255182385
run_1790716901,473,15.766666666666621,SIMULATION,TRACKING,SEARCHING,,True,624.2318163421055,990.576667105674,324.9559857865514,240.18020220810695,324.5,240.5,324.5,240.5,0.5569503256454671,0.0,4.527692569068709,0.9956044510756721,1,True,-2.3720446527777743,-0.06745667608507341,0.007481406250000017,-0.00743458169487847,1.0360000014770776,965.2509638747581,True,True,4.527692569068709,0.0,False,0.2244421875000005,-0.2230374508463541,False,False,0.0,1.0360000014770776,0.0,0.0,0.014299999747890979,0.02680000034160912
run_1790716901,474,15.799999999999955,SIMULATION,TRACKING,SEARCHING,,True,625.4419120923249,989.4306173781258,324.9690565367707,240.22368555173932,324.5,239.5,324.5,239.5,0.8624006102059479,0.0,4.527692569068709,0.9956044510756721,1,True,-2.3645007465277743,-0.07489125777995188,0.007543906250000016,-0.00743458169487847,0.970599998254329,1030.2905437858524,True,True,4.527692569068709,0.0,False,0.2263171875000005,-0.2230374508463541,False,False,0.0,0.970599998254329,0.0,0.0,0.009399998816661537,0.013900003978051245
run_1790716901,475,15.833333333333288,SIMULATION,TRACKING,SEARCHING,,True,626.6615161294333,988.2946914582784,324.9816355738791,240.27729270307248,324.5,239.5,324.5,239.5,0.9144160826864078,0.0,4.527692569068709,0.9956044510756721,1,True,-2.3568943402777744,-0.08232583947483035,0.007606406250000017,-0.00743458169487847,0.8443999977316707,1184.2728596474665,True,True,4.527692569068709,0.0,False,0.2281921875000005,-0.2230374508463541,False,False,0.0,0.8443999977316707,0.0,0.0,0.008700000762473792,0.012700002116616815
run_1790716901,476,15.866666666666621,SIMULATION,TRACKING,SEARCHING,,True,627.8905437591959,987.1689682294198,324.9936382036417,240.3411025453944,324.5,239.5,324.5,239.5,0.9752600514547515,0.0,4.527692569068709,0.9956044510756721,1,True,-2.3492254340277743,-0.08976042116970882,0.007668906250000016,-0.00743458169487847,0.8456000068690628,1182.5922325883394,True,True,4.527692569068709,0.0,False,0.2300671875000005,-0.2230374508463541,False,False,0.0,0.8456000068690628,0.0,0.0,0.03619999915827066,0.012399999832268804
run_1790716901,477,15.899999999999954,SIMULATION,TRACKING,SEARCHING,,True,629.1289096329659,986.0535258663216,325.0049790774117,240.4151932534768,324.5,239.5,324.5,239.5,1.0452667409962815,0.0,4.527692569068709,0.9956044510756721,1,True,-2.3414940277777743,-0.0971950028645873,0.007731406250000017,-0.00743458169487847,0.8675999997649342,1152.6048873570055,True,True,4.527692569068709,0.0,False,0.2319421875000005,-0.2230374508463541,False,False,0.0,0.8675999997649342,0.0,0.0,0.007700000423938036,0.012500000593718141
run_1790716901,478,15.933333333333287,SIMULATION,TRACKING,SEARCHING,,True,630.3765277536107,984.9484418298109,325.0155721980565,240.49964228814667,324.5,240.5,324.5,240.5,0.5155723221494294,0.0,4.527692569068709,0.9956044510756721,1,True,-2.3337001215277744,-0.10462958455946576,0.007793906250000016,-0.00743458169487847,0.7862999991630204,1271.779220481309,True,True,4.527692569068709,0.0,False,0.2338171875000005,-0.2230374508463541,False,False,0.0,0.7862999991630204,0.0,0.0,0.007999995432328433,0.012399999832268804
run_1790716901,479,15.96666666666662,SIMULATION,TRACKING,SEARCHING,,True,631.6333114814846,983.8537928613906,325.02533092593035,240.59452639090694,324.5,240.5,324.5,240.5,0.5337675714360393,0.0,4.527692569068709,0.9956044510756721,1,True,-2.3258437152777742,-0.11206416625434423,0.007856406250000017,-0.00743458169487847,0.9046999985002913,1105.3387881703175,True,True,4.527692569068709,0.0,False,0.2356921875000005,-0.2230374508463541,False,False,0.0,0.9046999985002913,0.0,0.0,0.008100003469735384,0.012800002878066152
run_1790716901,480,15.999999999999954,SIMULATION,TRACKING,SEARCHING,,True,632.8991735404447,982.7696549779102,325.0341679848905,240.69992157860713,324.5,240.5,324.5,240.5,0.5703543404539991,0.0,4.527692569068709,0.9956044510756721,1,True,-2.317924809027774,-0.1194987479492227,0.007918906250000017,-0.00743458169487847,0.9866000036709011,1013.581995012407,True,True,4.527692569068709,0.0,False,0.2375671875000005,-0.2230374508463541,False,False,0.0,0.9866000036709011,0.0,0.0,0.010700001439545304,0.016399993910454214
run_1790716901,481,16.03333333333329,SIMULATION,TRACKING,SEARCHING,,True,634.1740260239126,981.696103466287,325.0419954683583,240.81590313816446,324.5,240.5,324.5,240.5,0.6273387286172523,0.0,4.527692569068709,0.9956044510756721,1,True,-2.3099434027777743,-0.12693332964410117,0.007981406250000015,-0.00743458169487847,0.934600000618957,1069.9764598092559,True,True,4.527692569068709,0.0,False,0.2394421875000005,-0.2230374508463541,False,False,0.0,0.934600000618957,0.0,0.0,0.009099996532313526,0.013700002455152571
run_1790716901,482,16.066666666666624,SIMULATION,TRACKING,SEARCHING,,True,635.4577804009778,980.633212878278,325.0487248454235,240.94254562133597,324.5,240.5,324.5,240.5,0.704943673600029,0.0,4.527692569068709,0.9956044510756721,1,True,-2.301899496527774,-0.13436791133897963,0.008043906250000017,-0.00743458169487847,0.8770000058575533,1140.2508475723146,True,True,4.527692569068709,0.0,False,0.2413171875000005,-0.2230374508463541,False,False,0.0,0.8770000058575533,0.0,0.0,0.009000003046821803,0.01309999788645655
run_1790716901,483,16.09999999999996,SIMULATION,TRACKING,SEARCHING,,True,636.7503475225469,979.5810570253022,325.0542669669927,241.0799228395408,324.5,240.5,324.5,240.5,0.8021984608065401,0.0,4.527692569068709,0.9956044510756721,1,True,-2.293793090277774,-0.1418024930338581,0.008106406250000016,-0.00743458169487847,0.902600004337728,1107.9104755087367,True,True,4.527692569068709,0.0,False,0.2431921875000005,-0.2230374508463541,False,False,0.0,0.902600004337728,0.0,0.0,0.008899995009414852,0.01610000617802143
run_1790716901,484,16.133333333333294,SIMULATION,TRACKING,SEARCHING,,True,638.0516376275336,978.5397089733158,325.05853207197947,241.22810785873492,324.5,241.5,324.5,241.5,0.6211951480101832,0.0,4.743416490252569,0.9956044510756721,1,True,-2.2856241840277742,-0.14671624139540324,0.008168906250000017,-0.004913748361545137,0.9035000039148144,1106.806857406814,True,True,4.743416490252569,0.0,False,0.2450671875000005,-0.1474124508463541,False,False,0.0,0.9035000039148144,0.0,0.0,0.012300006346777081,0.01809999957913533
run_1790716901,485,16.16666666666663,SIMULATION,TRACKING,SEARCHING,,True,639.3615603490924,977.5092410377368,325.0614297935383,240.98383966100323,324.5,240.5,324.5,240.5,0.7411506126504852,0.0,4.527692569068709,0.9956044510756721,1,True,-2.277392777777774,-0.15412998975694836,0.008231406250000016,-0.007413748361545137,0.8484000063617714,1178.6892886627159,True,True,4.527692569068709,0.0,False,0.2469421875000005,-0.2224124508463541,False,False,0.0,0.8484000063617714,0.0,0.0,0.008700000762473792,0.01340000017080456
run_1790716901,486,16.199999999999964,SIMULATION,TRACKING,SEARCHING,,True,640.6800247208943,976.4897247784248,325.0628691653401,241.15052313953845,324.5,240.5,324.5,240.5,0.8602337196167157,0.0,4.527692569068709,0.9956044510756721,1,True,-2.269098871527774,-0.16154373811849349,0.008293906250000017,-0.007413748361545137,0.8413999967160635,1188.4953695067072,True,True,4.527692569068709,0.0,False,0.2488171875000005,-0.2224124508463541,False,False,0.0,0.8413999967160635,0.0,0.0,0.00839999847812578,0.011799995263572782
run_1790716901,487,16.2333333333333,SIMULATION,TRACKING,SEARCHING,,True,642.0069391834431,975.4812309947101,325.0627586278889,241.32822909367098,324.5,240.5,324.5,240.5,1.0013294686897365,0.0,4.527692569068709,0.995604451075672,1,True,-2.260742465277774,-0.1689574864800386,0.008356406250000016,-0.007413748361545137,0.9157000022241846,1092.0607159233978,True,True,4.527692569068709,0.0,False,0.2506921875000005,-0.2224124508463541,False,False,0.0,0.9157000022241846,0.0,0.0,0.008300004992634058,0.012600001355167478
run_1790716901,488,16.266666666666634,SIMULATION,TRACKING,SEARCHING,,True,643.3422115904345,974.4838297204781,325.0610060348803,241.51702755728616,324.5,240.5,324.5,240.5,1.161495942072781,0.0,4.527692569068709,0.995604451075672,1,True,-2.252323559027774,-0.17637123484158373,0.008418906250000018,-0.007413748361545137,0.9437999979127198,1059.5465164352304,True,True,4.527692569068709,0.0,False,0.2525671875000005,-0.2224124508463541,False,False,0.0,0.9437999979127198,0.0,0.0,0.011400006769690663,0.016699996194802225
run_1790716901,489,16.29999999999997,SIMULATION,TRACKING,SEARCHING,,True,644.6857492151546,973.497590219305,325.0575186596003,241.71698779396036,324.5,240.5,324.5,240.5,1.3386135911647603,0.0,4.527692569068709,0.995604451075672,1,True,-2.243842152777774,-0.18378498320312886,0.008481406250000018,-0.007413748361545137,0.930799993511755,1074.344657252483,True,True,4.527692569068709,0.0,False,0.2544421875000005,-0.2224124508463541,False,False,0.0,0.930799993511755,0.0,0.0,0.01049999991664663,0.015899997379165143
run_1790716901,490,16.333333333333304,SIMULATION,TRACKING,SEARCHING,,True,646.0374587569194,972.5225809796492,325.05220320136505,241.92817829215176,324.5,241.5,324.5,241.5,0.6987596335420357,0.0,4.743416490252569,0.995604451075672,1,True,-2.235298246527774,-0.18867789823134065,0.008543906250000016,-0.004892915028211804,0.8698999954503961,1149.5574264053696,True,True,4.743416490252569,0.0,False,0.2563171875000005,-0.1467874508463541,False,False,0.0,0.8698999954503961,0.0,0.0,0.00839999847812578,0.01189999602502212
run_1790716901,491,16.36666666666664,SIMULATION,TRACKING,SEARCHING,,True,647.3972463475538,971.5588697100934,325.0449657919995,241.74733342710988,324.5,241.5,324.5,241.5,0.5984659878519228,0.0,4.743416490252569,0.995604451075672,1,True,-2.226691840277774,-0.1935499799262191,0.008606406250000016,-0.004872081694878471,0.8125999956973828,1230.6177766365704,True,True,4.743416490252569,0.0,False,0.2581921875000005,-0.14616245084635412,False,False,0.0,0.8125999956973828,0.0,0.0,0.008100003469735384,0.011299998732283711
run_1790716901,492,16.399999999999974,SIMULATION,TRACKING,SEARCHING,,True,648.7650175579108,970.6065233346443,325.0357120023565,241.57452012284136,324.5,241.5,324.5,241.5,0.5408702230453181,0.0,4.743416490252569,0.995604451075672,1,True,-2.2180229340277737,-0.19840122828776424,0.008668906250000018,-0.004851248361545138,0.8882999973138794,1125.7458100010008,True,True,4.743416490252569,0.0,False,0.2600671875000005,-0.14553745084635414,False,False,0.0,0.8882999973138794,0.0,0.0,0.008199996955227107,0.01219999830937013
run_1790716901,493,16.43333333333331,SIMULATION,TRACKING,SEARCHING,,True,650.140677404428,969.665607988084,325.0243468488736,241.40980451412838,324.5,241.5,324.5,241.5,0.5320477831880441,0.0,4.743416490252569,0.995604451075672,1,True,-2.209291527777774,-0.20323164331597604,0.008731406250000018,-0.004830415028211805,0.8349000054295175,1197.7482255321656,True,True,4.743416490252569,0.0,False,0.26194218750000053,-0.14491245084635415,False,False,0.0,0.8349000054295175,0.0,0.0,0.00809999619377777,0.011500000255182385
run_1790716901,494,16.466666666666644,SIMULATION,TRACKING,SEARCHING,,True,651.5241303557245,968.7361890113779,325.0107748001702,241.25325194193613,324.5,241.5,324.5,241.5,0.5672525898109457,0.0,4.743416490252569,0.995604451075672,1,True,-2.2004976215277736,-0.2080412250108545,0.008793906250000016,-0.004809581694878472,0.9356999944429845,1068.7186127379352,True,True,4.743416490252569,0.0,False,0.2638171875000005,-0.14428745084635416,False,False,0.0,0.9356999944429845,0.0,0.0,0.008600000001024455,0.013199998647905886
run_1790716901,495,16.49999999999998,SIMULATION,TRACKING,SEARCHING,,True,652.9152803392346,967.818330947137,324.99489978368035,241.1049269488759,324.5,240.5,324.5,240.5,0.7815768736107679,0.0,4.527692569068709,0.995604451075672,1,True,-2.1916412152777736,-0.21535080670573298,0.008856406250000016,-0.007309581694878472,0.8154999959515408,1226.2415756767493,True,True,4.527692569068709,0.0,False,0.2656921875000005,-0.21928745084635418,False,False,0.0,0.8154999959515408,0.0,0.0,0.007999995432328433,0.011999996786471456
run_1790716901,496,16.533333333333314,SIMULATION,TRACKING,SEARCHING,,True,654.3140307478799,966.9120975351358,324.9766251923256,241.36822660805524,324.5,240.5,324.5,240.5,0.9904488966597649,0.0,4.527692569068709,0.995604451075672,1,True,-2.1827223090277736,-0.22266038840061145,0.008918906250000018,-0.007309581694878472,0.8403999963775277,1189.909572001921,True,True,4.527692569068709,0.0,False,0.2675671875000005,-0.21928745084635418,False,False,0.0,0.8403999963775277,0.0,0.0,0.009000003046821803,0.01359999441774562
run_1790716901,497,16.56666666666665,SIMULATION,TRACKING,SEARCHING,,True,655.7202844467771,966.017551707886,324.9558538912229,241.64321385198605,324.5,241.5,324.5,241.5,0.4778210727288292,0.0,4.743416490252569,0.995604451075672,1,True,-2.1737409027777734,-0.22744913676215658,0.008981406250000018,-0.004788748361545139,0.8633999968878925,1158.2117252773678,True,True,4.743416490252569,0.0,False,0.26944218750000054,-0.14366245084635418,False,False,0.0,0.8633999968878925,0.0,0.0,0.008400005754083395,0.012100004823878407
run_1790716901,498,16.599999999999984,SIMULATION,TRACKING,SEARCHING,,True,657.1339437799847,965.1347555862659,324.9324882244306,241.5266174682132,324.5,240.5,324.5,240.5,1.1139970782329762,0.0,4.527692569068709,0.995604451075672,1,True,-2.1646969965277734,-0.23473788512370172,0.009043906250000016,-0.00728874836154514,0.8054999998421408,1241.4649288590647,True,True,4.527692569068709,0.0,False,0.2713171875000005,-0.2186624508463542,False,False,0.0,0.8054999998421408,0.0,0.0,0.00809999619377777,0.011099997209385037
run_1790716901,499,16.63333333333332,SIMULATION,TRACKING,SEARCHING,,True,658.5549105772837,964.2637704752071,324.90643002172953,241.8218320950017,324.5,241.5,324.5,241.5,0.5184218937663129,0.0,4.743416490252569,0.995604451075672,1,True,-2.1555905902777734,-0.23950580015191353,0.009106406250000016,-0.004767915028211806,0.8377999984077178,1193.6022939849029,True,True,4.743416490252569,0.0,False,0.2731921875000005,-0.1430374508463542,False,False,0.0,0.8377999984077178,0.0,0.0,0.00809999619377777,0.012699994840659201
run_1790716901,500,16.666666666666654,SIMULATION,TRACKING,SEARCHING,,True,659.9830861609955,963.4046568594368,324.87758060544127,241.72558488374534,324.5,240.5,324.5,240.5,1.282429499376272,0.0,4.527692569068709,0.995604451075672,1,True,-2.1464216840277732,-0.24677371518012534,0.009168906250000018,-0.007267915028211807,0.7821000035619363,1278.608867722384,True,True,4.527692569068709,0.0,False,0.27506718750000053,-0.2180374508463542,False,False,0.0,0.7821000035619363,0.0,0.0,0.007800001185387373,0.01170000177808106
run_1790716901,501,16.69999999999999,SIMULATION,TRACKING,SEARCHING,,True,661.4183713528339,962.5574743992773,324.8458407972796,242.04126882809976,323.5,241.5,323.5,241.5,1.4506065613717232,0.0,3.8078865529319543,0.995604451075672,1,True,-2.138870833333329,-0.2515207968750038,0.0075508506944444624,-0.0047470816948784736,0.8082000058493577,1237.317486714288,True,True,3.8078865529319543,0.0,False,0.22652552083333388,-0.1424124508463542,False,False,0.0,0.8082000058493577,0.0,0.0,0.00790000194683671,0.013000004400964826
run_1790716901,502,16.733333333333324,SIMULATION,TRACKING,SEARCHING,,True,662.860666480793,961.7222819265037,325.07999981412763,241.9656094265066,324.5,241.5,324.5,241.5,0.7437687291355394,0.0,4.743416490252569,0.995604451075672,1,True,-2.1295908159722177,-0.2562470452365489,0.009280017361111129,-0.004726248361545141,0.7804999986547045,1281.2299829899205,True,True,4.743416490252569,0.0,False,0.2784005208333339,-0.14178745084635422,False,False,0.0,0.7804999986547045,0.0,0.0,0.007700000423938036,0.012299999070819467
run_1790716901,503,16.76666666666666,SIMULATION,TRACKING,SEARCHING,,True,664.3098713860685,960.8991374402574,325.0444019416253,241.89866467810748,324.5,241.5,324.5,241.5,0.6747644030444724,0.0,4.743416490252569,0.995604451075672,1,True,-2.1202482986111066,-0.2609524602647607,0.009342517361111129,-0.004705415028211808,0.8239000017056242,1213.7395289838773,True,True,4.743416490252569,0.0,False,0.28027552083333385,-0.14116245084635423,False,False,0.0,0.8239000017056242,0.0,0.0,0.00790000194683671,0.013600001693703234
run_1790716901,504,16.799999999999994,SIMULATION,TRACKING,SEARCHING,,True,665.7658854300133,960.0880981030191,325.0056132077924,241.84049174538302,324.5,241.5,324.5,241.5,0.6095730838612408,0.0,4.743416490252569,0.995604451075672,1,True,-2.1108432812499953,-0.26563704195963916,0.009405017361111129,-0.004684581694878474,0.7893000001786277,1266.945394366766,True,True,4.743416490252569,0.0,False,0.28215052083333386,-0.14053745084635424,False,False,0.0,0.7893000001786277,0.0,0.0,0.01080000220099464,0.01799999881768599
run_1790716901,505,16.83333333333333,SIMULATION,TRACKING,SEARCHING,,True,667.2286075011262,959.2892202366393,324.9635325011276,241.7911469501837,324.5,241.5,324.5,241.5,0.5473837102096376,0.0,4.743416490252569,0.995604451075672,1,True,-2.101375763888884,-0.2703007903211843,0.009467517361111129,-0.004663748361545142,0.875699995958712,1141.943593256735,True,True,4.743416490252569,0.0,False,0.2840255208333339,-0.13991245084635426,False,False,0.0,0.875699995958712,0.0,0.0,0.007800001185387373,0.012300006346777081
run_1790716901,506,16.866666666666664,SIMULATION,TRACKING,SEARCHING,,True,668.6979360220735,958.5025593184264,324.9180582442971,241.750685769818,324.5,241.5,324.5,241.5,0.4874587683219948,0.0,4.743416490252569,0.995604451075672,1,True,-2.091845746527773,-0.2749437053493961,0.009530017361111127,-0.004642915028211809,0.8068000024650246,1239.4645475268833,True,True,4.743416490252569,0.0,False,0.28590052083333384,-0.13928745084635427,False,False,0.0,0.8068000024650246,0.0,0.0,0.007699993147980422,0.011999996786471456
run_1790716901,507,16.9,SIMULATION,TRACKING,SEARCHING,,True,670.1737689567425,957.7281699772947,324.86908840118826,241.71916283320013,324.5,241.5,324.5,241.5,0.4292535327146619,0.0,4.743416490252569,0.995604451075672,1,True,-2.082253229166662,-0.2795657870442746,0.009592517361111129,-0.004622081694878476,0.8106999957817607,1233.5019183461284,True,True,4.743416490252569,0.0,False,0.28777552083333385,-0.13866245084635428,False,False,0.0,0.8106999957817607,0.0,0.0,0.007700000423938036,0.01309999788645655
run_1790716901,508,16.933333333333334,SIMULATION,TRACKING,SEARCHING,,True,671.6560038173284,956.9661059899705,324.8165204839963,241.6966319170565,324.5,241.5,324.5,241.5,0.3726249154237828,0.0,4.743416490252569,0.995604451075672,1,True,-2.0725982118055506,-0.2841670354058197,0.009655017361111129,-0.004601248361545143,0.8108999973046593,1233.1976856873694,True,True,4.743416490252569,0.0,False,0.28965052083333387,-0.1380374508463543,False,False,0.0,0.8108999973046593,0.0,0.0,0.007800001185387373,0.01170000177808106
run_1790716901,509,16.96666666666667,SIMULATION,TRACKING,SEARCHING,,True,673.1445376714503,956.216420277258,324.7602515603404,241.68314594219112,324.5,240.5,324.5,240.5,1.2114310525914895,0.0,4.527692569068709,0.995604451075672,1,True,-2.0628806944444396,-0.29126828376736486,0.009717517361111129,-0.007101248361545144,0.8079000035650097,1237.7769471312206,True,True,4.527692569068709,0.0,False,0.2915255208333339,-0.2130374508463543,False,False,0.0,0.8079000035650097,0.0,0.0,0.008900002285372466,0.012299999070819467
run_1790716901,510,17.000000000000004,SIMULATION,TRACKING,SEARCHING,,True,674.6392671492999,955.4791649003636,324.70017826041226,242.082090303144,324.5,241.5,324.5,241.5,0.6155489070382367,0.0,4.743416490252569,0.995604451075672,1,True,-2.053100677083328,-0.2958486987955767,0.009780017361111129,-0.0045804150282118105,0.8383000022149645,1192.8903702228201,True,True,4.743416490252569,0.0,False,0.2934005208333339,-0.1374124508463543,False,False,0.0,0.8383000022149645,0.0,0.0,0.00839999847812578,0.012399999832268804
run_1790716901,511,17.03333333333334,SIMULATION,TRACKING,SEARCHING,,True,676.1400884508198,954.754391057281,324.6361967841543,242.09018286457535,323.5,241.5,323.5,241.5,1.280335481801935,0.0,3.8078865529319543,0.995604451075672,1,True,-2.0449387152777727,-0.30040828049045515,0.008161961805555574,-0.004559581694878478,0.8130999995046295,1229.861026453372,True,True,3.8078865529319543,0.0,False,0.24485885416666722,-0.13678745084635432,False,False,0.0,0.8130999995046295,0.0,0.0,0.008800001523923129,0.01200000406242907
run_1790716901,512,17.066666666666674,SIMULATION,TRACKING,SEARCHING,,True,677.6468973529115,954.042149079236,324.8370917973572,242.1074739577108,324.5,241.5,324.5,241.5,0.6947341139906024,0.0,4.743416490252569,0.995604451075672,1,True,-2.0350475868055504,-0.3049470288520003,0.00989112847222224,-0.004538748361545145,0.7933000015327707,1260.5571638319109,True,True,4.743416490252569,0.0,False,0.2967338541666672,-0.13616245084635434,False,False,0.0,0.7933000015327707,0.0,0.0,0.007300004654098302,0.011599993740674108
run_1790716901,513,17.10000000000001,SIMULATION,TRACKING,SEARCHING,,True,679.1595892166736,953.3424884271907,324.7672031055637,242.1340130435127,324.5,241.5,324.5,241.5,0.6880189234077245,0.0,4.743416490252569,0.995604451075672,1,True,-2.0250939583333283,-0.3094649438802121,0.00995362847222224,-0.004517915028211811,0.901999999769032,1108.6474503947472,True,True,4.743416490252569,0.0,False,0.2986088541666672,-0.13553745084635435,False,False,0.0,0.901999999769032,0.0,0.0,0.008300004992634058,0.012099997547920793
run_1790716901,514,17.133333333333344,SIMULATION,TRACKING,SEARCHING,,True,680.6780589946678,952.6554576884092,324.6930923280024,242.16984870924512,324.5,242.5,324.5,242.5,0.38247159622710647,0.0,5.1478150704935,0.995604451075672,1,True,-2.015077829861106,-0.31228147001953505,0.010016128472222241,-0.002816526139322923,0.8087999958661385,1236.3996106714944,True,True,5.1478150704935,0.0,False,0.30048385416666723,-0.0844957841796877,False,False,0.0,0.8087999958661385,0.0,0.0,0.008600000001024455,0.012899996363557875
run_1790716901,515,17.16666666666668,SIMULATION,TRACKING,SEARCHING,,True,682.2022012382142,951.9811045730835,324.6146540159933,241.946139776211,323.5,241.5,323.5,241.5,1.2006224532664898,0.0,3.8078865529319543,0.995604451075672,1,True,-2.0066797569444392,-0.3167438294921913,0.008398072916666686,-0.004462359472656257,0.8273999992525205,1208.6052706108383,True,True,3.8078865529319543,0.0,False,0.2519421875000006,-0.1338707841796877,False,False,0.0,0.8273999992525205,0.0,0.0,0.008900002285372466,0.012500000593718141
run_1790716901,516,17.200000000000014,SIMULATION,TRACKING,SEARCHING,,True,683.7319101047142,951.3194759110199,324.8006712158266,241.9984886297724,324.5,241.5,324.5,241.5,0.5821461105590214,0.0,4.743416490252569,0.995604451075672,1,True,-1.9965525173611058,-0.32118535563151424,0.01012723958333335,-0.004441526139322924,0.7951000006869435,1257.7034324437539,True,True,4.743416490252569,0.0,False,0.30381718750000053,-0.13324578417968772,False,False,0.0,0.7951000006869435,0.0,0.0,0.008199996955227107,0.011800002539530396
run_1790716901,517,17.23333333333335,SIMULATION,TRACKING,SEARCHING,,True,685.2670793649999,950.6706176483875,324.7154821427789,242.0602745494316,323.5,241.5,323.5,241.5,1.3383962082116005,0.0,3.8078865529319543,0.995604451075672,1,True,-1.988043333333328,-0.32560604843750385,0.008509184027777797,-0.0044206928059895905,0.8056999940890819,1241.1567672041406,True,True,3.8078865529319543,0.0,False,0.25527552083333394,-0.13262078417968773,False,False,0.0,0.8056999940890819,0.0,0.0,0.00809999619377777,0.011699994502123445
run_1790716901,518,17.266666666666683,SIMULATION,TRACKING,SEARCHING,,True,686.8076024107118,950.034574844527,324.8945357440464,242.13154259452938,324.5,241.5,324.5,241.5,0.7446505905692474,0.0,4.743416490252569,0.995604451075672,1,True,-1.9778049826388835,-0.3300059079101601,0.010238350694444462,-0.004399859472656258,0.8079999970505014,1237.6237668940216,True,True,4.743416490252569,0.0,False,0.3071505208333339,-0.13199578417968774,False,False,0.0,0.8079999970505014,0.0,0.0,0.008700000762473792,0.012200005585327744
run_1790716901,519,17.30000000000002,SIMULATION,TRACKING,SEARCHING,,True,688.3533722617021,949.411391668822,324.8021694839257,242.21233693444935,323.5,241.5,323.5,241.5,1.4842739885371619,0.0,3.8078865529319543,0.995604451075672,1,True,-1.9691846874999945,-0.33438493404948305,0.008620295138888907,-0.004379026139322925,0.8457000003545545,1182.4524057949109,True,True,3.8078865529319543,0.0,False,0.25860885416666723,-0.13137078417968776,False,False,0.0,0.8457000003545545,0.0,0.0,0.008700000762473792,0.012099997547920793
run_1790716901,520,17.333333333333353,SIMULATION,TRACKING,SEARCHING,,True,689.9042815734634,948.8011113976314,324.97383157346474,242.30270084555036,324.5,242.5,324.5,242.5,0.5132672952357372,0.0,5.1478150704935,0.995604451075672,1,True,-1.958835225694439,-0.33706257129991707,0.010349461805555574,-0.002677637250434037,0.7970000006025657,1254.7051433424815,True,True,5.1478150704935,0.0,False,0.31048385416666724,-0.0803291175130211,False,False,0.0,0.7970000006025657,0.0,0.0,0.00809999619377777,0.012099997547920793
run_1790716901,521,17.36666666666669,SIMULATION,TRACKING,SEARCHING,,True,691.4602226445835,948.2037764112845,324.8738587556959,242.13378781927292,323.5,241.5,323.5,241.5,1.5130019433103825,0.0,3.8078865529319543,0.995604451075672,1,True,-1.950103819444439,-0.34138604188368443,0.00873140625000002,-0.00432347058376737,2.119900003890507,471.72036330240513,True,True,3.8078865529319543,0.0,False,0.2619421875000006,-0.1297041175130211,False,False,0.0,2.119900003890507,0.0,0.0,0.009099996532313526,0.014400000509340316
run_1790716901,522,17.400000000000023,SIMULATION,TRACKING,SEARCHING,,True,693.0210874242243,947.6194281911374,325.03769853533674,242.2411948925287,324.5,242.5,324.5,242.5,0.5967409811270765,0.0,5.1478150704935,0.995604451075672,1,True,-1.9396432465277722,-0.3440081235785629,0.010460572916666687,-0.0026220816948784816,0.8634000041638501,1158.2117155170026,True,True,5.1478150704935,0.0,False,0.3138171875000006,-0.07866245084635445,False,False,0.0,0.8634000041638501,0.0,0.0,0.008799994247965515,0.016099998902063817
run_1790716901,523,17.43333333333336,SIMULATION,TRACKING,SEARCHING,,True,694.5867675196258,947.0481073166928,324.9296869640716,242.08940708926468,324.5,241.5,324.5,241.5,0.7294049656867847,0.0,4.743416490252569,0.995604451075672,1,True,-1.9291201736111054,-0.34827603860677475,0.010523072916666687,-0.004267915028211815,0.8304000002681278,1204.2389206130902,True,True,4.743416490252569,0.0,False,0.3156921875000006,-0.12803745084635446,False,False,0.0,0.8304000002681278,0.0,0.0,0.008700000762473792,0.012899996363557875
run_1790716901,524,17.466666666666693,SIMULATION,TRACKING,SEARCHING,,True,696.1571542036326,946.4898534627819,324.8163819814117,242.21401963986762,324.5,241.5,324.5,241.5,0.7809747782602758,0.0,4.743416490252569,0.995604451075672,1,True,-1.9185346006944388,-0.3525231203016532,0.010585572916666685,-0.004247081694878483,0.822000001790002,1216.5450095162798,True,True,4.743416490252569,0.0,False,0.31756718750000057,-0.12741245084635447,False,False,0.0,0.822000001790002,0.0,0.0,0.008000002708286047,0.011999996786471456
run_1790716901,525,17.50000000000003,SIMULATION,TRACKING,SEARCHING,,True,697.732138422245,945.9447053968088,324.6976745333575,242.3484046450751,324.5,241.5,324.5,241.5,0.8711289588362433,0.0,4.743416490252569,0.995604451075672,1,True,-1.9078865277777721,-0.3567493686631984,0.010648072916666687,-0.004226248361545149,0.920600003155414,1086.2480953426434,True,True,4.743416490252569,0.0,False,0.3194421875000006,-0.12678745084635448,False,False,0.0,0.920600003155414,0.0,0.0,0.010199997632298619,0.013500000932253897
run_1790716901,526,17.533333333333363,SIMULATION,TRACKING,SEARCHING,,True,699.311610802192,945.4127009760593,324.57345524663776,242.4925999621729,323.5,241.5,323.5,241.5,1.46203996232654,0.0,3.8078865529319543,0.995604451075672,1,True,-1.898856510416661,-0.3609547836914102,0.009030017361111132,-0.004205415028211816,0.8434000046690926,1185.6770150153714,True,True,3.8078865529319543,0.0,False,0.27090052083333394,-0.1261624508463545,False,False,0.0,0.8434000046690926,0.0,0.0,0.008199996955227107,0.013299999409355223
run_1790716901,527,17.5666666666667,SIMULATION,TRACKING,SEARCHING,,True,700.8954616585264,944.8938771450711,324.71250332519435,242.64664253569856,324.5,242.5,324.5,242.5,0.2581892648712538,0.0,5.1478150704935,0.995604451075672,1,True,-1.8880973263888832,-0.36345880983073314,0.010759184027777797,-0.002504026139322928,0.8218000002671033,1216.841080159379,True,True,5.1478150704935,0.0,False,0.32277552083333394,-0.07512078417968784,False,False,0.0,0.8218000002671033,0.0,0.0,0.007499998901039362,0.012099997547920793
run_1790716901,528,17.600000000000033,SIMULATION,TRACKING,SEARCHING,,True,702.4835810022417,944.3882699330682,324.57915322446524,242.5416795059873,323.5,241.5,323.5,241.5,1.4998892876034844,0.0,3.8078865529319543,0.995604451075672,1,True,-1.878956197916661,-0.3676086693033894,0.009141128472222242,-0.004149859472656262,0.8744000006117858,1143.641353271199,True,True,3.8078865529319543,0.0,False,0.2742338541666673,-0.12449578417968785,False,False,0.0,0.8744000006117858,0.0,0.0,0.00809999619377777,0.012299999070819467
run_1790716901,529,17.63333333333337,SIMULATION,TRACKING,SEARCHING,,True,704.0758585479109,943.8959144514592,324.7088502145789,242.71330154000339,324.5,242.5,324.5,242.5,0.29852296242912946,0.0,5.1478150704935,0.995604451075672,1,True,-1.868085902777772,-0.37005713988715677,0.010870295138888908,-0.0024484705837673733,0.9667000049375929,1034.447082747824,True,True,5.1478150704935,0.0,False,0.32610885416666724,-0.0734541175130212,False,False,0.0,0.9667000049375929,0.0,0.0,0.009199997293762863,0.019999999494757503
run_1790716901,530,17.666666666666703,SIMULATION,TRACKING,SEARCHING,,True,705.6721837213441,943.4168448913996,324.56592816578984,242.62598727334648,324.5,241.5,324.5,241.5,1.1279157161697222,0.0,4.743416490252569,0.995604451075672,1,True,-1.8571531076388832,-0.37415144380425747,0.010932795138888908,-0.004094303917100707,0.9825000015553087,1017.8117032233981,True,True,4.743416490252569,0.0,False,0.32798385416666725,-0.1228291175130212,False,False,0.0,0.9825000015553087,0.0,0.0,0.011199997970834374,0.04170000465819612
run_1790716901,531,17.70000000000004,SIMULATION,TRACKING,SEARCHING,,True,707.2724456672681,942.9510945214159,324.41694288949157,242.8153255300989,323.5,242.5,323.5,242.5,0.9696465606195359,0.0,4.301162633521313,0.995604451075672,1,True,-1.84783836805555,-0.3765443588324693,0.009314739583333353,-0.002392915028211818,0.8194000038201921,1220.4051688281888,True,True,4.301162633521313,0.0,False,0.2794421875000006,-0.07178745084635454,False,False,0.0,0.8194000038201921,0.0,0.0,0.007799993909429759,0.012299999070819467
run_1790716901,532,17.733333333333373,SIMULATION,TRACKING,SEARCHING,,True,708.8765332570242,942.4986956850969,324.5306721459143,242.7457930982938,324.5,241.5,324.5,241.5,1.2461706240685744,0.0,4.743416490252569,0.995604451075672,1,True,-1.8367944618055498,-0.38058310719401445,0.01104390625000002,-0.0040387483615451514,0.7975000044098124,1253.9184883642065,True,True,4.743416490252569,0.0,False,0.3313171875000006,-0.12116245084635455,False,False,0.0,0.7975000044098124,0.0,0.0,0.008200004231184721,0.012299999070819467
run_1790716901,533,17.76666666666671,SIMULATION,TRACKING,SEARCHING,,True,710.4843350962856,942.0596797988464,324.3714489851757,242.95297694989063,323.5,242.5,323.5,242.5,0.9821463490213305,0.0,4.301162633521313,0.995604451075672,1,True,-1.8273686111111054,-0.38292046666667073,0.009425850694444465,-0.0023373594726562633,0.7910999993328005,1264.0626985758843,True,True,4.301162633521313,0.0,False,0.28277552083333396,-0.0701207841796879,False,False,0.0,0.7910999993328005,0.0,0.0,0.008299997716676444,0.011800002539530396
run_1790716901,534,17.800000000000043,SIMULATION,TRACKING,SEARCHING,,True,712.0957395327928,941.6340773497026,324.4747173105718,242.9013520163718,323.5,242.5,323.5,242.5,1.054114451363813,0.0,4.301162633521313,0.995604451075672,1,True,-1.8178941493055498,-0.3852231039171048,0.009474461805555577,-0.002302637250434041,0.7846999942557886,1274.3723809357261,True,True,4.301162633521313,0.0,False,0.2842338541666673,-0.06907911751302123,False,False,0.0,0.7846999942557886,0.0,0.0,0.00790000194683671,0.01170000177808106
run_1790716901,535,17.83333333333338,SIMULATION,TRACKING,SEARCHING,,True,713.7106346641076,941.2219178932197,324.5736985529977,242.85761451995836,324.5,242.5,324.5,242.5,0.3651295956218905,0.0,5.1478150704935,0.995604451075672,1,True,-1.8066905208333275,-0.3874910189453166,0.011203628472222244,-0.002267915028211819,0.7803000044077635,1281.5583677447057,True,True,5.1478150704935,0.0,False,0.3361088541666673,-0.06803745084635457,False,False,0.0,0.7803000044077635,0.0,0.0,0.007399998139590025,0.011799995263572782
run_1790716901,536,17.866666666666713,SIMULATION,TRACKING,SEARCHING,,True,715.3289083453836,940.8232300514169,324.3993916787182,242.8217930826694,323.5,242.5,323.5,242.5,0.9552257219115223,0.0,4.301162633521313,0.995604451075672,1,True,-1.7971049479166608,-0.3897242117513062,0.009585572916666688,-0.002233192805989597,0.8125000022118911,1230.7692274186738,True,True,4.301162633521313,0.0,False,0.28756718750000065,-0.0669957841796879,False,False,0.0,0.8125000022118911,0.0,0.0,0.007999995432328433,0.012700002116616815
run_1790716901,537,17.90000000000005,SIMULATION,TRACKING,SEARCHING,,True,716.9504481971547,940.4380415107894,324.48723986382265,242.79391539100027,324.5,241.5,324.5,241.5,1.2939783074467064,0.0,4.743416490252569,0.995604451075672,1,True,-1.7857902083333275,-0.3936032378906292,0.011314739583333355,-0.00387902613932293,0.8748999971430749,1142.9877737632078,True,True,4.743416490252569,0.0,False,0.33944218750000066,-0.11637078417968791,False,False,0.0,0.8748999971430749,0.0,0.0,0.007899994670879096,0.012399999832268804
run_1790716901,538,17.933333333333383,SIMULATION,TRACKING,SEARCHING,,True,718.5751416131382,940.0663790203869,324.3015749464728,243.04289708288945,324.5,242.5,324.5,242.5,0.5780222698799389,0.0,5.1478150704935,0.995604451075672,1,True,-1.774412968749994,-0.3957808751410632,0.011377239583333355,-0.002177637250434042,1.3146999990567565,760.6298020213426,True,True,5.1478150704935,0.0,False,0.3413171875000006,-0.06532911751302126,False,False,0.0,1.3146999990567565,0.0,0.0,0.008200004231184721,0.012600001355167478
run_1790716901,539,17.96666666666672,SIMULATION,TRACKING,SEARCHING,,True,720.2028757680554,939.7082683899548,324.1089507680566,243.03320841252685,323.5,242.5,323.5,242.5,0.80940240245884,0.0,4.301162633521313,0.995604451075672,1,True,-1.7646537847222163,-0.39792379016927504,0.009759184027777798,-0.0021429150282118196,0.8480999968014657,1179.1062419188913,True,True,4.301162633521313,0.0,False,0.29277552083333397,-0.0642874508463546,False,False,0.0,0.8480999968014657,0.0,0.0,0.008499999239575118,0.011800002539530396
run_1790716901,540,18.000000000000053,SIMULATION,TRACKING,SEARCHING,,True,721.8335376254663,939.3637344881433,324.1781431810231,243.03154091522924,323.5,242.5,323.5,242.5,0.8616344459983222,0.0,4.301162633521313,0.995604451075672,1,True,-1.7548459895833275,-0.40003198297526465,0.00980779513888891,-0.0021081928059895976,0.8237000001827255,1214.0342354961333,True,True,4.301162633521313,0.0,False,0.2942338541666673,-0.06324578417968793,False,False,0.0,0.8237000001827255,0.0,0.0,0.008499999239575118,0.01200000406242907
run_1790716901,541,18.03333333333339,SIMULATION,TRACKING,SEARCHING,,True,723.4670139456197,939.0328012407792,324.24237227895424,243.03791851682342,323.5,242.5,323.5,242.5,0.9167731078632366,0.0,4.301162633521313,0.995604451075672,1,True,-1.7449895833333275,-0.40210545355903204,0.009856406250000022,-0.0020734705837673756,0.825399998575449,1211.5338038840462,True,True,4.301162633521313,0.0,False,0.29569218750000065,-0.06220411751302127,False,False,0.0,0.825399998575449,0.0,0.0,0.00790000194683671,0.012899996363557875
run_1790716901,542,18.066666666666723,SIMULATION,TRACKING,SEARCHING,,True,725.1031912933161,938.7154916292051,324.3015246266506,243.05236419865207,323.5,242.5,323.5,242.5,0.9734207389818083,0.0,4.301162633521313,0.995604451075672,1,True,-1.7350845659722165,-0.4041442019205772,0.009905017361111133,-0.0020387483615451536,0.7619000025442801,1312.508198793295,True,True,4.301162633521313,0.0,False,0.297150520833334,-0.061162450846354605,False,False,0.0,0.7619000025442801,0.0,0.0,0.007700000423938036,0.01170000177808106
run_1790716901,543,18.10000000000006,SIMULATION,TRACKING,SEARCHING,,True,726.7419560457864,938.4118276886832,324.35548660134316,243.07489999597738,324.5,242.5,324.5,242.5,0.5927850603432389,0.0,5.1478150704935,0.995604451075672,1,True,-1.7234503819444387,-0.40614822805990014,0.0116341840277778,-0.0020040261393229316,0.7952999949338846,1257.3871575129742,True,True,5.1478150704935,0.0,False,0.349025520833334,-0.06012078417968794,False,False,0.0,0.7952999949338846,0.0,0.0,0.008200004231184721,0.012099997547920793
run_1790716901,544,18.133333333333393,SIMULATION,TRACKING,SEARCHING,,True,728.3831944005813,938.1218305068649,324.1352555116936,243.1055469964507,323.5,242.5,323.5,242.5,0.8776313178365525,0.0,4.301162633521313,0.995604451075672,1,True,-1.7134342534722165,-0.40811753197700085,0.010016128472222245,-0.001969303917100709,0.8519000039086677,1173.8466902357359,True,True,4.301162633521313,0.0,False,0.30048385416666734,-0.05907911751302128,False,False,0.0,0.8519000039086677,0.0,0.0,0.008400005754083395,0.012399999832268804
run_1790716901,545,18.16666666666673,SIMULATION,TRACKING,SEARCHING,,True,730.0267923834746,937.845520222327,324.1762729390314,243.14432533864897,323.5,242.5,323.5,242.5,0.9340772077784824,0.0,4.301162633521313,0.995604451075672,1,True,-1.7033695138888831,-0.4100521136718793,0.010064739583333355,-0.001934581694878487,0.8051000040723011,1242.081722695155,True,True,4.301162633521313,0.0,False,0.3019421875000007,-0.058037450846354616,False,False,0.0,0.8051000040723011,0.0,0.0,0.007999995432328433,0.01219999830937013
run_1790716901,546,18.200000000000063,SIMULATION,TRACKING,SEARCHING,,True,731.6726358563781,937.5829160231726,324.2117580786015,243.1912542106752,324.5,243.5,324.5,243.5,0.42238296328957603,0.0,5.70087712549569,0.995604451075672,1,True,-1.691575607638883,-0.41027141758898006,0.011793906250000022,-0.00021930391710070865,1.0554999971645884,947.4182877179733,True,True,5.70087712549569,0.0,False,0.3538171875000007,-0.00657911751302126,False,False,0.0,1.0554999971645884,0.0,0.0,0.008700000762473792,0.013299999409355223
run_1790716901,547,18.2333333333334,SIMULATION,TRACKING,SEARCHING,,True,733.3206105252674,937.334036145699,323.97270774749086,242.9774629599376,323.5,242.5,323.5,242.5,0.6718805642748316,0.0,4.301162633521313,0.995604451075672,1,True,-1.6813997569444386,-0.4121226659505252,0.010175850694444466,-0.0018512483615451538,0.818600005004555,1221.59784251948,True,True,4.301162633521313,0.0,False,0.305275520833334,-0.055537450846354613,False,False,0.0,0.818600005004555,0.0,0.0,0.00839999847812578,0.01200000406242907
run_1790716901,548,18.266666666666733,SIMULATION,TRACKING,SEARCHING,,True,734.9706019481197,937.0988978731309,323.99456305923206,243.0385244252168,323.5,242.5,323.5,242.5,0.7311642606911627,0.0,4.301162633521313,0.995604451075672,1,True,-1.671175295138883,-0.41393919208984814,0.010224461805555578,-0.0018165261393229316,0.8071999982348643,1238.8503495871394,True,True,4.301162633521313,0.0,False,0.3067338541666673,-0.05449578417968795,False,False,0.0,0.8071999982348643,0.0,0.0,0.008000002708286047,0.011600001016631722
run_1790716901,549,18.300000000000068,SIMULATION,TRACKING,SEARCHING,,True,736.6224955428603,936.8775175344205,324.01054276508376,243.107788268798,323.5,242.5,323.5,242.5,0.7937635004633565,0.0,4.301162633521313,0.995604451075672,1,True,-1.6609022222222163,-0.41572099600694884,0.010273072916666688,-0.0017818039171007096,0.7982000024640001,1252.8188385280057,True,True,4.301162633521313,0.0,False,0.30819218750000066,-0.05345411751302129,False,False,0.0,0.7982000024640001,0.0,0.0,0.010599993402138352,0.01340000017080456
run_1790716901,550,18.333333333333403,SIMULATION,TRACKING,SEARCHING,,True,738.27617659532,936.6699105031136,324.02053215087676,243.18526986422717,323.5,243.5,323.5,243.5,0.6082834688366712,0.0,4.949747468305833,0.995604451075672,1,True,-1.6505805381944385,-0.4157875221462718,0.0103216840277778,-6.652613932293106e-05,0.8057000013650395,1241.1567559957452,True,True,4.949747468305833,0.0,False,0.309650520833334,-0.0019957841796879316,False,False,0.0,0.8057000013650395,0.0,0.0,0.008000002708286047,0.014299999747890979
run_1790716901,551,18.366666666666738,SIMULATION,TRACKING,SEARCHING,,True,739.9315302672014,936.4760911962815,324.02441637831373,243.00209473968675,323.5,242.5,323.5,242.5,0.7260245625767765,0.0,4.301162633521313,0.995604451075672,1,True,-1.6402102430555496,-0.41748599273003917,0.01037029513888891,-0.0016984705837673761,0.8167000050889328,1224.4398111533098,True,True,4.301162633521313,0.0,False,0.31110885416666734,-0.050954117513021285,False,False,0.0,0.8167000050889328,0.0,0.0,0.00809999619377777,0.02769999991869554
run_1790716901,552,18.400000000000073,SIMULATION,TRACKING,SEARCHING,,True,741.5884416040539,936.2960730735206,324.0220804929439,243.09383191032862,323.5,242.5,323.5,242.5,0.7906986650027369,0.0,4.301162633521313,0.995604451075672,1,True,-1.6297913368055497,-0.4191497410915843,0.010418906250000023,-0.001663748361545154,0.9933999972417951,1006.643852201057,True,True,4.301162633521313,0.0,False,0.3125671875000007,-0.04991245084635462,False,False,0.0,0.9933999972417951,0.0,0.0,0.00790000194683671,0.013299999409355223
run_1790716901,553,18.433333333333408,SIMULATION,TRACKING,SEARCHING,,True,743.2467955432558,936.1298686360169,324.01340943214586,243.19382721067223,323.5,242.5,323.5,242.5,0.8631253925621342,0.0,4.301162633521313,0.995604451075672,1,True,-1.6193238194444386,-0.42077876723090724,0.010467517361111133,-0.0016290261393229319,0.815100000181701,1226.8433318330037,True,True,4.301162633521313,0.0,False,0.314025520833334,-0.04887078417968796,False,False,0.0,0.815100000181701,0.0,0.0,0.008000002708286047,0.012599994079209864
run_1790716901,554,18.466666666666743,SIMULATION,TRACKING,SEARCHING,,True,744.9064769220056,935.9774894256786,323.9982880331179,243.30209218262564,323.5,242.5,323.5,242.5,0.9442684117228852,0.0,4.301162633521313,0.995604451075672,1,True,-1.6088076909722164,-0.42237307114800793,0.010516128472222245,-0.0015943039171007099,0.8850000012898818,1129.9435011779735,True,True,4.301162633521313,0.0,False,0.31548385416666735,-0.047829117513021296,False,False,0.0,0.8850000012898818,0.0,0.0,0.009000003046821803,0.012999997125007212
run_1790716901,555,18.500000000000078,SIMULATION,TRACKING,SEARCHING,,True,746.5673704853192,935.838946024334,323.97660104087595,243.41863740801705,323.5,243.5,323.5,243.5,0.48349604293956927,0.0,4.949747468305833,0.995604451075672,1,True,-1.5982429513888832,-0.4222520972873309,0.010564739583333356,0.00012097386067706865,0.8226999998441897,1215.5099066359412,True,True,4.949747468305833,0.0,False,0.3169421875000007,0.0036292158203120595,False,False,0.0,0.8226999998441897,0.0,0.0,0.007999995432328433,0.012399999832268804
run_1790716901,556,18.533333333333413,SIMULATION,TRACKING,SEARCHING,,True,748.229360894033,935.7142480529969,323.94823311625635,243.27458361897175,323.5,243.5,323.5,243.5,0.5017225043236057,0.0,4.949747468305833,0.995604451075672,1,True,-1.5876296006944388,-0.42208251231554267,0.010613350694444468,0.00016958497178817995,0.8014999984879978,1247.6606386605933,True,True,4.949747468305833,0.0,False,0.31840052083333403,0.005087549153645399,False,False,0.0,0.8014999984879978,0.0,0.0,0.007800001185387373,0.011500000255182385
run_1790716901,557,18.566666666666748,SIMULATION,TRACKING,SEARCHING,,True,749.8923327328145,935.6034041711987,323.9130688439267,243.13660614168737,323.5,243.5,323.5,243.5,0.5501644900229993,0.0,4.949747468305833,0.995604451075672,1,True,-1.5769676388888831,-0.42186431623264337,0.010661961805555578,0.00021819608289929126,0.8671000032336451,1153.2695147857637,True,True,4.949747468305833,0.0,False,0.3198588541666674,0.006545882486978738,False,False,0.0,0.8671000032336451,0.0,0.0,0.007899994670879096,0.013199998647905886
run_1790716901,558,18.600000000000083,SIMULATION,TRACKING,SEARCHING,,True,751.5561705181765,935.5064220763863,323.87099274039986,243.00471267361115,323.5,242.5,323.5,242.5,0.6263948406022456,0.0,4.301162633521313,0.995604451075672,1,True,-1.5662570659722164,-0.42327806459418854,0.01071057291666669,-0.0014137483615451539,0.7869999972172081,1270.6480349884994,True,True,4.301162633521313,0.0,False,0.3213171875000007,-0.042412450846354616,False,False,0.0,0.7869999972172081,0.0,0.0,0.008299997716676444,0.011600001016631722
run_1790716901,559,18.633333333333418,SIMULATION,TRACKING,SEARCHING,,True,753.2207587064969,935.423308503389,323.82188926205356,243.14779883846097,323.5,242.5,323.5,242.5,0.7233643840670961,0.0,4.301162633521313,0.995604451075672,1,True,-1.5554978819444385,-0.4246570907335115,0.010759184027777802,-0.0013790261393229317,0.7898000039858744,1266.143321034834,True,True,4.301162633521313,0.0,False,0.32277552083333405,-0.04137078417968795,False,False,0.0,0.7898000039858744,0.0,0.0,0.007599999662488699,0.01189999602502212
run_1790716901,560,18.666666666666753,SIMULATION,TRACKING,SEARCHING,,True,754.8859817020428,935.3540692239487,323.76564281315507,243.29920374131245,323.5,242.5,323.5,242.5,0.8421951818365869,0.0,4.301162633521313,0.995604451075672,1,True,-1.5446900868055495,-0.4260013946506122,0.010807795138888913,-0.0013443039171007096,0.7880000048317015,1269.0355252137044,True,True,4.301162633521313,0.0,False,0.3242338541666674,-0.04032911751302129,False,False,0.0,0.7880000048317015,0.0,0.0,0.00790000194683671,0.011900003300979733
run_1790716901,561,18.700000000000088,SIMULATION,TRACKING,SEARCHING,,True,756.5517238649977,935.2987090463212,323.70213775388777,243.45893219042102,323.5,242.5,323.5,242.5,0.9800054170117911,0.0,4.301162633521313,0.995604451075672,1,True,-1.5338336805555495,-0.4273109763454907,0.010856406250000025,-0.0013095816948784876,0.8017000000108965,1247.3493825451021,True,True,4.301162633521313,0.0,False,0.32569218750000073,-0.03928745084635463,False,False,0.0,0.8017000000108965,0.0,0.0,0.01670000347075984,0.01170000177808106
run_1790716901,562,18.733333333333423,SIMULATION,TRACKING,SEARCHING,,True,758.2178695194917,935.257231814941,323.63125840838177,243.62698803022136,322.5,242.5,322.5,242.5,1.5968242253913427,0.0,3.5355339059327378,0.995604451075672,1,True,-1.524609218749994,-0.42858583581814697,0.00922446180555558,-0.0012748594726562654,0.9445000032428652,1058.761245703102,True,True,3.5355339059327378,0.0,False,0.2767338541666674,-0.038245784179687964,False,False,0.0,0.9445000032428652,0.0,0.0,0.008999995770864189,0.012999997125007212
run_1790716901,563,18.766666666666758,SIMULATION,TRACKING,SEARCHING,,True,759.8843029616353,935.2296404101546,323.8217779616365,243.80337414105998,323.5,243.5,323.5,243.5,0.442240800988341,0.0,4.949747468305833,0.995604451075672,1,True,-1.5136694791666607,-0.42814541751302543,0.01093973958333336,0.00044041830512151305,0.8346000031451695,1198.1787637569191,True,True,4.949747468305833,0.0,False,0.3281921875000008,0.013212549153645392,False,False,0.0,0.8346000031451695,0.0,0.0,0.008000002708286047,0.012300006346777081
run_1790716901,564,18.800000000000093,SIMULATION,TRACKING,SEARCHING,,True,761.5509084675533,935.2159367480208,323.7380251342212,243.71920355010673,323.5,243.5,323.5,243.5,0.3235833136927808,0.0,4.949747468305833,0.995604451075672,1,True,-1.5026811284722164,-0.4276563880967928,0.010988350694444472,0.0004890294162326244,0.8181000011973083,1222.3444548789596,True,True,4.949747468305833,0.0,False,0.3296505208333341,0.014670882486978731,False,False,0.0,0.8181000011973083,0.0,0.0,0.007700000423938036,0.01219999830937013
run_1790716901,565,18.833333333333428,SIMULATION,TRACKING,SEARCHING,,True,763.2175703014223,935.2161217801772,323.64655085697905,243.64114387566588,322.5,242.5,322.5,242.5,1.6176489769443563,0.0,3.5355339059327378,0.995604451075672,1,True,-1.4933247222222163,-0.42879930312500464,0.009356406250000025,-0.0011429150282118207,0.8239999951911159,1213.5922400922627,True,True,3.5355339059327378,0.0,False,0.28069218750000074,-0.03428745084635462,False,False,0.0,0.8239999951911159,0.0,0.0,0.008300004992634058,0.012099997547920793
run_1790716901,566,18.866666666666763,SIMULATION,TRACKING,SEARCHING,,True,764.8841727235068,935.2301954937745,323.8161282790636,243.8380839937771,323.5,243.5,323.5,243.5,0.4628583753935902,0.0,4.949747468305833,0.995604451075672,1,True,-1.4822530381944385,-0.4282269403754387,0.011071684027777803,0.0005723627495659578,0.8409999936702661,1189.0606510421374,True,True,4.949747468305833,0.0,False,0.3321505208333341,0.017170882486978734,False,False,0.0,0.8409999936702661,0.0,0.0,0.008299997716676444,0.012299999070819467
run_1790716901,567,18.900000000000098,SIMULATION,TRACKING,SEARCHING,,True,766.5505999981973,935.2581569114772,323.7110861093097,243.77446737154912,323.5,243.5,323.5,243.5,0.34625089687766303,0.0,4.949747468305833,0.995604451075672,1,True,-1.4711327430555496,-0.4276059665147616,0.011120295138888913,0.000620973860677069,0.8897000006982125,1123.9743725022222,True,True,4.949747468305833,0.0,False,0.3336088541666674,0.018629215820312073,False,False,0.0,0.8897000006982125,0.0,0.0,0.007899994670879096,0.012999997125007212
run_1790716901,568,18.933333333333433,SIMULATION,TRACKING,SEARCHING,,True,768.2167364020472,935.3000040915313,323.59797529093737,243.7169587338949,322.5,242.5,322.5,242.5,1.6390662889316214,0.0,3.5355339059327378,0.995604451075672,1,True,-1.461644392361105,-0.428616937098529,0.00948835069444447,-0.001010970583767376,0.8285000003525056,1207.0006029867538,True,True,3.5355339059327378,0.0,False,0.2846505208333341,-0.03032911751302128,False,False,0.0,0.8285000003525056,0.0,0.0,0.007499998901039362,0.011299998732283711
run_1790716901,569,18.966666666666768,SIMULATION,TRACKING,SEARCHING,,True,769.8824662318092,935.3557341278994,323.7455690095883,243.93444406366575,323.5,243.5,323.5,243.5,0.4990448706525094,0.0,4.949747468305833,0.995604451075672,1,True,-1.4504407638888828,-0.4279126299045186,0.01120362847222225,0.0007043071940104025,0.8078000028035603,1237.930176441431,True,True,4.949747468305833,0.0,False,0.33610885416666747,0.021129215820312075,False,False,0.0,0.8078000028035603,0.0,0.0,0.007599999662488699,0.011399999493733048
run_1790716901,570,19.000000000000103,SIMULATION,TRACKING,SEARCHING,,True,771.54767381247,935.4253431504626,323.6181960346935,243.89136393518731,323.5,242.5,323.5,242.5,1.3963752728966494,0.0,4.301162633521313,0.995604451075672,1,True,-1.4391885243055493,-0.42884026715495266,0.01125223958333336,-0.0009276372504340426,0.8854999978211708,1129.3054799102922,True,True,4.301162633521313,0.0,False,0.3375671875000008,-0.02782911751302128,False,False,0.0,0.8854999978211708,0.0,0.0,0.008499999239575118,0.012399999832268804
run_1790716901,571,19.033333333333438,SIMULATION,TRACKING,SEARCHING,,True,773.2122435052835,935.508826325289,323.4824073941737,244.1232690700831,322.5,244.5,322.5,244.5,1.0521646647190033,0.0,5.1478150704935,0.995604451075672,1,True,-1.4295682291666605,-0.4263720710720534,0.009620295138888913,0.0024681960828992905,0.8278000022983178,1208.021257820226,True,True,5.1478150704935,0.0,False,0.28860885416666743,0.07404588248697871,False,False,0.0,0.8278000022983178,0.0,0.0,0.008499999239575118,0.010900002962443978
run_1790716901,572,19.066666666666773,SIMULATION,TRACKING,SEARCHING,,True,774.8760597158011,935.6061778549692,323.60697638246916,243.8257092264995,323.5,243.5,323.5,243.5,0.3428271381222446,0.0,4.949747468305833,0.995604451075672,1,True,-1.4182326562499938,-0.42552193054470966,0.011335572916666693,0.0008501405273437355,0.8368999988306314,1194.8858900672267,True,True,4.949747468305833,0.0,False,0.34006718750000076,0.025504215820312065,False,False,0.0,0.8368999988306314,0.0,0.0,0.023399996280204505,0.01340000017080456
run_1790716901,573,19.100000000000108,SIMULATION,TRACKING,SEARCHING,,True,776.5390069018991,935.7173909790199,323.4562319019004,243.8008998661752,323.5,243.5,323.5,243.5,0.3040664004383049,0.0,4.949747468305833,0.995604451075672,1,True,-1.406848472222216,-0.42462317890625484,0.011384184027777803,0.0008987516384548468,0.8010000019567087,1248.4394476369134,True,True,4.949747468305833,0.0,False,0.3415255208333341,0.026962549153645404,False,False,0.0,0.8010000019567087,0.0,0.0,0.007399998139590025,0.011600001016631722
run_1790716901,574,19.133333333333443,SIMULATION,TRACKING,SEARCHING,,True,778.2009695818024,935.8424579743518,323.2967251373592,243.78216659935424,322.5,243.5,322.5,243.5,0.8452153183013063,0.0,4.301162633521313,0.995604451075672,1,True,-1.3970962326388827,-0.42367581615668887,0.009752239583333358,0.0009473627495659581,0.7845000000088476,1274.6972593865164,True,True,4.301162633521313,0.0,False,0.29256718750000077,0.028420882486978744,False,False,0.0,0.7845000000088476,0.0,0.0,0.007700000423938036,0.012099997547920793
run_1790716901,575,19.166666666666778,SIMULATION,TRACKING,SEARCHING,,True,779.8618323421036,935.9813701558071,323.3972295643272,243.76950074087904,323.5,243.5,323.5,243.5,0.2884309480321639,0.0,4.949747468305833,0.995604451075672,1,True,-1.3856287152777715,-0.4226798422960118,0.011467517361111138,0.0009959738606770694,0.8520999981556088,1173.571179632114,True,True,4.949747468305833,0.0,False,0.34402552083333415,0.029879215820312083,False,False,0.0,0.8520999981556088,0.0,0.0,0.008499999239575118,0.015300000086426735
run_1790716901,576,19.200000000000113,SIMULATION,TRACKING,SEARCHING,,True,781.5214798457789,936.1341178767627,323.22207429022467,243.76289264412628,323.5,243.5,323.5,243.5,0.38256403710990633,0.0,4.949747468305833,0.995604451075672,1,True,-1.3741125868055493,-0.42163525732422363,0.01151612847222225,0.0010445849717881806,0.8054999998421408,1241.4649288590647,True,True,4.949747468305833,0.0,False,0.3454838541666675,0.03133754915364542,False,False,0.0,0.8054999998421408,0.0,0.0,0.00809999619377777,0.012100004823878407
run_1790716901,577,19.233333333333448,SIMULATION,TRACKING,SEARCHING,,True,783.179796840196,936.3006905297991,323.03781072908623,243.76233170167654,322.5,242.5,322.5,242.5,1.3721230649536738,0.0,3.5355339059327378,0.995604451075672,1,True,-1.3642284027777714,-0.4222226167968799,0.009884184027777803,-0.0005873594726562644,0.8015999992494471,1247.504991188022,True,True,3.5355339059327378,0.0,False,0.2965255208333341,-0.01762078417968793,False,False,0.0,0.8015999992494471,0.0,0.0,0.007499998901039362,0.01170000177808106
run_1790716901,578,19.266666666666783,SIMULATION,TRACKING,SEARCHING,,True,784.8366681651192,936.4810765474379,323.11321260956504,244.03669523494034,322.5,243.5,322.5,243.5,0.8149058103469572,0.0,4.301162633521313,0.995604451075672,1,True,-1.3543094965277713,-0.4210946984917584,0.009918906250000026,0.001127918305121514,1.00860000384273,991.473325589962,True,True,4.301162633521313,0.0,False,0.2975671875000008,0.033837549153645424,False,False,0.0,1.00860000384273,0.0,0.0,0.010000003385357559,0.022300002456177026
run_1790716901,579,19.300000000000118,SIMULATION,TRACKING,SEARCHING,,True,786.4919787607057,936.6752634029449,323.18149820515146,244.05041516162794,322.5,243.5,322.5,243.5,0.8760117886047917,0.0,4.301162633521313,0.995604451075672,1,True,-1.3443558680555492,-0.41991816907552576,0.009953628472222248,0.0011765294162326253,0.8229000013670884,1215.2144833378227,True,True,4.301162633521313,0.0,False,0.29860885416666744,0.035295882486978764,False,False,0.0,0.8229000013670884,0.0,0.0,0.008499999239575118,0.01290000363951549
run_1790716901,580,19.333333333333453,SIMULATION,TRACKING,SEARCHING,,True,788.1456136754958,936.8832376111999,323.2425525643861,244.07014466328576,322.5,243.5,322.5,243.5,0.9361886818102249,0.0,4.301162633521313,0.995604451075672,1,True,-1.3343675173611047,-0.418693028548182,0.00998835069444447,0.0012251405273437368,0.8173000023816712,1223.5409238785364,True,True,4.301162633521313,0.0,False,0.2996505208333341,0.0367542158203121,False,False,0.0,0.8173000023816712,0.0,0.0,0.00790000194683671,0.012499993317760527
run_1790716901,581,19.366666666666788,SIMULATION,TRACKING,SEARCHING,,True,789.7974580743963,937.104984729633,323.29626085217546,244.09586929734382,322.5,243.5,322.5,243.5,0.9945308261809789,0.0,4.301162633521313,0.995604451075672,1,True,-1.324344444444438,-0.4174192769097272,0.010023072916666691,0.001273751638454848,0.796499996795319,1255.492785967927,True,True,4.301162633521313,0.0,False,0.30069218750000076,0.03821254915364544,False,False,0.0,0.796499996795319,0.0,0.0,0.007599999662488699,0.011600001016631722
run_1790716901,582,19.400000000000123,SIMULATION,TRACKING,SEARCHING,,True,791.4473972466544,937.3404893592278,323.34250835776686,244.12757366478593,322.5,243.5,322.5,243.5,1.0505565370982428,0.0,4.301162633521313,0.995604451075672,1,True,-1.3142866493055492,-0.4160969141601612,0.010057795138888914,0.0013223627495659593,0.7947999984025955,1258.1781605558876,True,True,4.301162633521313,0.0,False,0.3017338541666674,0.03967088248697878,False,False,0.0,0.7947999984025955,0.0,0.0,0.007499998901039362,0.011500000255182385
run_1790716901,583,19.433333333333458,SIMULATION,TRACKING,SEARCHING,,True,793.095316613824,937.5897351455911,323.3811805027142,244.16524141121863,322.5,244.5,322.5,244.5,0.9426252654828013,0.0,5.1478150704935,0.995604451075672,1,True,-1.3041941319444381,-0.4130453847439286,0.010092517361111136,0.003051529416232625,0.8814999964670278,1134.4299534973447,True,True,5.1478150704935,0.0,False,0.3027755208333341,0.09154588248697876,False,False,0.0,0.8814999964670278,0.0,0.0,0.008499999239575118,0.01290000363951549
run_1790716901,584,19.466666666666793,SIMULATION,TRACKING,SEARCHING,,True,794.7411017377224,937.8527047800876,323.4121628488348,243.93996633911786,323.5,243.5,323.5,243.5,0.4486487988188449,0.0,4.949747468305833,0.995604451075672,1,True,-1.2923863368055493,-0.41161191088325155,0.011807795138888914,0.0014334738606770702,0.7912000000942498,1263.9029321042433,True,True,4.949747468305833,0.0,False,0.3542338541666674,0.04300421582031211,False,False,0.0,0.7912000000942498,0.0,0.0,0.00839999847812578,0.012200005585327744
run_1790716901,585,19.500000000000128,SIMULATION,TRACKING,SEARCHING,,True,796.3846383283774,938.1293800010428,323.16645221726753,243.98728574236475,322.5,243.5,322.5,243.5,0.8255943026770318,0.0,4.301162633521313,0.995604451075672,1,True,-1.2822104861111048,-0.41012982591146335,0.010175850694444469,0.0014820849717881817,0.7849999965401366,1273.8853559330819,True,True,4.301162633521313,0.0,False,0.3052755208333341,0.04446254915364545,False,False,0.0,0.7849999965401366,0.0,0.0,0.007700000423938036,0.011399999493733048
run_1790716901,586,19.533333333333463,SIMULATION,TRACKING,SEARCHING,,True,798.025812251964,938.4197415950111,323.1794900297431,244.04051374084702,322.5,243.5,322.5,243.5,0.8682521549438776,0.0,4.301162633521313,0.995604451075672,1,True,-1.2719999131944382,-0.40859912982856406,0.010210572916666692,0.001530696082899293,0.8742999998503365,1143.7721607814035,True,True,4.301162633521313,0.0,False,0.30631718750000075,0.04592088248697879,False,False,0.0,0.8742999998503365,0.0,0.0,0.013799995940644294,0.022000000171829015
run_1790716901,587,19.566666666666798,SIMULATION,TRACKING,SEARCHING,,True,799.6645095387304,938.7237693981095,323.1844956498428,244.0996301706815,323.5,243.5,323.5,243.5,0.6775686950853395,0.0,4.949747468305833,0.995604451075672,1,True,-1.2600740624999938,-0.40701982263455366,0.011925850694444469,0.0015793071940104042,0.9567000015522353,1045.2597453512187,True,True,4.949747468305833,0.0,False,0.3577755208333341,0.047379215820312126,False,False,0.0,0.9567000015522353,0.0,0.0,0.008300004992634058,0.012699994840659201
run_1790716901,588,19.600000000000133,SIMULATION,TRACKING,SEARCHING,,True,801.3006163909124,939.0414422974183,322.91246639091366,244.1646139189486,322.5,243.5,322.5,243.5,0.7822021381289787,0.0,4.301162633521313,0.995604451075672,1,True,-1.2497801562499937,-0.4053919043294322,0.010293906250000024,0.0016279183051215154,0.8410000009462237,1189.060640754914,True,True,4.301162633521313,0.0,False,0.30881718750000076,0.048837549153645465,False,False,0.0,0.8410000009462237,0.0,0.0,0.00839999847812578,0.012700002116616815
run_1790716901,589,19.633333333333468,SIMULATION,TRACKING,SEARCHING,,True,802.9340191906363,939.3727382324471,322.89884419063753,244.23544292515794,322.5,243.5,322.5,243.5,0.8366319289688725,0.0,4.301162633521313,0.995604451075672,1,True,-1.2394515277777716,-0.40371537491319953,0.010328628472222247,0.0016765294162326269,0.8025999995879829,1245.9506609934624,True,True,4.301162633521313,0.0,False,0.3098588541666674,0.050295882486978805,False,False,0.0,0.8025999995879829,0.0,0.0,0.008199996955227107,0.01200000406242907
run_1790716901,590,19.666666666666803,SIMULATION,TRACKING,SEARCHING,,True,804.5646045078084,939.717634196667,322.87684895225414,244.31209418278058,322.5,244.5,322.5,244.5,0.4210982414590883,0.0,5.1478150704935,0.995604451075672,1,True,-1.229088177083327,-0.4003096788303002,0.01036335069444447,0.003405696082899293,0.8128999979817308,1230.1636148146158,True,True,5.1478150704935,0.0,False,0.3109005208333341,0.1021708824869788,False,False,0.0,0.8128999979817308,0.0,0.0,0.00790000194683671,0.012099997547920793
run_1790716901,591,19.700000000000138,SIMULATION,TRACKING,SEARCHING,,True,806.1922591079925,940.0761062391077,322.84636744132706,244.1256548519575,322.5,243.5,322.5,243.5,0.7151324340214364,0.0,4.301162633521313,0.995604451075672,1,True,-1.2186901041666605,-0.39852203830295646,0.010398072916666692,0.0017876405273437382,0.8694999996805564,1150.0862568917628,True,True,4.301162633521313,0.0,False,0.31194218750000074,0.053629215820312146,False,False,0.0,0.8694999996805564,0.0,0.0,0.008700000762473792,0.012899996363557875
run_1790716901,592,19.733333333333473,SIMULATION,TRACKING,SEARCHING,,True,807.8168699602735,940.4481294660218,322.8072866269414,244.2116555944965,322.5,243.5,322.5,243.5,0.7751636964378508,0.0,4.301162633521313,0.995604451075672,1,True,-1.2082573090277715,-0.3966857866645016,0.010432795138888914,0.0018362516384548494,0.8053999990806915,1241.619072686157,True,True,4.301162633521313,0.0,False,0.3129838541666674,0.055087549153645485,False,False,0.0,0.8053999990806915,0.0,0.0,0.008299997716676444,0.011299998732283711
run_1790716901,593,19.766666666666808,SIMULATION,TRACKING,SEARCHING,,True,809.4383242451058,940.8336780426123,322.7594936895515,244.30340390893423,321.5,243.5,321.5,243.5,1.493915056122958,0.0,3.8078865529319543,0.995604451075672,1,True,-1.199470347222216,-0.39480092391493565,0.00878696180555558,0.0018848627495659607,0.8201999953598715,1219.2148325497603,True,True,3.8078865529319543,0.0,False,0.2636088541666674,0.056545882486978824,False,False,0.0,0.8201999953598715,0.0,0.0,0.007999995432328433,0.02849999873433262
run_1790716901,594,19.800000000000143,SIMULATION,TRACKING,SEARCHING,,True,811.0565093621494,941.2327251948275,322.9717649177062,244.4008730212189,322.5,243.5,322.5,243.5,1.0169239587788268,0.0,4.301162633521313,0.995604451075672,1,True,-1.1889819965277715,-0.3928674500542586,0.010488350694444468,0.0019334738606770722,0.9590999979991466,1042.6441477282642,True,True,4.301162633521313,0.0,False,0.31465052083333406,0.05800421582031216,False,False,0.0,0.9590999979991466,0.0,0.0,0.008799994247965515,0.025499997718725353
run_1790716901,595,19.833333333333478,SIMULATION,TRACKING,SEARCHING,,True,812.671312938088,941.6452432112198,322.90843238253365,244.5040352199029,322.5,244.5,322.5,244.5,0.40845231557891315,0.0,5.1478150704935,0.995604451075672,1,True,-1.1784589236111047,-0.3892048095269149,0.01052307291666669,0.0036626405273437385,0.8388999995077029,1192.0371922599077,True,True,5.1478150704935,0.0,False,0.3156921875000007,0.10987921582031215,False,False,0.0,0.8388999995077029,0.0,0.0,0.008000002708286047,0.012399999832268804
run_1790716901,596,19.866666666666813,SIMULATION,TRACKING,SEARCHING,,True,814.2826228344334,942.0712034448709,322.8360506122124,244.34397296917894,322.5,243.5,322.5,243.5,0.9084164169988455,0.0,4.301162633521313,0.995604451075672,1,True,-1.1679011284722158,-0.3871602245551267,0.010557795138888913,0.0020445849717881832,0.7942000011098571,1259.1286811918246,True,True,4.301162633521313,0.0,False,0.3167338541666674,0.061337549153645504,False,False,0.0,0.7942000011098571,0.0,0.0,0.00839999847812578,0.01170000177808106
run_1790716901,597,19.900000000000148,SIMULATION,TRACKING,SEARCHING,,True,815.8903271553124,942.5105763153797,322.75450771086923,244.45621224420165,322.5,244.5,322.5,244.5,0.2582470570011465,0.0,5.1478150704935,0.995604451075672,1,True,-1.1573086111111046,-0.3833864729166719,0.010592517361111135,0.00377375163845485,0.8377999984077178,1193.6022939849029,True,True,5.1478150704935,0.0,False,0.31777552083333405,0.1132125491536455,False,False,0.0,0.8377999984077178,0.0,0.0,0.008299997716676444,0.012999997125007212
run_1790716901,598,19.933333333333483,SIMULATION,TRACKING,SEARCHING,,True,817.4943142552379,942.9633313109183,322.6636920330169,244.30516697758753,321.5,243.5,321.5,243.5,1.4150876331536677,0.0,3.8078865529319543,0.995604451075672,1,True,-1.1483619270833267,-0.3812307768337726,0.0089466840277778,0.002155696082899295,0.7886000021244399,1268.0699940477573,True,True,3.8078865529319543,0.0,False,0.26840052083333404,0.06467088248697885,False,False,0.0,0.7886000021244399,0.0,0.0,0.007599999662488699,0.011699994502123445
run_1790716901,599,19.966666666666818,SIMULATION,TRACKING,SEARCHING,,True,819.0944727468614,943.4294369903492,322.8323810801959,244.42636128375455,322.5,243.5,322.5,243.5,0.9841861665922529,0.0,4.301162633521313,0.995604451075672,1,True,-1.13771385416666,-0.3790264696397622,0.01064807291666669,0.0022043071940104062,0.8133000010275282,1229.5585869133085,True,True,4.301162633521313,0.0,False,0.3194421875000007,0.06612921582031218,False,False,0.0,0.8133000010275282,0.0,0.0,0.00839999847812578,0.012999997125007212
run_1790716901,600,20.000000000000153,SIMULATION,TRACKING,SEARCHING,,True,820.6906915087083,943.90886098541,322.7249081753761,244.55309612777364,322.5,244.5,322.5,244.5,0.23109064484645178,0.0,5.1478150704935,0.995604451075672,1,True,-1.1270310590277712,-0.37509299577908517,0.010682795138888913,0.003933473860677073,0.7629999963683076,1310.615995753282,True,True,5.1478150704935,0.0,False,0.32048385416666736,0.11800421582031217,False,False,0.0,0.7629999963683076,0.0,0.0,0.007800001185387373,0.011999996786471456
run_1790716901,601,20.033333333333488,SIMULATION,TRACKING,SEARCHING,,True,822.2828596928952,944.4015700029603,322.6078291373408,244.41644932761562,321.5,243.5,321.5,243.5,1.4377638080117192,0.0,3.8078865529319543,0.995604451075672,1,True,-1.1179940972222155,-0.3727775774739637,0.009036961805555578,0.0023154183051215175,0.8056999940890819,1241.1567672041406,True,True,3.8078865529319543,0.0,False,0.27110885416666736,0.06946254915364553,False,False,0.0,0.8056999940890819,0.0,0.0,0.010000003385357559,0.05589999636868015
run_1790716901,602,20.066666666666823,SIMULATION,TRACKING,SEARCHING,,True,823.8708667328269,944.9075298272941,322.7499222883837,244.5519422231299,322.5,244.5,322.5,244.5,0.25526289345421166,0.0,5.1478150704935,0.995604451075672,1,True,-1.107255746527771,-0.3687329925021755,0.010738350694444466,0.004044584971788184,0.8030000026337802,1245.3300083687104,True,True,5.1478150704935,0.0,False,0.322150520833334,0.12133754915364552,False,False,0.0,0.8030000026337802,0.0,0.0,0.00790000194683671,0.013000004400964826
run_1790716901,603,20.100000000000158,SIMULATION,TRACKING,SEARCHING,,True,825.4546023508748,945.4267053225158,322.61552179532043,244.42398412286548,321.5,243.5,321.5,243.5,1.4484942302758428,0.0,3.8078865529319543,0.995604451075672,1,True,-1.0981632291666599,-0.3663064630859429,0.009092517361111134,0.002426529416232629,0.8486000006087124,1178.411500450962,True,True,3.8078865529319543,0.0,False,0.272775520833334,0.07279588248697887,False,False,0.0,0.8486000006087124,0.0,0.0,0.01930000144056976,0.014199998986441642
run_1790716901,604,20.133333333333493,SIMULATION,TRACKING,SEARCHING,,True,827.0339565660354,945.9590604349801,322.74007323270325,244.56809452873256,322.5,244.5,322.5,244.5,0.24954362725563528,0.0,5.1478150704935,0.995604451075672,1,True,-1.0873693229166599,-0.3621507670030436,0.010793906250000021,0.0041556960828992955,0.8238999944296665,1213.7395397025537,True,True,5.1478150704935,0.0,False,0.32381718750000066,0.12467088248697886,False,False,0.0,0.8238999944296665,0.0,0.0,0.008100003469735384,0.011999996786471456
run_1790716901,605,20.166666666666828,SIMULATION,TRACKING,SEARCHING,,True,828.6088197015672,946.5045581957961,322.58791136823504,244.44868091628473,322.5,244.5,322.5,244.5,0.10179418951164101,0.0,5.1478150704935,0.995604451075672,1,True,-1.0765406944444376,-0.3579325709201443,0.010828628472222244,0.004218196082899295,0.8011999962036498,1248.1278142016104,True,True,5.1478150704935,0.0,False,0.3248588541666673,0.12654588248697884,False,False,0.0,0.8011999962036498,0.0,0.0,0.007899994670879096,0.011299998732283711
run_1790716901,606,20.200000000000163,SIMULATION,TRACKING,SEARCHING,,True,830.1790823926076,947.063160723394,322.4255935037198,244.33237207061882,321.5,243.5,321.5,243.5,1.2448158892280403,0.0,3.8078865529319543,0.995604451075672,1,True,-1.0673578993055486,-0.35533243039280055,0.009182795138888911,0.00260014052734374,0.807099997473415,1239.0038447905447,True,True,3.8078865529319543,0.0,False,0.2754838541666673,0.07800421582031221,False,False,0.0,0.807099997473415,0.0,0.0,0.00839999847812578,0.011500000255182385
run_1790716901,607,20.233333333333498,SIMULATION,TRACKING,SEARCHING,,True,831.7446355937675,947.6348292261563,322.52189948265755,244.488018089006,322.5,244.5,322.5,244.5,0.024963043318797448,0.0,5.1478150704935,0.995604451075672,1,True,-1.0564737152777708,-0.3510031231987901,0.010884184027777799,0.004329307194010407,0.7985999982338399,1252.1913376052723,True,True,5.1478150704935,0.0,False,0.32652552083333397,0.1298792158203122,False,False,0.0,0.7985999982338399,0.0,0.0,0.007500006176996976,0.011500000255182385
run_1790716901,608,20.266666666666833,SIMULATION,TRACKING,SEARCHING,,True,833.3053705867038,948.2195240051108,322.34116503114944,244.3800237169188,321.5,243.5,321.5,243.5,1.2173743680430538,0.0,3.8078865529319543,0.995604451075672,1,True,-1.0472353645833263,-0.34829187156033525,0.009238350694444465,0.0027112516384548515,0.7993000035639852,1251.0947022909008,True,True,3.8078865529319543,0.0,False,0.27715052083333397,0.08133754915364555,False,False,0.0,0.7993000035639852,0.0,0.0,0.007599999662488699,0.011600001016631722
run_1790716901,609,20.300000000000168,SIMULATION,TRACKING,SEARCHING,,True,834.8611789876691,948.8172044566885,322.4188373210036,244.54390390634376,322.5,244.5,322.5,244.5,0.09227639705859339,0.0,5.1478150704935,0.995604451075672,1,True,-1.036295624999993,-0.3438514532552137,0.010939739583333354,0.004440418305121518,0.8203000033972785,1219.066190245633,True,True,5.1478150704935,0.0,False,0.3281921875000006,0.13321254915364555,False,False,0.0,0.8203000033972785,0.0,0.0,0.008200004231184721,0.013299999409355223
run_1790716901,610,20.333333333333503,SIMULATION,TRACKING,SEARCHING,,True,836.4119527550386,949.4278290755428,322.21925275503975,244.44406159637867,321.5,243.5,321.5,243.5,1.1868347919526614,0.0,3.8078865529319543,0.995604451075672,1,True,-1.0270017187499931,-0.3410290905056477,0.00929390625000002,0.002822362749565963,0.8650000017951243,1156.0693617626725,True,True,3.8078865529319543,0.0,False,0.2788171875000006,0.08467088248697889,False,False,0.0,0.8650000017951243,0.0,0.0,0.008100003469735384,0.012999997125007212
run_1790716901,611,20.366666666666838,SIMULATION,TRACKING,SEARCHING,,True,837.9575841968128,950.0513554574316,322.277859196814,244.6160099383368,321.5,244.5,321.5,244.5,0.7864624821700246,0.0,4.743416490252569,0.995604451075672,1,True,-1.0176869791666598,-0.3364775610894151,0.009314739583333353,0.004551529416232629,0.9190999990096316,1088.0208911734758,True,True,4.743416490252569,0.0,False,0.2794421875000006,0.13654588248697888,False,False,0.0,0.9190999990096316,0.0,0.0,0.00839999847812578,0.012999997125007212
run_1790716901,612,20.400000000000173,SIMULATION,TRACKING,SEARCHING,,True,839.4979659780961,950.6877403021622,322.3278826447639,244.52415007647016,321.5,244.5,321.5,244.5,0.8282348095164883,0.0,4.743416490252569,0.995604451075672,1,True,-1.0083514062499932,-0.3318635316731825,0.009335572916666686,0.004614029416232629,0.884300003235694,1130.8379467838454,True,True,4.743416490252569,0.0,False,0.2800671875000006,0.13842088248697887,False,False,0.0,0.884300003235694,0.0,0.0,0.008299997716676444,0.012599994079209864
run_1790716901,613,20.433333333333508,SIMULATION,TRACKING,SEARCHING,,True,841.0329911285505,951.3369394165986,322.36921612855167,244.43510448430936,321.5,243.5,321.5,243.5,1.276697722528647,0.0,3.8078865529319543,0.995604451075672,1,True,-0.9989949999999932,-0.32886755781250543,0.009356406250000018,0.0029959738606770746,0.8355999962077476,1196.744859428385,True,True,3.8078865529319543,0.0,False,0.2806921875000006,0.08987921582031223,False,False,0.0,0.8355999962077476,0.0,0.0,0.007800001185387373,0.011600001016631722
run_1790716901,614,20.466666666666843,SIMULATION,TRACKING,SEARCHING,,True,842.5625530498241,951.9989077177296,322.4017530498253,244.617716967732,322.5,244.5,322.5,244.5,0.15332888739781206,0.0,5.1478150704935,0.995604451075672,1,True,-0.9879372048611043,-0.3241424172851617,0.011057795138888908,0.004725140527343741,0.8119000049191527,1231.678770712137,True,True,5.1478150704935,0.0,False,0.33173385416666723,0.14175421582031222,False,False,0.0,0.8119000049191527,0.0,0.0,0.00790000194683671,0.012600001355167478
run_1790716901,615,20.500000000000178,SIMULATION,TRACKING,SEARCHING,,True,844.0865455229537,952.6735992358005,322.15649830073255,244.5363860014279,321.5,244.5,321.5,244.5,0.6575058630648384,0.0,4.743416490252569,0.995604451075672,1,True,-0.9785252430555487,-0.3193547767578179,0.009411961805555574,0.004787640527343741,0.8407999994233251,1189.343483213445,True,True,4.743416490252569,0.0,False,0.28235885416666723,0.14362921582031224,False,False,0.0,0.8407999994233251,0.0,0.0,0.008200004231184721,0.012799995602108538
run_1790716901,616,20.533333333333513,SIMULATION,TRACKING,SEARCHING,,True,845.6048627157411,953.3609671175046,322.16890160463106,244.45773139875712,322.5,243.5,322.5,243.5,1.0133486959488103,0.0,4.301162633521313,0.995604451075672,1,True,-0.9674118923611043,-0.3161851917860297,0.011113350694444463,0.003169584971788186,0.7804999986547045,1281.2299829899205,True,True,4.301162633521313,0.0,False,0.3334005208333339,0.09508754915364558,False,False,0.0,0.7804999986547045,0.0,0.0,0.008000002708286047,0.01200000406242907
run_1790716901,617,20.566666666666848,SIMULATION,TRACKING,SEARCHING,,True,847.1173991901026,954.0609636292377,321.90330196788136,244.650594315004,321.5,244.5,321.5,244.5,0.43050101626884346,0.0,4.743416490252569,0.995604451075672,1,True,-0.9579443749999931,-0.31128644014757484,0.009467517361111129,0.004898751638454852,0.7756999984849244,1289.158182226598,True,True,4.743416490252569,0.0,False,0.2840255208333339,0.14696254915364557,False,False,0.0,0.7756999984849244,0.0,0.0,0.00839999847812578,0.012699994840659201
run_1790716901,618,20.600000000000183,SIMULATION,TRACKING,SEARCHING,,True,848.6240499093908,954.7735401604122,321.8951499093919,244.5793705840257,321.5,244.5,321.5,244.5,0.40304235571585717,0.0,4.743416490252569,0.995604451075672,1,True,-0.9484560243055487,-0.30632518850912,0.009488350694444462,0.004961251638454851,0.8315999948536046,1202.5012099429373,True,True,4.743416490252569,0.0,False,0.28465052083333386,0.14883754915364555,False,False,0.0,0.8315999948536046,0.0,0.0,0.008700000762473792,0.011999996786471456
run_1790716901,619,20.633333333333518,SIMULATION,TRACKING,SEARCHING,,True,850.1247102456892,955.4986472268329,321.87767413457925,244.51067738829363,321.5,243.5,321.5,243.5,1.0789376882555446,0.0,3.8078865529319543,0.995604451075672,1,True,-0.9389468402777709,-0.3029819924262207,0.009509184027777794,0.0033431960828992973,0.8770999993430451,1140.1208536643576,True,True,3.8078865529319543,0.0,False,0.28527552083333385,0.10029588248697892,False,False,0.0,0.8770999993430451,0.0,0.0,0.008400005754083395,0.013500000932253897
run_1790716901,620,20.666666666666853,SIMULATION,TRACKING,SEARCHING,,True,851.6192759870773,956.2362344741341,321.85077043152296,244.713353262331,321.5,243.5,321.5,243.5,1.263038413841827,0.0,3.8078865529319543,0.995604451075672,1,True,-0.9294168229166597,-0.2995901852322103,0.009530017361111127,0.0033918071940104086,0.8228000006056391,1215.3621770344303,True,True,3.8078865529319543,0.0,False,0.28590052083333384,0.10175421582031226,False,False,0.0,0.8228000006056391,0.0,0.0,0.007800001185387373,0.012500000593718141
run_1790716901,621,20.700000000000188,SIMULATION,TRACKING,SEARCHING,,True,853.1076433448684,956.9862506812754,321.8143350115362,244.92068031843053,321.5,244.5,321.5,244.5,0.5251461032819873,0.0,4.743416490252569,0.995604451075672,1,True,-0.9198659722222152,-0.29446921137153326,0.00955085069444446,0.005120973860677075,0.8124000014504418,1230.9207265074115,True,True,4.743416490252569,0.0,False,0.2865255208333338,0.15362921582031225,False,False,0.0,0.8124000014504418,0.0,0.0,0.008100003469735384,0.013600001693703234
run_1790716901,622,20.733333333333523,SIMULATION,TRACKING,SEARCHING,,True,854.589708960816,957.7486437640995,321.7682645163726,244.8637175835463,321.5,244.5,321.5,244.5,0.4519472660890712,0.0,4.743416490252569,0.995604451075672,1,True,-0.9102942881944375,-0.2892857375108562,0.009571684027777794,0.005183473860677076,0.8035999999265186,1244.40019921782,True,True,4.743416490252569,0.0,False,0.2871505208333338,0.15550421582031226,False,False,0.0,0.8035999999265186,0.0,0.0,0.007800001185387373,0.012700002116616815
run_1790716901,623,20.766666666666858,SIMULATION,TRACKING,SEARCHING,,True,856.0653699142927,958.5233607789487,321.7124560254048,244.80907878068717,321.5,244.5,321.5,244.5,0.375056336304114,0.0,4.743416490252569,0.995604451075672,1,True,-0.9007017708333264,-0.2840397636501791,0.009592517361111127,0.005245973860677075,0.8453999980702065,1182.872015948307,True,True,4.743416490252569,0.0,False,0.2877755208333338,0.15737921582031225,False,False,0.0,0.8453999980702065,0.0,0.0,0.007899994670879096,0.012799995602108538
run_1790716901,624,20.800000000000193,SIMULATION,TRACKING,SEARCHING,,True,857.5345237294362,959.3103479263415,321.64680706277045,244.7567101103716,321.5,243.5,321.5,243.5,1.2652559484900756,0.0,3.8078865529319543,0.995604451075672,1,True,-0.8910884201388819,-0.28041184534505753,0.00961335069444446,0.00362791830512152,0.7723999951849692,1294.6659842489082,True,True,3.8078865529319543,0.0,False,0.2884005208333338,0.1088375491536456,False,False,0.0,0.7723999951849692,0.0,0.0,0.007599999662488699,0.011999996786471456
run_1790716901,625,20.833333333333528,SIMULATION,TRACKING,SEARCHING,,True,858.9970683822665,960.1095505547091,321.5712156044897,244.97544580991985,321.5,244.5,321.5,244.5,0.4807498107052879,0.0,4.743416490252569,0.995604451075672,1,True,-0.8814542361111041,-0.27505476037326937,0.009634184027777793,0.005357084971788186,0.8521000054315664,1173.571169611161,True,True,4.743416490252569,0.0,False,0.28902552083333377,0.16071254915364558,False,False,0.0,0.8521000054315664,0.0,0.0,0.008800001523923129,0.013500000932253897
run_1790716901,626,20.866666666666863,SIMULATION,TRACKING,SEARCHING,,True,860.4529023077706,960.9209131641902,321.48558008554926,244.92967482391487,320.5,244.5,320.5,244.5,1.075169084068899,0.0,4.527692569068709,0.995604451075672,1,True,-0.8743200520833263,-0.2696351754014812,0.007134184027777792,0.005419584971788186,0.790000005508773,1265.8227759833792,True,True,4.527692569068709,0.0,False,0.21402552083333376,0.1625875491536456,False,False,0.0,0.790000005508773,0.0,0.0,0.008299997716676444,0.01219999830937013
run_1790716901,627,20.900000000000198,SIMULATION,TRACKING,SEARCHING,,True,861.9019244069552,961.744379410485,321.7931327402895,244.88600747472344,321.5,244.5,321.5,244.5,0.48469430982010525,0.0,4.743416490252569,0.995604451075672,1,True,-0.8646650347222152,-0.264153090429693,0.009655017361111125,0.005482084971788187,0.840499997138977,1189.767999290843,True,True,4.743416490252569,0.0,False,0.28965052083333376,0.1644625491536456,False,False,0.0,0.840499997138977,0.0,0.0,0.008800001523923129,0.013299999409355223
run_1790716901,628,20.933333333333533,SIMULATION,TRACKING,SEARCHING,,True,863.3440340538681,962.5798921087686,321.6904396094245,244.84438657752094,320.5,244.5,320.5,244.5,1.239253234195246,0.0,4.527692569068709,0.995604451075672,1,True,-0.8575100173611041,-0.2586085054579048,0.007155017361111125,0.005544584971788186,0.8020000022952445,1246.8827894490014,True,True,4.527692569068709,0.0,False,0.21465052083333375,0.1663375491536456,False,False,0.0,0.8020000022952445,0.0,0.0,0.00839999847812578,0.01340000017080456
run_1790716901,629,20.966666666666868,SIMULATION,TRACKING,SEARCHING,,True,864.7791311025856,963.4273932376616,321.98073388036426,244.80475411092777,321.5,243.5,321.5,243.5,1.3904993181274852,0.0,3.8078865529319543,0.995604451075672,1,True,-0.8478341666666597,-0.2546819760416722,0.009675850694444458,0.0039265294162326315,0.8098000034806319,1234.8728027931124,True,True,3.8078865529319543,0.0,False,0.29027552083333374,0.11779588248697895,False,False,0.0,0.8098000034806319,0.0,0.0,0.008100003469735384,0.012599994079209864
run_1790716901,630,21.000000000000203,SIMULATION,TRACKING,SEARCHING,,True,866.207115894167,964.2868239432594,321.8605825608346,245.03594010992833,321.5,244.5,321.5,244.5,0.6459501409613766,0.0,4.743416490252569,0.995604451075672,1,True,-0.8381374826388819,-0.2490262799587729,0.009696684027777791,0.005655696082899298,0.7970999940880574,1254.547744846085,True,True,4.743416490252569,0.0,False,0.29090052083333373,0.16967088248697892,False,False,0.0,0.7970999940880574,0.0,0.0,0.008000002708286047,0.012399999832268804
run_1790716901,631,21.033333333333537,SIMULATION,TRACKING,SEARCHING,,True,867.6278892635759,965.1581245432196,321.72988648579894,245.0023293366247,321.5,244.5,321.5,244.5,0.5524333070939971,0.0,4.743416490252569,0.995604451075672,1,True,-0.8284199652777707,-0.2433080838758736,0.009717517361111124,0.005718196082899298,0.8655999990878627,1155.2680233985247,True,True,4.743416490252569,0.0,False,0.2915255208333337,0.17154588248697894,False,False,0.0,0.8655999990878627,0.0,0.0,0.008299997716676444,0.012600001355167478
run_1790716901,632,21.066666666666872,SIMULATION,TRACKING,SEARCHING,,True,869.0413525465657,966.0412345309063,321.58854699101096,244.97052795104753,321.5,244.5,321.5,244.5,0.4787871367675627,0.0,4.743416490252569,0.995604451075672,1,True,-0.8186816145833262,-0.2375273877929743,0.009738350694444457,0.005780696082899298,0.8049000025494024,1242.390355115725,True,True,4.743416490252569,0.0,False,0.2921505208333337,0.17342088248697893,False,False,0.0,0.8049000025494024,0.0,0.0,0.008300004992634058,0.011400006769690663
run_1790716901,633,21.100000000000207,SIMULATION,TRACKING,SEARCHING,,True,870.4474075865321,966.9360925795919,321.43646591986624,244.94047462646927,320.5,244.5,320.5,244.5,1.0348846871193706,0.0,4.527692569068709,0.995604451075672,1,True,-0.8114432638888818,-0.231684191710075,0.007238350694444456,0.005843196082899298,0.8898000014596619,1123.8480538992603,True,True,4.527692569068709,0.0,False,0.2171505208333337,0.17529588248697894,False,False,0.0,0.8898000014596619,0.0,0.0,0.00839999847812578,0.012500000593718141
run_1790716901,634,21.133333333333542,SIMULATION,TRACKING,SEARCHING,,True,871.8459567413292,967.8426365467159,321.6768789635522,244.9121072203294,321.5,244.5,321.5,244.5,0.44846240510764374,0.0,4.743416490252569,0.995604451075672,1,True,-0.801684079861104,-0.22577849562717572,0.00975918402777779,0.005905696082899298,0.8066999944276176,1239.6182061579605,True,True,4.743416490252569,0.0,False,0.2927755208333337,0.17717088248697893,False,False,0.0,0.8066999944276176,0.0,0.0,0.008200004231184721,0.011699994502123445
run_1790716901,635,21.166666666666877,SIMULATION,TRACKING,SEARCHING,,True,873.2369028900498,968.7608034782004,321.5063556678283,244.88536277855007,320.5,244.5,320.5,244.5,1.0776159804225167,0.0,4.527692569068709,0.995604451075672,1,True,-0.7944248958333262,-0.21981029954427642,0.007259184027777789,0.005968196082899298,0.7985000047483481,1252.3481453392799,True,True,4.527692569068709,0.0,False,0.21777552083333368,0.17904588248697895,False,False,0.0,0.7985000047483481,0.0,0.0,0.008300004992634058,0.01219999830937013
run_1790716901,636,21.200000000000212,SIMULATION,TRACKING,SEARCHING,,True,874.6201494397703,969.6905296128222,321.72813277310433,244.8601775399079,321.5,244.5,321.5,244.5,0.4263477716822115,0.0,4.743416490252569,0.995604451075672,1,True,-0.7846448784722151,-0.21377960346137712,0.009780017361111122,0.006030696082899298,0.8424999978160486,1186.9436232548692,True,True,4.743416490252569,0.0,False,0.2934005208333337,0.18092088248697893,False,False,0.0,0.8424999978160486,0.0,0.0,0.00910000380827114,0.012999997125007212
run_1790716901,637,21.233333333333547,SIMULATION,TRACKING,SEARCHING,,True,875.9956003322585,970.6317503866396,321.5387808878147,244.83648694046144,321.5,244.5,321.5,244.5,0.3387143610194266,0.0,4.743416490252569,0.995604451075672,1,True,-0.7748440277777706,-0.20768640737847782,0.009800850694444455,0.006093196082899298,0.7941000003484078,1259.2872428677176,True,True,4.743416490252569,0.0,False,0.29402552083333366,0.18279588248697895,False,False,0.0,0.7941000003484078,0.0,0.0,0.008299997716676444,0.012500000593718141
run_1790716901,638,21.266666666666882,SIMULATION,TRACKING,SEARCHING,,True,877.3631600506442,971.5844004374776,321.33820449508926,244.8142256180355,320.5,244.5,320.5,244.5,0.895167310963501,0.0,4.527692569068709,0.995604451075672,1,True,-0.7675431770833262,-0.20153071129557854,0.007300850694444455,0.006155696082899298,0.7984999974723905,1252.3481567507165,True,True,4.527692569068709,0.0,False,0.21902552083333365,0.18467088248697894,False,False,0.0,0.7984999974723905,0.0,0.0,0.008500006515532732,0.011800002539530396
run_1790716901,639,21.300000000000217,SIMULATION,TRACKING,SEARCHING,,True,878.7227336260519,972.5484136094651,321.5296419593858,244.7933274167591,321.5,244.5,321.5,244.5,0.2948213343345338,0.0,4.743416490252569,0.995604451075672,1,True,-0.7577214930555484,-0.19531251521267923,0.009821684027777788,0.006218196082899298,0.862300003063865,1159.6891991729894,True,True,4.743416490252569,0.0,False,0.29465052083333365,0.18654588248697895,False,False,0.0,0.862300003063865,0.0,0.0,0.008600000001024455,0.012999997125007212
run_1790716901,640,21.333333333333552,SIMULATION,TRACKING,SEARCHING,,True,880.0742266441963,973.5237229576308,321.30966553308576,244.77372539166083,320.5,244.5,320.5,244.5,0.8546834884955534,0.0,4.527692569068709,0.995604451075672,1,True,-0.7503998090277706,-0.18903181912977993,0.007321684027777788,0.006280696082899298,0.7876000017859042,1269.6800377507277,True,True,4.527692569068709,0.0,False,0.21965052083333364,0.18842088248697894,False,False,0.0,0.7876000017859042,0.0,0.0,0.008299997716676444,0.012299999070819467
run_1790716901,641,21.366666666666887,SIMULATION,TRACKING,SEARCHING,,True,881.4175452519389,974.5102607525503,321.4815146963839,244.75535181331645,320.5,244.5,320.5,244.5,1.01418718577074,0.0,4.527692569068709,0.995604451075672,1,True,-0.7430781249999928,-0.18268862304688063,0.007321684027777788,0.006343196082899298,0.8429000008618459,1186.3803523282986,True,True,4.527692569068709,0.0,False,0.21965052083333364,0.19029588248697896,False,False,0.0,0.8429000008618459,0.0,0.0,0.008700000762473792,0.013199998647905886
run_1790716901,642,21.400000000000222,SIMULATION,TRACKING,SEARCHING,,True,882.7525961638052,975.5079584850513,321.64509616380565,244.7381381725536,321.5,244.5,321.5,244.5,0.27885961697291106,0.0,4.743416490252569,0.995604451075672,1,True,-0.7332356076388817,-0.17628292696398135,0.00984251736111112,0.006405696082899298,0.7712999940849841,1296.5123916360578,True,True,4.743416490252569,0.0,False,0.29527552083333364,0.19217088248697894,False,False,0.0,0.7712999940849841,0.0,0.0,0.008299997716676444,0.012799995602108538
run_1790716901,643,21.433333333333557,SIMULATION,TRACKING,SEARCHING,,True,884.0792866684626,976.5167468709699,321.3969838906853,244.7220151852083,320.5,244.5,320.5,244.5,0.924051320334551,0.0,4.527692569068709,0.995604451075672,1,True,-0.7258930902777706,-0.16981473088108204,0.007342517361111121,0.006468196082899298,0.8202000026358292,1219.21482173416,True,True,4.527692569068709,0.0,False,0.22027552083333363,0.19404588248697896,False,False,0.0,0.8202000026358292,0.0,0.0,0.008299997716676444,0.012399999832268804
run_1790716901,644,21.466666666666892,SIMULATION,TRACKING,SEARCHING,,True,885.3975246351592,977.5365558559624,321.54041907960413,244.706912796937,320.5,244.5,320.5,244.5,1.0607944036148584,0.0,4.527692569068709,0.995604451075672,1,True,-0.7185505729166595,-0.16328403479818274,0.007342517361111121,0.0065306960828992984,0.8426000058534555,1186.8027451377914,True,True,4.527692569068709,0.0,False,0.22027552083333363,0.19592088248697895,False,False,0.0,0.8426000058534555,0.0,0.0,0.008600000001024455,0.012700002116616815
run_1790716901,645,21.500000000000227,SIMULATION,TRACKING,SEARCHING,,True,886.7072185201218,978.5673146203706,321.6753101867889,244.69276018808125,321.5,244.5,321.5,244.5,0.2605573865793974,0.0,4.743416490252569,0.995604451075672,1,True,-0.708687222222215,-0.15669083871528344,0.009863350694444453,0.0065931960828992985,0.9378999966429546,1066.2117534697954,True,True,4.743416490252569,0.0,False,0.2959005208333336,0.19779588248697896,False,False,0.0,0.9378999966429546,0.0,0.0,0.008899995009414852,0.014000004739500582
run_1790716901,646,21.533333333333562,SIMULATION,TRACKING,SEARCHING,,True,888.0082773729124,979.6089515841385,321.39823292846836,244.67948577858533,320.5,244.5,320.5,244.5,0.9159899227061554,0.0,4.527692569068709,0.995604451075672,1,True,-0.7013238715277705,-0.15003514263238416,0.007363350694444454,0.0066556960828992985,0.8387999987462536,1192.1793055492258,True,True,4.527692569068709,0.0,False,0.2209005208333336,0.19967088248697895,False,False,0.0,0.8387999987462536,0.0,0.0,0.008700000762473792,0.014099998224992305
run_1790716901,647,21.566666666666897,SIMULATION,TRACKING,SEARCHING,,True,889.3006108427446,980.6613944117846,321.51243028718943,244.66701723296762,320.5,244.5,320.5,244.5,1.0261139520183107,0.0,4.527692569068709,0.995604451075672,1,True,-0.693960520833326,-0.14331694654948485,0.007363350694444454,0.006718196082899299,0.7925000027171336,1261.8296486705872,True,True,4.527692569068709,0.0,False,0.2209005208333336,0.20154588248697897,False,False,0.0,0.7925000027171336,0.0,0.0,0.008499999239575118,0.012500000593718141
run_1790716901,648,21.600000000000232,SIMULATION,TRACKING,SEARCHING,,True,890.5841291847579,981.7245700174246,321.61781251809157,244.6552814653437,321.5,244.5,321.5,244.5,0.19491568150963262,0.0,4.743416490252569,0.995604451075672,1,True,-0.6840763368055482,-0.13653625046658555,0.009884184027777788,0.006780696082899299,0.7607000006828457,1314.578676353813,True,True,4.743416490252569,0.0,False,0.2965255208333336,0.20342088248697895,False,False,0.0,0.7607000006828457,0.0,0.0,0.007800001185387373,0.01200000406242907
run_1790716901,649,21.633333333333567,SIMULATION,TRACKING,SEARCHING,,True,891.8587432662498,982.7984045698463,321.310957155139,244.64420464450143,320.5,244.5,320.5,244.5,0.8236786308791547,0.0,4.527692569068709,0.995604451075672,1,True,-0.6766921527777705,-0.12969305438368625,0.007384184027777786,0.006843196082899299,0.8444999984931201,1184.1326249666615,True,True,4.527692569068709,0.0,False,0.2215255208333336,0.20529588248697897,False,False,0.0,0.8444999984931201,0.0,0.0,0.016900004993658513,0.012599994079209864
run_1790716901,650,21.666666666666902,SIMULATION,TRACKING,SEARCHING,,True,893.124364572866,983.8828234976374,321.3951090173108,244.63371219902865,320.5,244.5,320.5,244.5,0.9050409410850904,0.0,4.527692569068709,0.995604451075672,1,True,-0.6693079687499928,-0.12278735830078695,0.007384184027777786,0.006905696082899299,0.764199998229742,1308.557972149287,True,True,4.527692569068709,0.0,False,0.2215255208333336,0.20717088248697896,False,False,0.0,0.764199998229742,0.0,0.0,0.007599999662488699,0.01189999602502212
run_1790716901,651,21.700000000000237,SIMULATION,TRACKING,SEARCHING,,True,894.3809052147465,984.9777514943637,321.47018021474673,244.623728822491,320.5,244.5,320.5,244.5,0.9780380721633612,0.0,4.527692569068709,0.995604451075672,1,True,-0.661923784722215,-0.11581916221788766,0.007384184027777786,0.006968196082899299,2.468300001055468,405.13713874828454,True,True,4.527692569068709,0.0,False,0.2215255208333336,0.20904588248697897,False,False,0.0,2.468300001055468,0.0,0.0,0.00960000033956021,0.014999997802078724
run_1790716901,652,21.733333333333572,SIMULATION,TRACKING,SEARCHING,,True,895.6282779326295,986.0831125237987,321.53608348818534,244.6141784786621,321.5,244.5,321.5,244.5,0.1197444909347092,0.0,4.743416490252569,0.995604451075672,1,True,-0.6520187673611039,-0.10878846613498835,0.00990501736111112,0.007030696082899299,0.832600002468098,1201.0569265381623,True,True,4.743416490252569,0.0,False,0.2971505208333336,0.21092088248697896,False,False,0.0,0.832600002468098,0.0,0.0,0.008299997716676444,0.012700002116616815
run_1790716901,653,21.766666666666907,SIMULATION,TRACKING,SEARCHING,,True,896.8663961039108,987.198829825204,321.1893988816888,244.6049844068035,320.5,243.5,320.5,243.5,1.3024059879134064,0.0,3.5355339059327378,0.995604451075672,1,True,-0.6446137499999928,-0.1033758256076446,0.007405017361111119,0.005412640527343744,0.9095999994315207,1099.3843454540206,True,True,3.5355339059327378,0.0,False,0.2221505208333336,0.1623792158203123,False,False,0.0,0.9095999994315207,0.0,0.0,0.009399998816661537,0.012800002878066152
run_1790716901,654,21.800000000000242,SIMULATION,TRACKING,SEARCHING,,True,898.0951737486596,988.32482591866,321.2333737486598,244.86495801588455,320.5,244.5,320.5,244.5,0.8191650679696488,0.0,4.527692569068709,0.995604451075672,1,True,-0.6372087326388817,-0.0962340184136342,0.007405017361111119,0.007141807194010409,0.8207999999285676,1218.3235868506674,True,True,4.527692569068709,0.0,False,0.2221505208333336,0.2142542158203123,False,False,0.0,0.8207999999285676,0.0,0.0,0.008299997716676444,0.01200000406242907
run_1790716901,655,21.833333333333577,SIMULATION,TRACKING,SEARCHING,,True,899.3145255355886,989.461022610446,321.267922757811,244.85846555662886,320.5,243.5,320.5,243.5,1.5604915989876371,0.0,3.5355339059327378,0.995604451075672,1,True,-0.6298037152777706,-0.09071026677517935,0.007405017361111119,0.0055237516384548544,1.0240000046906061,976.5624955266894,True,True,3.5355339059327378,0.0,False,0.2221505208333336,0.16571254915364564,False,False,0.0,1.0240000046906061,0.0,0.0,0.008800001523923129,0.01359999441774562
run_1790716901,656,21.866666666666912,SIMULATION,TRACKING,SEARCHING,,True,900.5243667879805,990.6073409984705,321.2929612324251,245.12098368250054,321.5,245.5,321.5,245.5,0.4318777838807891,0.0,5.70087712549569,0.995604451075672,1,True,-0.6198778645833262,-0.08177679291450227,0.009925850694444453,0.008933473860677077,0.7973000028869137,1254.233031956776,True,True,5.70087712549569,0.0,False,0.2977755208333336,0.2680042158203123,False,False,0.0,0.7973000028869137,0.0,0.0,0.007599999662488699,0.011600001016631722
run_1790716901,657,21.900000000000247,SIMULATION,TRACKING,SEARCHING,,True,901.7246134895679,991.7637014777506,320.9050718229014,244.8479883440723,320.5,244.5,320.5,244.5,0.5340216000489413,0.0,4.527692569068709,0.995604451075672,1,True,-0.6124520138888817,-0.07444748572049185,0.007425850694444452,0.00732930719401041,0.920600003155414,1086.2480953426434,True,True,4.527692569068709,0.0,False,0.22277552083333357,0.2198792158203123,False,False,0.0,0.920600003155414,0.0,0.0,0.01030000566970557,0.01479999627918005
run_1790716901,658,21.933333333333582,SIMULATION,TRACKING,SEARCHING,,True,902.9151822903679,992.9300237459399,320.9075045125902,244.84162146121992,320.5,244.5,320.5,244.5,0.5317566647888987,0.0,4.527692569068709,0.995604451075672,1,True,-0.6050261631944372,-0.06705567852648145,0.007425850694444452,0.0073918071940104095,0.8328999974764884,1200.6243282864564,True,True,4.527692569068709,0.0,False,0.22277552083333357,0.2217542158203123,False,False,0.0,0.8328999974764884,0.0,0.0,0.012800002878066152,0.013500000932253897
run_1790716901,659,21.966666666666917,SIMULATION,TRACKING,SEARCHING,,True,904.0959905124696,994.1062268089054,320.9001766235808,244.83513537314366,320.5,244.5,320.5,244.5,0.5219741836457844,0.0,4.527692569068709,0.995604451075672,1,True,-0.5976003124999928,-0.05960137133247104,0.007425850694444452,0.0074543071940104105,0.832799996715039,1200.7684965711787,True,True,4.527692569068709,0.0,False,0.22277552083333357,0.2236292158203123,False,False,0.0,0.832799996715039,0.0,0.0,0.008000002708286047,0.011399999493733048
run_1790716901,660,22.000000000000252,SIMULATION,TRACKING,SEARCHING,,True,905.266956155777,995.2922289863511,320.88300615577714,244.8284483995477,320.5,244.5,320.5,244.5,0.5045513517260996,0.0,4.527692569068709,0.995604451075672,1,True,-0.5901744618055483,-0.052084564138460625,0.007425850694444452,0.00751680719401041,0.9439000059501268,1059.4342554256084,True,True,4.527692569068709,0.0,False,0.22277552083333357,0.2255042158203123,False,False,0.0,0.9439000059501268,0.0,0.0,0.008400005754083395,0.01219999830937013
run_1790716901,661,22.033333333333587,SIMULATION,TRACKING,SEARCHING,,True,906.4279979037019,996.4879479174917,320.85591179259086,244.82147817964665,319.5,243.5,319.5,243.5,1.8933571687796187,0.0,3.5355339059327378,0.995604451075672,1,True,-0.5827486111111039,-0.04618581250000577,0.007425850694444452,0.005898751638454855,0.8206999991671182,1218.4720373033304,True,True,3.5355339059327378,0.0,False,0.22277552083333357,0.17696254915364565,False,False,0.0,0.8206999991671182,0.0,0.0,0.008000002708286047,0.011800002539530396
run_1790716901,662,22.066666666666922,SIMULATION,TRACKING,SEARCHING,,True,907.5790351288117,997.6933005667706,320.8188129065895,245.08303056677278,320.5,244.5,320.5,244.5,0.664504560706282,0.0,4.527692569068709,0.995604451075672,1,True,-0.5753227604166594,-0.03855789419488425,0.007425850694444452,0.007627918305121521,0.8007999931578524,1248.7512594207546,True,True,4.527692569068709,0.0,False,0.22277552083333357,0.22883754915364563,False,False,0.0,0.8007999931578524,0.0,0.0,0.008299997716676444,0.011800002539530396
run_1790716901,663,22.100000000000257,SIMULATION,TRACKING,SEARCHING,,True,908.7199878984285,998.9082032296274,320.77162956509517,245.0774663008101,320.5,244.5,320.5,244.5,0.6381613817876265,0.0,4.527692569068709,0.995604451075672,1,True,-0.567896909722215,-0.030867475889762727,0.007425850694444452,0.007690418305121521,0.8923000059439801,1120.6993089079745,True,True,4.527692569068709,0.0,False,0.22277552083333357,0.23071254915364564,False,False,0.0,0.8923000059439801,0.0,0.0,0.008299997716676444,0.013199998647905886
run_1790716901,664,22.133333333333592,SIMULATION,TRACKING,SEARCHING,,True,909.8507769801795,1000.1325715383094,320.71428253573504,245.07136768067278,320.5,244.5,320.5,244.5,0.6102278522309748,0.0,4.527692569068709,0.995604451075672,1,True,-0.5604710590277705,-0.023114557584641204,0.007425850694444452,0.007752918305121521,0.7839999962016009,1275.510210261348,True,True,4.527692569068709,0.0,False,0.22277552083333357,0.23258754915364563,False,False,0.0,0.7839999962016009,0.0,0.0,0.007999995432328433,0.012099997547920793
run_1790716901,665,22.166666666666927,SIMULATION,TRACKING,SEARCHING,,True,910.9713238474995,1001.3663204677322,320.64669329194396,245.06464968127614,320.5,244.5,320.5,244.5,0.5833936788024013,0.0,4.527692569068709,0.995604451075672,1,True,-0.553045208333326,-0.015299139279519683,0.007425850694444452,0.007815418305121521,0.8373999953619204,1194.1724451142427,True,True,4.527692569068709,0.0,False,0.22277552083333357,0.23446254915364564,False,False,0.0,0.8373999953619204,0.0,0.0,0.008200004231184721,0.011799995263572782
run_1790716901,666,22.200000000000262,SIMULATION,TRACKING,SEARCHING,,True,912.0815506850843,1002.6093643413822,320.56878401841755,245.05722662610663,319.5,244.5,319.5,244.5,1.2053218619385158,0.0,4.527692569068709,0.995604451075672,1,True,-0.5456193576388816,-0.007421220974398162,0.007425850694444452,0.007877918305121521,0.8209000006900169,1218.175172566011,True,True,4.527692569068709,0.0,False,0.22277552083333357,0.23633754915364563,False,False,0.0,0.8209000006900169,0.0,0.0,0.008499999239575118,0.011399999493733048
run_1790716901,667,22.233333333333597,SIMULATION,TRACKING,SEARCHING,,True,913.1813803942941,1003.8616168372678,320.4804776165163,245.04901219317276,319.5,244.5,319.5,244.5,1.1237218271181753,0.0,4.527692569068709,0.995604451075672,1,True,-0.5381935069444371,0.0005191973307233592,0.007425850694444452,0.007940418305121521,0.8119000049191527,1231.678770712137,True,True,4.527692569068709,0.0,False,0.22277552083333357,0.23821254915364565,False,False,0.0,0.8119000049191527,0.0,0.0,0.008600000001024455,0.012299999070819467
run_1790716901,668,22.266666666666932,SIMULATION,TRACKING,SEARCHING,,True,914.2707365985077,1005.1229909939136,320.3816977096187,245.03991942099913,319.5,244.5,319.5,244.5,1.0338780548589515,0.0,4.527692569068709,0.995604451075672,1,True,-0.5307676562499927,0.00852211563584488,0.007425850694444452,0.008002918305121521,0.8062999986577779,1240.2331658993778,True,True,4.527692569068709,0.0,False,0.22277552083333357,0.24008754915364564,False,False,0.0,0.8062999986577779,0.0,0.0,0.008100003469735384,0.01170000177808106
run_1790716901,669,22.300000000000267,SIMULATION,TRACKING,SEARCHING,,True,915.3495436484264,1006.3933992163987,320.2723686484263,245.02986071466478,319.5,244.5,319.5,244.5,0.9366459875625229,0.0,4.527692569068709,0.995604451075672,1,True,-0.5233418055555482,0.016587533940966404,0.007425850694444452,0.008065418305121521,0.8148999986588024,1227.1444369196752,True,True,4.527692569068709,0.0,False,0.22277552083333357,0.24196254915364562,False,False,0.0,0.8148999986588024,0.0,0.0,0.007599999662488699,0.01200000406242907
run_1790716901,670,22.333333333333602,SIMULATION,TRACKING,SEARCHING,,True,916.4177266273277,1007.6727532824407,320.1524155162165,245.01874785188727,319.5,244.5,319.5,244.5,0.8335138508973148,0.0,4.527692569068709,0.995604451075672,1,True,-0.5159159548611038,0.024715452246087927,0.007425850694444452,0.008127918305121521,0.8085000008577481,1236.8583784033235,True,True,4.527692569068709,0.0,False,0.22277552083333357,0.24383754915364564,False,False,0.0,0.8085000008577481,0.0,0.0,0.00809999619377777,0.012699994840659201
run_1790716901,671,22.366666666666937,SIMULATION,TRACKING,SEARCHING,,True,917.4752113562673,1008.9609643485211,320.02176413404493,245.00649198914823,319.5,244.5,319.5,244.5,0.7271670692811838,0.0,4.527692569068709,0.995604451075672,1,True,-0.5084901041666593,0.03290587055120945,0.007425850694444452,0.008190418305121521,0.8575999963795766,1166.0447810419494,True,True,4.527692569068709,0.0,False,0.22277552083333357,0.24571254915364563,False,False,0.0,0.8575999963795766,0.0,0.0,0.008000002708286047,0.013000004400964826
run_1790716901,672,22.400000000000272,SIMULATION,TRACKING,SEARCHING,,True,918.5219243992306,1010.2579429560559,319.880341065897,244.9930036678636,319.5,244.5,319.5,244.5,0.6226651932898244,0.0,4.527692569068709,0.995604451075672,1,True,-0.5010642534722148,0.04115878885633097,0.007425850694444452,0.008252918305121522,0.782499999331776,1277.9552726568184,True,True,4.527692569068709,0.0,False,0.22277552083333357,0.24758754915364564,False,False,0.0,0.782499999331776,0.0,0.0,0.008000002708286047,0.01189999602502212
run_1790716901,673,22.433333333333607,SIMULATION,TRACKING,SEARCHING,,True,919.5577930682324,1011.5635990376074,319.72807362378774,244.97819282059572,319.5,244.5,319.5,244.5,0.5297980290044151,0.0,4.527692569068709,0.995604451075672,1,True,-0.4936384027777704,0.049474207161452496,0.007425850694444452,0.008315418305121522,0.8018000007723458,1247.1938127173048,True,True,4.527692569068709,0.0,False,0.22277552083333357,0.24946254915364563,False,False,0.0,0.8018000007723458,0.0,0.0,0.008199996955227107,0.011600001016631722
run_1790716901,674,22.466666666666942,SIMULATION,TRACKING,SEARCHING,,True,920.5827454283649,1012.8778419231394,319.5648898728091,244.96196877730824,319.5,244.5,319.5,244.5,0.4665038550760895,0.0,4.527692569068709,0.995604451075672,1,True,-0.4862125520833259,0.05785212546657402,0.007425850694444452,0.008377918305121522,0.8252999978139997,1211.680604202998,True,True,4.527692569068709,0.0,False,0.22277552083333357,0.25133754915364565,False,False,0.0,0.8252999978139997,0.0,0.0,0.00790000194683671,0.014299999747890979
run_1790716901,675,22.500000000000277,SIMULATION,TRACKING,SEARCHING,,True,921.5967103027929,1014.2005803463126,319.39071863612594,244.944240271662,319.5,244.5,319.5,244.5,0.4574842461293198,0.0,4.527692569068709,0.995604451075672,1,True,-0.47878670138888146,0.06629254377169554,0.007425850694444452,0.008440418305121522,0.9520000021439046,1050.4201657016802,True,True,4.527692569068709,0.0,False,0.22277552083333357,0.25321254915364566,False,False,0.0,0.9520000021439046,0.0,0.0,0.009200004569720477,0.01569999585626647
run_1790716901,676,22.533333333333612,SIMULATION,TRACKING,SEARCHING,,True,922.5996172776961,1015.531722450824,319.20548949991803,244.924915447354,319.5,244.5,319.5,244.5,0.5170005532478571,0.0,4.527692569068709,0.995604451075672,1,True,-0.471360850694437,0.07479546207681706,0.007425850694444452,0.00850291830512152,0.9515999990981072,1050.861707595381,True,True,4.527692569068709,0.0,False,0.22277552083333357,0.2550875491536456,False,False,0.0,0.9515999990981072,0.0,0.0,0.0092999980552122,0.01340000017080456
run_1790716901,677,22.566666666666947,SIMULATION,TRACKING,SEARCHING,,True,923.5913967071601,1016.8711757967842,319.0091328182709,244.90390186449486,318.5,244.5,318.5,244.5,0.6498868692187264,0.0,4.743416490252569,0.995604451075672,1,True,-0.4664558333333259,0.08336088038193858,0.0049050173611111195,0.008565418305121522,0.8397999990847893,1190.7597059892785,True,True,4.743416490252569,0.0,False,0.14715052083333358,0.25696254915364564,False,False,0.0,0.8397999990847893,0.0,0.0,0.008400005754083395,0.012099997547920793
run_1790716901,678,22.600000000000282,SIMULATION,TRACKING,SEARCHING,,True,924.5719797180121,1018.2188473671384,319.2049130513451,244.8811065060296,319.5,244.5,319.5,244.5,0.48199426988766675,0.0,4.527692569068709,0.995604451075672,1,True,-0.4590508159722148,0.0919887986870601,0.007405017361111119,0.008627918305121522,0.8204999976442195,1218.7690467655725,True,True,4.527692569068709,0.0,False,0.2221505208333336,0.25883754915364565,False,False,0.0,0.8204999976442195,0.0,0.0,0.007800001185387373,0.011199997970834374
run_1790716901,679,22.633333333333617,SIMULATION,TRACKING,SEARCHING,,True,925.5412982146036,1019.5746435741246,318.9894287701587,244.85643578419626,318.5,244.5,318.5,244.5,0.6054642758368884,0.0,4.743416490252569,0.995604451075672,1,True,-0.454166631944437,0.10067921699218162,0.004884184027777786,0.008690418305121522,0.9072999964701012,1102.1712817045664,True,True,4.743416490252569,0.0,False,0.1465255208333336,0.26071254915364567,False,False,0.0,0.9072999964701012,0.0,0.0,0.008799994247965515,0.012500000593718141
run_1790716901,680,22.666666666666952,SIMULATION,TRACKING,SEARCHING,,True,926.4992848835395,1020.9384702657733,319.1659459946502,244.82979554702547,318.5,244.5,318.5,244.5,0.7431346921174344,0.0,4.743416490252569,0.995604451075672,1,True,-0.4493032812499926,0.10943213529730314,0.004863350694444453,0.00875291830512152,0.8198999930755235,1219.6609445609386,True,True,4.743416490252569,0.0,False,0.1459005208333336,0.2625875491536456,False,False,0.0,0.8198999930755235,0.0,0.0,0.007700000423938036,0.0109999964479357
run_1790716901,681,22.700000000000287,SIMULATION,TRACKING,SEARCHING,,True,927.4458731983532,1022.3102327324455,319.3343981983527,244.80109108487818,318.5,243.5,318.5,243.5,1.5456579067062968,0.0,3.8078865529319543,0.995604451075672,1,True,-0.44446076388888145,0.11656699804686911,0.00484251736111112,0.007134862749565966,0.8366999973077327,1195.171510956999,True,True,3.8078865529319543,0.0,False,0.14527552083333362,0.21404588248697898,False,False,0.0,0.8366999973077327,0.0,0.0,0.007800001185387373,0.011399999493733048
run_1790716901,682,22.733333333333622,SIMULATION,TRACKING,SEARCHING,,True,928.380997424125,1023.6898357134103,319.49471964634665,245.03911602591245,318.5,244.5,318.5,244.5,1.131420904979063,0.0,4.743416490252569,0.995604451075672,1,True,-0.4396390798611037,0.12543102746310175,0.004821684027777788,0.008864029416232632,0.7981999951880425,1252.8188499480218,True,True,4.743416490252569,0.0,False,0.14465052083333363,0.265920882486979,False,False,0.0,0.7981999951880425,0.0,0.0,0.007499998901039362,0.011100004485342652
run_1790716901,683,22.766666666666957,SIMULATION,TRACKING,SEARCHING,,True,929.3045926220487,1025.0771834034595,319.646845399826,245.00821900936444,318.5,244.5,318.5,244.5,1.254408598735466,0.0,4.743416490252569,0.995604451075672,1,True,-0.4348382291666592,0.13435755687933437,0.004800850694444455,0.008926529416232632,1.0470999986864626,955.0186240611715,True,True,4.743416490252569,0.0,False,0.14402552083333364,0.267795882486979,False,False,0.0,1.0470999986864626,0.0,0.0,0.012799995602108538,0.020799998310394585
run_1790716901,684,22.800000000000292,SIMULATION,TRACKING,SEARCHING,,True,930.21659465394,1026.472179459561,319.7907113206062,244.97497035886875,319.5,244.5,319.5,244.5,0.5568751329809053,0.0,4.527692569068709,0.995604451075672,1,True,-0.42753737847221474,0.143346586295567,0.007300850694444455,0.008989029416232634,1.2023000017507002,831.7391653862381,True,True,4.527692569068709,0.0,False,0.21902552083333365,0.269670882486979,False,False,0.0,1.2023000017507002,0.0,0.0,0.018200000340584666,0.01700000575510785
run_1790716901,685,22.833333333333627,SIMULATION,TRACKING,SEARCHING,,True,931.1169401866907,1027.8747270075492,319.5229207422458,244.93927320025978,318.5,244.5,318.5,244.5,1.113251000171632,0.0,4.743416490252569,0.995604451075672,1,True,-0.4227573611111036,0.15239811571179965,0.004780017361111122,0.009051529416232633,0.9505999987595715,1051.9671799967284,True,True,4.743416490252569,0.0,False,0.14340052083333366,0.271545882486979,False,False,0.0,0.9505999987595715,0.0,0.0,0.009800001862458885,0.014199998986441642
run_1790716901,686,22.866666666666962,SIMULATION,TRACKING,SEARCHING,,True,932.0055666966678,1029.2847286488527,319.6467444744451,244.90103013496605,319.5,244.5,319.5,244.5,0.4270352560750134,0.0,4.527692569068709,0.995604451075672,1,True,-0.4154773437499925,0.16151214512803228,0.0072800173611111225,0.009114029416232633,0.853999998071231,1170.9601899982574,True,True,4.527692569068709,0.0,False,0.21840052083333367,0.273420882486979,False,False,0.0,0.853999998071231,0.0,0.0,0.009199997293762863,0.013600001693703234
run_1790716901,687,22.900000000000297,SIMULATION,TRACKING,SEARCHING,,True,932.8824124740537,1030.7020864672575,319.3587874740532,244.86014324677353,318.5,244.5,318.5,244.5,0.9312459845751065,0.0,4.743416490252569,0.995604451075672,1,True,-0.4107181597222147,0.1706886745442649,0.004759184027777789,0.009176529416232633,0.862300003063865,1159.6891991729894,True,True,4.743416490252569,0.0,False,0.14277552083333367,0.275295882486979,False,False,0.0,0.862300003063865,0.0,0.0,0.008499999239575118,0.01290000363951549
run_1790716901,688,22.933333333333632,SIMULATION,TRACKING,SEARCHING,,True,933.747416627133,1032.1267020357066,319.4623221826881,244.81651410862537,319.5,244.5,319.5,244.5,0.31874880215665014,0.0,4.527692569068709,0.995604451075672,1,True,-0.4034589756944369,0.17992770396049754,0.007259184027777789,0.009239029416232633,0.8311999990837649,1203.0798858304909,True,True,4.527692569068709,0.0,False,0.21777552083333368,0.27717088248697896,False,False,0.0,0.8311999990837649,0.0,0.0,0.00839999847812578,0.011799995263572782
run_1790716901,689,22.966666666666967,SIMULATION,TRACKING,SEARCHING,,True,934.6005190865205,1033.5584764231362,319.15395519763115,244.77004378945776,319.5,244.5,319.5,244.5,0.4389426539665562,0.0,4.527692569068709,0.995604451075672,1,True,-0.3961997916666591,0.18922923337673017,0.007259184027777789,0.009301529416232633,0.8773000008659437,1139.8609358405843,True,True,4.527692569068709,0.0,False,0.21777552083333368,0.279045882486979,False,False,0.0,0.8773000008659437,0.0,0.0,0.008100003469735384,0.011900003300979733
run_1790716901,690,23.000000000000302,SIMULATION,TRACKING,SEARCHING,,True,935.4416606093329,1034.9973102013446,318.833627275999,244.7206328610689,317.5,244.5,317.5,244.5,1.3517546266508373,0.0,5.1478150704935,0.995604451075672,1,True,-0.3931419965277702,0.1985932627929628,0.0030577951388889007,0.009364029416232633,0.796300002548378,1255.8081085014771,True,True,5.1478150704935,0.0,False,0.09173385416666702,0.280920882486979,False,False,0.0,0.796300002548378,0.0,0.0,0.007500006176996976,0.011600001016631722
run_1790716901,691,23.033333333333637,SIMULATION,TRACKING,SEARCHING,,True,936.2707827833021,1036.4431034518975,319.173502227746,244.6681814050246,318.5,243.5,318.5,243.5,1.348426136584443,0.0,3.8078865529319543,0.995604451075672,1,True,-0.388438368055548,0.20633923665363987,0.004703628472222234,0.007745973860677078,0.967699998000171,1033.3781151871235,True,True,3.8078865529319543,0.0,False,0.14110885416666702,0.23237921582031235,False,False,0.0,0.967699998000171,0.0,0.0,0.008899995009414852,0.012599994079209864
run_1790716901,692,23.066666666666972,SIMULATION,TRACKING,SEARCHING,,True,937.0878280308328,1037.8957557730673,319.2379669197211,244.88147790848598,318.5,244.5,318.5,244.5,0.8307349572911127,0.0,4.743416490252569,0.995604451075672,1,True,-0.38375557291665907,0.21581437718098362,0.004682795138888901,0.009475140527343745,0.7833999989088625,1276.487109258135,True,True,4.743416490252569,0.0,False,0.14048385416666703,0.28425421582031235,False,False,0.0,0.7833999989088625,0.0,0.0,0.007999995432328433,0.011999996786471456
run_1790716901,693,23.100000000000307,SIMULATION,TRACKING,SEARCHING,,True,937.892739613,1039.3551662868042,319.293631279666,244.8248659378478,318.5,243.5,318.5,243.5,1.5443834890769768,0.0,3.8078865529319543,0.995604451075672,1,True,-0.3790936111111035,0.2236714621527718,0.0046619618055555685,0.007857084971788188,0.829399999929592,1205.6908609656261,True,True,3.8078865529319543,0.0,False,0.13985885416666705,0.23571254915364567,False,False,0.0,0.829399999929592,0.0,0.0,0.007899994670879096,0.011900003300979733
run_1790716901,694,23.133333333333642,SIMULATION,TRACKING,SEARCHING,,True,938.6854616334897,1040.821233645742,319.34043941126674,245.03379970129959,319.5,244.5,319.5,244.5,0.5571370590657476,0.0,4.527692569068709,0.995604451075672,1,True,-0.37193164930554795,0.23325771379122667,0.007161961805555568,0.009586251638454855,0.8190000007743947,1221.0012198467193,True,True,4.527692569068709,0.0,False,0.21485885416666706,0.28758754915364565,False,False,0.0,0.8190000007743947,0.0,0.0,0.00790000194683671,0.01189999602502212
run_1790716901,695,23.166666666666977,SIMULATION,TRACKING,SEARCHING,,True,939.4659390424798,1042.2938560402372,318.97500293136795,244.97262183364205,318.5,244.5,318.5,244.5,0.6700740126607834,0.0,4.743416490252569,0.995604451075672,1,True,-0.3672905208333257,0.24290646542968153,0.004641128472222235,0.009648751638454856,0.8525000012014061,1173.0205262061302,True,True,4.743416490252569,0.0,False,0.13923385416666706,0.28946254915364567,False,False,0.0,0.8525000012014061,0.0,0.0,0.00790000194683671,0.011999996786471456
run_1790716901,696,23.200000000000312,SIMULATION,TRACKING,SEARCHING,,True,940.2341176404641,1043.772931205437,319.0006009737966,244.90789673668928,318.5,244.5,318.5,244.5,0.6457407241051871,0.0,4.743416490252569,0.995604451075672,1,True,-0.3626702256944368,0.2526177170681364,0.004620295138888902,0.009711251638454856,0.8486000006087124,1178.411500450962,True,True,4.743416490252569,0.0,False,0.13860885416666707,0.2913375491536457,False,False,0.0,0.8486000006087124,0.0,0.0,0.008100003469735384,0.01290000363951549
run_1790716901,697,23.233333333333647,SIMULATION,TRACKING,SEARCHING,,True,940.9899440820154,1045.2583564283832,319.0171801931257,244.8395216974825,318.5,244.5,318.5,244.5,0.6186681947723786,0.0,4.743416490252569,0.995604451075672,1,True,-0.3580707638888812,0.26239146870659125,0.004599461805555569,0.009773751638454856,0.8047000010265037,1242.6991409523607,True,True,4.743416490252569,0.0,False,0.13798385416666709,0.2932125491536457,False,False,0.0,0.8047000010265037,0.0,0.0,0.007499998901039362,0.011299998732283711
run_1790716901,698,23.266666666666982,SIMULATION,TRACKING,SEARCHING,,True,941.73336587949,1046.750028555143,319.02468810171126,244.7673935620894,318.5,244.5,318.5,244.5,0.5888946604650372,0.0,4.743416490252569,0.995604451075672,1,True,-0.35349213541665897,0.2722277203450461,0.0045786284722222365,0.009836251638454856,0.8038000014494173,1244.0905675501288,True,True,4.743416490252569,0.0,False,0.1373588541666671,0.29508754915364566,False,False,0.0,0.8038000014494173,0.0,0.0,0.00839999847812578,0.011600001016631722
run_1790716901,699,23.300000000000317,SIMULATION,TRACKING,SEARCHING,,True,942.464331406673,1048.2478439979736,319.02307307333865,244.69140874276718,318.5,243.5,318.5,243.5,1.3011764801109857,0.0,3.8078865529319543,0.995604451075672,1,True,-0.34893434027777004,0.2804459164279454,0.004557795138888904,0.0082181960828993,1.137600003858097,879.0435975813683,True,True,3.8078865529319543,0.0,False,0.1367338541666671,0.246545882486979,False,False,0.0,1.137600003858097,0.0,0.0,0.011100004485342652,0.014899997040629387
run_1790716901,700,23.333333333333652,SIMULATION,TRACKING,SEARCHING,,True,943.1827899023631,1049.7516987425163,319.0122843468066,244.880352114046,318.5,244.5,318.5,244.5,0.6380462229669013,0.0,4.743416490252569,0.995604451075672,1,True,-0.34439737847221447,0.2903932791775114,0.004536961805555571,0.009947362749565966,0.9432000006199814,1060.2205251724797,True,True,4.743416490252569,0.0,False,0.13610885416666713,0.298420882486979,False,False,0.0,0.9432000006199814,0.0,0.0,0.009199997293762863,0.013199998647905886
run_1790716901,701,23.366666666666987,SIMULATION,TRACKING,SEARCHING,,True,943.8886914738981,1051.2614883550175,318.9922720294528,244.79856368661672,318.5,244.5,318.5,244.5,0.5757360731687304,0.0,4.743416490252569,0.995604451075672,1,True,-0.33988124999999225,0.30040314192707734,0.004516128472222238,0.010009862749565968,1.255000002856832,796.8127471901513,True,True,4.743416490252569,0.0,False,0.13548385416666714,0.300295882486979,False,False,0.0,1.255000002856832,0.0,0.0,0.010099996870849282,0.01460000203223899
run_1790716901,702,23.400000000000322,SIMULATION,TRACKING,SEARCHING,,True,944.5819871006192,1052.7771079895836,318.9629871006184,244.7126052812523,318.5,244.5,318.5,244.5,0.5094684101643835,0.0,4.743416490252569,0.995604451075672,1,True,-0.33538595486110334,0.3104755046766433,0.004495295138888905,0.010072362749565966,0.9266999986721203,1079.0978757234404,True,True,4.743416490252569,0.0,False,0.13485885416666715,0.302170882486979,False,False,0.0,0.9266999986721203,0.0,0.0,0.008700000762473792,0.013100005162414163
run_1790716901,703,23.433333333333657,SIMULATION,TRACKING,SEARCHING,,True,945.2626286372754,1054.2984523954597,318.9243814150524,244.62237164719795,318.5,243.5,318.5,243.5,1.1999240392106925,0.0,3.8078865529319543,0.995604451075672,1,True,-0.3309114930555478,0.3189298118706537,0.004474461805555572,0.008454307194010413,0.9047999992617406,1105.2166233597884,True,True,3.8078865529319543,0.0,False,0.13423385416666717,0.2536292158203124,False,False,0.0,0.9047999992617406,0.0,0.0,0.011999996786471456,0.01720000000204891
run_1790716901,704,23.466666666666992,SIMULATION,TRACKING,SEARCHING,,True,945.9305688173667,1055.8254159243404,318.8764077062549,244.79664602503703,318.5,244.5,318.5,244.5,0.47925110902150686,0.0,4.743416490252569,0.995604451075672,1,True,-0.32645786458332554,0.3291132857313308,0.004453628472222239,0.010183473860677078,0.8563000010326505,1167.8150166928124,True,True,4.743416490252569,0.0,False,0.13360885416666718,0.30550421582031234,False,False,0.0,0.8563000010326505,0.0,0.0,0.008600000001024455,0.012800002878066152
run_1790716901,705,23.500000000000327,SIMULATION,TRACKING,SEARCHING,,True,946.5857612564271,1057.3578925377053,318.8190195897597,244.69976682069364,318.5,243.5,318.5,243.5,1.2414563716408944,0.0,3.8078865529319543,0.995604451075672,1,True,-0.32202506944443665,0.33767870403645234,0.004432795138888906,0.008565418305121524,0.8753000001888722,1142.465440173906,True,True,3.8078865529319543,0.0,False,0.1329838541666672,0.2569625491536457,False,False,0.0,0.8753000001888722,0.0,0.0,0.007899994670879096,0.011800002539530396
run_1790716901,706,23.533333333333662,SIMULATION,TRACKING,SEARCHING,,True,947.2281604552445,1058.8957758141835,318.75217156635495,244.8671831683523,318.5,244.5,318.5,244.5,0.4454368395172871,0.0,4.743416490252569,0.995604451075672,1,True,-0.31761310763888106,0.34797328900824054,0.0044119618055555735,0.01029458497178819,1.0833999986061826,923.0201230261413,True,True,4.743416490252569,0.0,False,0.1323588541666672,0.3088375491536457,False,False,0.0,1.0833999986061826,0.0,0.0,0.012799995602108538,0.01960000372491777
run_1790716901,707,23.566666666666997,SIMULATION,TRACKING,SEARCHING,,True,947.8577218030221,1060.438958956943,318.67581902524364,244.7632327156257,318.5,243.5,318.5,243.5,1.2754094336583375,0.0,3.8078865529319543,0.995604451075672,1,True,-0.31322197916665884,0.3566498184244732,0.004391128472222241,0.008676529416232634,0.818300002720207,1222.0457004470034,True,True,3.8078865529319543,0.0,False,0.13173385416666722,0.26029588248697905,False,False,0.0,0.818300002720207,0.0,0.0,0.008700000762473792,0.012600001355167478
run_1790716901,708,23.600000000000332,SIMULATION,TRACKING,SEARCHING,,True,948.4744015804746,1061.9873348011079,318.58991824714064,244.92336385319322,317.5,244.5,317.5,244.5,1.1692556340000029,0.0,5.1478150704935,0.995604451075672,1,True,-0.3105322395833255,0.3670555145073725,0.002689739583333352,0.010405696082899301,0.8758000039961189,1141.813194150695,True,True,5.1478150704935,0.0,False,0.08069218750000057,0.31217088248697905,False,False,0.0,0.8758000039961189,0.0,0.0,0.007800001185387373,0.012500000593718141
run_1790716901,709,23.633333333333667,SIMULATION,TRACKING,SEARCHING,,True,949.0781569628653,1063.5407958212004,318.763315296198,244.81191350002177,318.5,244.5,318.5,244.5,0.4081972277070019,0.0,4.743416490252569,0.995604451075672,1,True,-0.3061966666666588,0.3775237105902718,0.0043355729166666855,0.010468196082899303,0.8343999943463132,1198.465971687142,True,True,4.743416490252569,0.0,False,0.13006718750000057,0.31404588248697907,False,False,0.0,0.8343999943463132,0.0,0.0,0.008200004231184721,0.011000003723893315
run_1790716901,710,23.666666666667002,SIMULATION,TRACKING,SEARCHING,,True,949.6689460229796,1065.099234138607,318.6604126896457,244.69544044416443,318.5,244.5,318.5,244.5,0.2528422397752256,0.0,4.743416490252569,0.995604451075672,1,True,-0.30188192708332545,0.3880544066731711,0.004314739583333353,0.010530696082899301,0.7942999945953488,1258.9701709735548,True,True,4.743416490252569,0.0,False,0.12944218750000058,0.315920882486979,False,False,0.0,0.7942999945953488,0.0,0.0,0.007899994670879096,0.011900003300979733
run_1790716901,711,23.700000000000337,SIMULATION,TRACKING,SEARCHING,,True,950.2467277340371,1066.6625415290712,318.54783606736976,244.57383646136464,317.5,244.5,317.5,244.5,1.0504343135616674,0.0,5.1478150704935,0.995604451075672,1,True,-0.299268576388881,0.3986476027560704,0.002613350694444464,0.010593196082899301,0.9294999981648289,1075.8472318174975,True,True,5.1478150704935,0.0,False,0.07840052083333393,0.31779588248697904,False,False,0.0,0.9294999981648289,0.0,0.0,0.00839999847812578,0.011900003300979733
run_1790716901,712,23.733333333333672,SIMULATION,TRACKING,SEARCHING,,True,950.81146197254,1068.2306094302078,318.69443419476147,244.4469929892373,318.5,243.5,318.5,243.5,0.9667473184638862,0.0,3.8078865529319543,0.995604451075672,1,True,-0.2950093923611032,0.4076227432834142,0.0042591840277777975,0.008975140527343746,0.9124999996856786,1095.8904113363965,True,True,3.8078865529319543,0.0,False,0.12777552083333393,0.2692542158203124,False,False,0.0,0.9124999996856786,0.0,0.0,0.014199998986441642,0.020799998310394585
run_1790716901,713,23.766666666667007,SIMULATION,TRACKING,SEARCHING,,True,951.3631095210599,1069.8033289490427,318.5646122988369,244.58369002369727,317.5,244.5,317.5,244.5,1.0678967023552517,0.0,5.1478150704935,0.995604451075672,1,True,-0.29245159722221425,0.4183270504774246,0.0025577951388889093,0.010704307194010413,1.0708999980124645,933.7940067755615,True,True,5.1478150704935,0.0,False,0.07673385416666728,0.3211292158203124,False,False,0.0,1.0708999980124645,0.0,0.0,0.015300000086426735,0.022000000171829015
run_1790716901,714,23.80000000000034,SIMULATION,TRACKING,SEARCHING,,True,951.9016320709607,1071.380590869575,318.69388762651545,244.44826279318795,318.5,243.5,318.5,243.5,0.9678815716090516,0.0,3.8078865529319543,0.995604451075672,1,True,-0.28824796874999203,0.4274133021158794,0.004203628472222243,0.009086251638454858,1.3041000056546181,766.8123576903373,True,True,3.8078865529319543,0.0,False,0.12610885416666728,0.27258754915364575,False,False,0.0,1.3041000056546181,0.0,0.0,0.015700003132224083,0.021399995603132993
run_1790716901,715,23.833333333333677,SIMULATION,TRACKING,SEARCHING,,True,952.4269922250595,1072.9622856603603,318.54666722505874,244.57615732182057,317.5,244.5,317.5,244.5,1.0494342369481984,0.0,5.1478150704935,0.995604451075672,1,True,-0.2857457291666587,0.4382287204210009,0.0025022395833333546,0.010815418305121524,1.186100002087187,843.0992312960916,True,True,5.1478150704935,0.0,False,0.07506718750000063,0.3244625491536457,False,False,0.0,1.186100002087187,0.0,0.0,0.015900004655122757,0.023300002794712782
run_1790716901,716,23.86666666666701,SIMULATION,TRACKING,SEARCHING,,True,952.9391535002237,1074.5483034821184,318.65847016688963,244.43170821475928,318.5,244.5,318.5,244.5,0.1725588645227796,0.0,4.743416490252569,0.995604451075672,1,True,-0.281597656249992,0.44910663872612244,0.004148072916666688,0.010877918305121524,1.2963999979547225,771.3668632965591,True,True,4.743416490252569,0.0,False,0.12444218750000063,0.3263375491536457,False,False,0.0,1.2963999979547225,0.0,0.0,0.016500001947861165,0.025499997718725353
run_1790716901,717,23.900000000000347,SIMULATION,TRACKING,SEARCHING,,True,953.4380803299038,1076.1385341953603,318.49370532990304,244.2814719991818,317.5,243.5,317.5,243.5,1.2641790886511721,0.0,4.301162633521313,0.995604451075672,1,True,-0.2791509722222142,0.4583665014756884,0.0024466840277777993,0.009259862749565969,1.029200000630226,971.6284486860227,True,True,4.301162633521313,0.0,False,0.07340052083333398,0.27779588248697906,False,False,0.0,1.029200000630226,0.0,0.0,0.014899997040629387,0.022899999748915434
run_1790716901,718,23.93333333333368,SIMULATION,TRACKING,SEARCHING,,True,953.9237380666036,1077.7328673680365,318.5878936221585,244.39422713192744,318.5,244.5,318.5,244.5,0.13752522836351752,0.0,4.743416490252569,0.995604451075672,1,True,-0.27505845486110303,0.46935553089192106,0.004092517361111133,0.010989029416232636,0.975200004177168,1025.4306764936462,True,True,4.743416490252569,0.0,False,0.12277552083333398,0.32967088248697907,False,False,0.0,0.975200004177168,0.0,0.0,0.014500001270789653,0.02970000059576705
run_1790716901,719,23.966666666667017,SIMULATION,TRACKING,SEARCHING,,True,954.3960929842868,1079.3311922832065,318.4054457620639,244.2343073405002,317.5,243.5,317.5,243.5,1.1657784087689866,0.0,4.301162633521313,0.995604451075672,1,True,-0.2726673263888808,0.47872650475259815,0.0023911284722222446,0.009370973860677081,1.0925999958999455,915.2480356512601,True,True,4.301162633521313,0.0,False,0.07173385416666733,0.2811292158203124,False,False,0.0,1.0925999958999455,0.0,0.0,0.014899997040629387,0.0261999957729131
run_1790716901,720,24.00000000000035,SIMULATION,TRACKING,SEARCHING,,True,954.8551122807183,1080.9333979467267,318.4818845029398,244.33715718631197,318.5,243.5,318.5,243.5,0.8373531667268668,0.0,3.8078865529319543,0.995604451075672,1,True,-0.26863036458332523,0.48814608972438633,0.0040369618055555775,0.009419584971788192,1.1263000051258132,887.8629099254023,True,True,3.8078865529319543,0.0,False,0.12110885416666733,0.28258754915364576,False,False,0.0,1.1263000051258132,0.0,0.0,0.010399999155197293,0.01569999585626647
run_1790716901,721,24.033333333333687,SIMULATION,TRACKING,SEARCHING,,True,955.3007640797426,1082.5393730949586,318.2816224130752,244.43599873905782,317.5,244.5,317.5,244.5,0.7842383298613128,0.0,5.1478150704935,0.995604451075672,1,True,-0.26629479166665854,0.4992948413628412,0.0023355729166666893,0.011148751638454859,0.9884999963105656,1011.6337923443161,True,True,5.1478150704935,0.0,False,0.07006718750000068,0.33446254915364576,False,False,0.0,0.9884999963105656,0.0,0.0,0.014200006262399256,0.023399996280204505
run_1790716901,722,24.06666666666702,SIMULATION,TRACKING,SEARCHING,,True,955.733017433497,1084.149006202496,318.3401841001629,244.26183158444246,318.5,243.5,318.5,243.5,0.778414083181216,0.0,3.8078865529319543,0.995604451075672,1,True,-0.2623133854166585,0.5088255374457404,0.003981406250000023,0.009530696082899304,0.9379000039189123,1066.2117451984325,True,True,3.8078865529319543,0.0,False,0.11944218750000068,0.2859208824869791,False,False,0.0,0.9379000039189123,0.0,0.0,0.0092999980552122,0.014599994756281376
run_1790716901,723,24.100000000000357,SIMULATION,TRACKING,SEARCHING,,True,956.1518423245615,1085.7621854899087,318.12198399122735,244.35009949859136,317.5,244.5,317.5,244.5,0.6397923457385754,0.0,5.1478150704935,0.995604451075672,1,True,-0.2600333680555474,0.5200854001953064,0.0022800173611111346,0.01125986274956597,0.968000000284519,1033.0578509360282,True,True,5.1478150704935,0.0,False,0.06840052083333403,0.3377958824869791,False,False,0.0,0.968000000284519,0.0,0.0,0.009800001862458885,0.015600002370774746
run_1790716901,724,24.13333333333369,SIMULATION,TRACKING,SEARCHING,,True,956.5572096680423,1087.3787989315056,318.16254855693046,244.16513490025773,318.5,243.5,318.5,243.5,0.745840406501666,0.0,3.8078865529319543,0.995604451075672,1,True,-0.25610751736110293,0.5297272073893168,0.003925850694444468,0.009641807194010414,0.924300002225209,1081.8998134724081,True,True,3.8078865529319543,0.0,False,0.11777552083333404,0.2892542158203124,False,False,0.0,0.924300002225209,0.0,0.0,0.009700001101009548,0.014199998986441642
run_1790716901,725,24.166666666667027,SIMULATION,TRACKING,SEARCHING,,True,956.9490913135924,1088.9987342631139,317.9262940913694,244.24238108082432,317.5,243.5,317.5,243.5,0.8560702783664165,0.0,4.301162633521313,0.995604451075672,1,True,-0.25388305555554735,0.5394176256944383,0.0022244618055555793,0.009690418305121525,0.9741999965626746,1026.4832719445258,True,True,4.301162633521313,0.0,False,0.06673385416666738,0.29071254915364575,False,False,0.0,0.9741999965626746,0.0,0.0,0.011399999493733048,0.01679999695625156
run_1790716901,726,24.20000000000036,SIMULATION,TRACKING,SEARCHING,,True,957.3274600473662,1090.6218789898758,317.94874893625433,244.31505887876688,317.5,244.5,317.5,244.5,0.48536463211935843,0.0,5.1478150704935,0.995604451075672,1,True,-0.251693315972214,0.5508372106662265,0.0021897395833333573,0.011419584971788192,0.9804000001167879,1019.9918399437753,True,True,5.1478150704935,0.0,False,0.06569218750000072,0.34258754915364575,False,False,0.0,0.9804000001167879,0.0,0.0,0.009399998816661537,0.015199999324977398
run_1790716901,727,24.233333333333697,SIMULATION,TRACKING,SEARCHING,,True,957.6922895939091,1092.2481203940597,317.96322014946384,244.1141666874646,317.5,243.5,317.5,243.5,0.769268241162043,0.0,4.301162633521313,0.995604451075672,1,True,-0.24953829861110288,0.5606387400824592,0.0021550173611111353,0.009801529416232637,0.9055999980773777,1104.2402850298554,True,True,4.301162633521313,0.0,False,0.06465052083333406,0.2940458824869791,False,False,0.0,0.9055999980773777,0.0,0.0,0.015300000086426735,0.015400000847876072
run_1790716901,728,24.26666666666703,SIMULATION,TRACKING,SEARCHING,,True,958.0435546179827,1093.877345542888,317.9696823957597,244.1751471296957,317.5,243.5,317.5,243.5,0.8224507277782148,0.0,4.301162633521313,0.995604451075672,1,True,-0.24741800347221396,0.570488880609803,0.0021202951388889133,0.009850140527343749,0.9390000050188974,1064.962720612419,True,True,4.301162633521313,0.0,False,0.0636088541666674,0.29550421582031244,False,False,0.0,0.9390000050188974,0.0,0.0,0.00960000033956021,0.014700002793688327
run_1790716901,729,24.300000000000367,SIMULATION,TRACKING,SEARCHING,,True,958.3812307263236,1095.5094412963804,317.96811128187835,244.2312203988131,317.5,244.5,317.5,244.5,0.539787593629184,0.0,5.1478150704935,0.995604451075672,1,True,-0.24533243055554727,0.5820681878038134,0.002085572916666691,0.011579307194010414,0.9142999988398515,1093.7329118111043,True,True,5.1478150704935,0.0,False,0.06256718750000073,0.34737921582031245,False,False,0.0,0.9142999988398515,0.0,0.0,0.008800001523923129,0.014400000509340316
run_1790716901,730,24.3333333333337,SIMULATION,TRACKING,SEARCHING,,True,958.7052944693379,1097.14429431521,317.958483358226,244.01338426660095,317.5,243.5,317.5,243.5,0.6883098103060609,0.0,4.301162633521313,0.995604451075672,1,True,-0.2432815798611028,0.5920294394422683,0.002050850694444469,0.00996125163845486,0.8683999985805713,1151.5430695929679,True,True,4.301162633521313,0.0,False,0.06152552083333407,0.2988375491536458,False,False,0.0,0.8683999985805713,0.0,0.0,0.013500000932253897,0.019699997210409492
run_1790716901,731,24.366666666667037,SIMULATION,TRACKING,SEARCHING,,True,959.0157233427291,1098.781791068574,317.94077612050603,244.05708075781217,317.5,243.5,317.5,243.5,0.7103679040700889,0.0,4.301162633521313,0.995604451075672,1,True,-0.24126545138888056,0.6020393021918342,0.002016128472222247,0.010009862749565971,0.8718000026419759,1147.052072688135,True,True,4.301162633521313,0.0,False,0.060483854166667406,0.30029588248697914,False,False,0.0,0.8718000026419759,0.0,0.0,0.009099996532313526,0.013899996702093631
run_1790716901,732,24.40000000000037,SIMULATION,TRACKING,SEARCHING,,True,959.3124957890612,1100.421817842078,317.91496801128267,244.09552949138583,317.5,243.5,317.5,243.5,0.7258469711297004,0.0,4.301162633521313,0.995604451075672,1,True,-0.23928404513888055,0.6120977760525113,0.001981406250000025,0.010058473860677082,0.8871000027284026,1127.2686246470041,True,True,4.301162633521313,0.0,False,0.05944218750000074,0.3017542158203125,False,False,0.0,0.8871000027284026,0.0,0.0,0.008700000762473792,0.014099998224992305
run_1790716901,733,24.433333333333707,SIMULATION,TRACKING,SEARCHING,,True,959.5955911992561,1102.0642607456334,317.88103842147746,244.12861657723283,317.5,243.5,317.5,243.5,0.7350844031905137,0.0,4.301162633521313,0.995604451075672,1,True,-0.23733736111110273,0.6222048610242994,0.0019466840277778026,0.010107084971788194,0.9588000029907562,1042.9703763879118,True,True,4.301162633521313,0.0,False,0.05840052083333408,0.3032125491536458,False,False,0.0,0.9588000029907562,0.0,0.0,0.01309999788645655,0.019499995687510818
run_1790716901,734,24.46666666666704,SIMULATION,TRACKING,SEARCHING,,True,959.8649899140239,1103.7090057213647,317.8389676918008,244.156227957478,317.5,243.5,317.5,243.5,0.7386028894206316,0.0,4.301162633521313,0.995604451075672,1,True,-0.23542539930554715,0.6323605571071987,0.0019119618055555806,0.010155696082899304,0.8955000012065284,1116.6945825267182,True,True,4.301162633521313,0.0,False,0.05735885416666742,0.30467088248697916,False,False,0.0,0.8955000012065284,0.0,0.0,0.00960000033956021,0.013699995179194957
run_1790716901,735,24.500000000000377,SIMULATION,TRACKING,SEARCHING,,True,960.1206732252288,1105.3559385515323,317.78873711411677,244.17824941438175,317.5,243.5,317.5,243.5,0.7371508591717654,0.0,4.301162633521313,0.995604451075672,1,True,-0.2335481597222138,0.6425648643012092,0.0018772395833333583,0.010204307194010416,0.8951000054366887,1117.1936028669045,True,True,4.301162633521313,0.0,False,0.056317187500000754,0.3061292158203125,False,False,0.0,0.8951000054366887,0.0,0.0,0.009199997293762863,0.014199998986441642
run_1790716901,736,24.53333333333371,SIMULATION,TRACKING,SEARCHING,,True,960.3626233771881,1107.0049448664624,317.73032893274285,244.19456657827027,316.5,243.5,316.5,243.5,1.4128453611044027,0.0,4.949747468305833,0.995604451075672,1,True,-0.2333861979166582,0.6528177826063307,0.00016196180555557994,0.010252918305121528,0.8772000001044944,1139.9908799371606,True,True,4.949747468305833,0.0,False,0.004858854166667398,0.30758754915364583,False,False,0.0,0.8772000001044944,0.0,0.0,0.0092999980552122,0.013299999409355223
run_1790716901,737,24.566666666667047,SIMULATION,TRACKING,SEARCHING,,True,960.5908235679051,1108.6559101524904,317.9326152345709,244.20506493547873,317.5,244.5,317.5,244.5,0.5235863190219955,0.0,5.1478150704935,0.995604451075672,1,True,-0.23159229166665818,0.6647998675781189,0.001793906250000025,0.011982084971788194,1.0057000035885721,994.3323023086077,True,True,5.1478150704935,0.0,False,0.05381718750000075,0.35946254915364584,False,False,0.0,1.0057000035885721,0.0,0.0,0.009999996109399945,0.014299999747890979
run_1790716901,738,24.60000000000038,SIMULATION,TRACKING,SEARCHING,,True,960.805257950236,1110.3087197599123,317.8600246169018,243.9407409474145,317.5,243.5,317.5,243.5,0.5690960441815719,0.0,4.301162633521313,0.995604451075672,1,True,-0.22983310763888037,0.6751638969943515,0.0017591840277778029,0.010364029416232637,0.8699000027263537,1149.5574167903205,True,True,4.301162633521313,0.0,False,0.05277552083333409,0.31092088248697913,False,False,0.0,0.8699000027263537,0.0,0.0,0.009900002623908222,0.013500000932253897
run_1790716901,739,24.633333333333717,SIMULATION,TRACKING,SEARCHING,,True,961.0059116329905,1111.9632589109478,317.7792088552119,243.93703539185276,317.5,243.5,317.5,243.5,0.5186111438839607,0.0,4.301162633521313,0.995604451075672,1,True,-0.2281086458333248,0.6855765375216952,0.0017244618055555808,0.01041264052734375,0.9026999978232197,1107.7877505388396,True,True,4.301162633521313,0.0,False,0.051733854166667426,0.3123792158203125,False,False,0.0,0.9026999978232197,0.0,0.0,0.012399999832268804,0.018999999156221747
run_1790716901,740,24.66666666666705,SIMULATION,TRACKING,SEARCHING,,True,961.1927706819657,1113.6194127077097,317.69015401529816,243.92716670423965,316.5,243.5,316.5,243.5,1.264491191484269,0.0,4.949747468305833,0.995604451075672,1,True,-0.228099461805547,0.6960377891601501,9.184027777802325e-06,0.01046125163845486,0.8833000028971583,1132.1181894261003,True,True,4.949747468305833,0.0,False,0.00027552083333406974,0.3138375491536458,False,False,0.0,0.8833000028971583,0.0,0.0,0.01309999788645655,0.014500001270789653
run_1790716901,741,24.700000000000387,SIMULATION,TRACKING,SEARCHING,,True,961.3658221209139,1115.277066140183,317.8617360098019,243.91101987456022,316.5,243.5,316.5,243.5,1.4224142496736834,0.0,4.949747468305833,0.995604451075672,1,True,-0.22813888888888031,0.7065476519097161,-3.9427083333308983e-05,0.010509862749565972,0.8964999942691065,1115.4489753402333,True,True,4.949747468305833,0.0,False,-0.0011828124999992695,0.31529588248697915,False,False,0.0,0.8964999942691065,0.0,0.0,0.017300000763498247,0.012799995602108538
run_1790716901,742,24.73333333333372,SIMULATION,TRACKING,SEARCHING,,True,961.5250539324435,1116.9361040942122,318.02727615466483,243.88847978865874,318.5,243.5,318.5,243.5,0.6118695777245411,0.0,3.8078865529319543,0.995604451075672,1,True,-0.2248658159722136,0.7171061257703932,0.0032730729166666915,0.010558473860677082,0.8604999966337346,1162.1150539360694,True,True,3.8078865529319543,0.0,False,0.09819218750000075,0.3167542158203125,False,False,0.0,0.8604999966337346,0.0,0.0,0.011799995263572782,0.020600004063453525
run_1790716901,743,24.766666666667057,SIMULATION,TRACKING,SEARCHING,,True,961.6704550588538,1118.596411359495,317.6489856144085,243.85943123623338,317.5,243.5,317.5,243.5,0.3890855007333638,0.0,4.301162633521313,0.995604451075672,1,True,-0.22329413194443581,0.7277132107421814,0.0015716840277778031,0.010607084971788194,0.8604999966337346,1162.1150539360694,True,True,4.301162633521313,0.0,False,0.0471505208333341,0.31821254915364583,False,False,0.0,0.8604999966337346,0.0,0.0,0.013199998647905886,0.018500002624932677
run_1790716901,744,24.80000000000039,SIMULATION,TRACKING,SEARCHING,,True,961.802015402903,1120.257872637583,317.52907651401324,243.8237589188352,317.5,243.5,317.5,243.5,0.32506196515819336,0.0,4.301162633521313,0.995604451075672,1,True,-0.22175717013888024,0.7383689068250807,0.001536961805555581,0.010655696082899305,0.8425999985774979,1186.8027553859831,True,True,4.301162633521313,0.0,False,0.046108854166667435,0.31967088248697917,False,False,0.0,0.8425999985774979,0.0,0.0,0.008999995770864189,0.01219999830937013
run_1790716901,745,24.833333333333727,SIMULATION,TRACKING,SEARCHING,,True,961.9197258285087,1121.9203725498887,317.40087305073007,243.78134745787702,316.5,243.5,316.5,243.5,0.9437842155840304,0.0,4.949747468305833,0.995604451075672,1,True,-0.22193548611110245,0.7490732140190911,-0.00017831597222219738,0.010704307194010417,0.8900999964680523,1123.4692775733454,True,True,4.949747468305833,0.0,False,-0.005349479166665921,0.3211292158203125,False,False,0.0,0.8900999964680523,0.0,0.0,0.008800001523923129,0.013299999409355223
run_1790716901,746,24.86666666666706,SIMULATION,TRACKING,SEARCHING,,True,962.0235781613832,1123.5837956456971,317.5332559391601,243.73208140264387,317.5,243.5,317.5,243.5,0.23445198856603014,0.0,4.301162633521313,0.995604451075672,1,True,-0.2204818576388802,0.7598261323242126,0.0014536284722222476,0.010752918305121529,0.8608999996795319,1161.5750962623392,True,True,4.301162633521313,0.0,False,0.04360885416666743,0.32258754915364585,False,False,0.0,0.8608999996795319,0.0,0.0,0.009099996532313526,0.013800003216601908
run_1790716901,747,24.900000000000396,SIMULATION,TRACKING,SEARCHING,,True,962.1135651896006,1125.2480264101841,317.39066241182195,243.67584523831147,316.5,242.5,316.5,242.5,1.4750903552976826,0.0,4.301162633521313,0.995604451075672,1,True,-0.22074350694443573,0.7689471061848897,-0.0002616493055555308,0.009120973860677084,0.9461000008741394,1056.9707209344258,True,True,4.301162633521313,0.0,False,-0.007849479166665924,0.2736292158203125,False,False,0.0,0.9461000008741394,0.0,0.0,0.008900002285372466,0.013700002455152571
run_1790716901,748,24.93333333333373,SIMULATION,TRACKING,SEARCHING,,True,962.1896806640981,1126.9129492724376,317.5086417752083,243.88141228285667,316.5,243.5,316.5,243.5,1.0783476063910187,0.0,4.949747468305833,0.995604451075672,1,True,-0.22105376736110238,0.7797833578233446,-0.0003102604166666421,0.010836251638454863,0.9624000012991019,1039.0689927786195,True,True,4.949747468305833,0.0,False,-0.009307812499999263,0.3250875491536459,False,False,0.0,0.9624000012991019,0.0,0.0,0.010899995686486363,0.015799996617715806
run_1790716901,749,24.966666666667066,SIMULATION,TRACKING,SEARCHING,,True,962.2519192991093,1128.5784486134835,317.6205220768861,243.81311136174986,316.5,243.5,316.5,243.5,1.1634467970844358,0.0,4.949747468305833,0.995604451075672,1,True,-0.22141263888888013,0.7906682205729106,-0.0003588715277777534,0.010884862749565974,0.8916000006138347,1121.5791827181872,True,True,4.949747468305833,0.0,False,-0.010766145833332602,0.32654588248697924,False,False,0.0,0.8916000006138347,0.0,0.0,0.012700002116616815,0.019699997210409492
run_1790716901,750,25.0000000000004,SIMULATION,TRACKING,SEARCHING,,True,962.3002767725318,1130.2444087743147,317.72629899475305,243.7374934826505,316.5,242.5,316.5,242.5,1.742182350999695,0.0,4.301162633521313,0.995604451075672,1,True,-0.221820121527769,0.7999211388780322,-0.0004074826388888647,0.00925291830512153,0.9067999999388121,1102.779003162193,True,True,4.301162633521313,0.0,False,-0.012224479166665941,0.27758754915364586,False,False,0.0,0.9067999999388121,0.0,0.0,0.008899995009414852,0.022799998987466097
run_1790716901,751,25.033333333333736,SIMULATION,TRACKING,SEARCHING,,True,962.3347497262271,1131.9107140639228,317.82596917067053,243.9233318434392,316.5,243.5,316.5,243.5,1.391906638836934,0.0,4.949747468305833,0.995604451075672,1,True,-0.22227621527776897,0.8108893349609315,-0.000456093749999976,0.010968196082899307,0.9005000028992072,1110.4941663303136,True,True,4.949747468305833,0.0,False,-0.01368281249999928,0.3290458824869792,False,False,0.0,0.9005000028992072,0.0,0.0,0.008700000762473792,0.013100005162414163
run_1790716901,752,25.06666666666707,SIMULATION,TRACKING,SEARCHING,,True,962.3553357662539,1133.5772487673323,317.9195302106974,243.83495517358483,317.5,243.5,317.5,243.5,0.5368431484140066,0.0,4.301162633521313,0.995604451075672,1,True,-0.2211003645833245,0.821906142154942,0.0011758506944444691,0.011016807194010417,0.883699998666998,1131.6057502641538,True,True,4.301162633521313,0.0,False,0.03527552083333407,0.33050421582031253,False,False,0.0,0.883699998666998,0.0,0.0,0.009000003046821803,0.014999997802078724
run_1790716901,753,25.100000000000406,SIMULATION,TRACKING,SEARCHING,,True,962.3620334630345,1135.2438971536365,317.7380917963669,243.73891440884722,316.5,242.5,316.5,242.5,1.7515079813350323,0.0,4.301162633521313,0.995604451075672,1,True,-0.22163979166665781,0.8312910049045079,-0.0005394270833333094,0.009384862749565973,0.8945000008679926,1117.9429838229555,True,True,4.301162633521313,0.0,False,-0.016182812499999283,0.2815458824869792,False,False,0.0,0.8945000008679926,0.0,0.0,0.008500006515532732,0.012500000593718141
run_1790716901,754,25.13333333333374,SIMULATION,TRACKING,SEARCHING,,True,962.3548423514537,1136.9105434840337,317.81720901811946,243.90398269931393,316.5,243.5,316.5,243.5,1.3777668956540472,0.0,4.949747468305833,0.995604451075672,1,True,-0.22222782986110223,0.8423911454318517,-0.0005880381944444208,0.011100140527343753,0.839099993754644,1191.7530776342776,True,True,4.949747468305833,0.0,False,-0.017641145833332622,0.3330042158203126,False,False,0.0,0.839099993754644,0.0,0.0,0.00839999847812578,0.012800002878066152
run_1790716901,755,25.166666666667076,SIMULATION,TRACKING,SEARCHING,,True,962.3337629308915,1138.5770720198652,317.8902157086683,243.79448875077037,317.5,243.5,317.5,243.5,0.48886800224782584,0.0,4.301162633521313,0.995604451075672,1,True,-0.2211839236111022,0.8535398970703065,0.0010439062500000244,0.011148751638454864,0.8945999943534844,1117.818026281888,True,True,4.301162633521313,0.0,False,0.03131718750000073,0.3344625491536459,False,False,0.0,0.8945999943534844,0.0,0.0,0.011999996786471456,0.018200000340584666
run_1790716901,756,25.20000000000041,SIMULATION,TRACKING,SEARCHING,,True,962.2987966651878,1140.2433670306527,317.6882244429646,243.6769834994052,316.5,242.5,316.5,242.5,1.672473463087131,0.0,4.301162633521313,0.995604451075672,1,True,-0.22185529513887994,0.8630567042643169,-0.0006713715277777542,0.009516807194010417,0.8445999992545694,1183.9924234934692,True,True,4.301162633521313,0.0,False,-0.020141145833332624,0.28550421582031255,False,False,0.0,0.8445999992545694,0.0,0.0,0.00839999847812578,0.01290000363951549
run_1790716901,757,25.233333333333746,SIMULATION,TRACKING,SEARCHING,,True,962.2499459825415,1141.9093128021343,317.74679320476275,243.82024011984504,316.5,243.5,316.5,243.5,1.2872633878895727,0.0,4.949747468305833,0.995604451075672,1,True,-0.2225752777777688,0.8742887892361051,-0.0007199826388888654,0.011232084971788195,0.8775000023888424,1139.6011364987721,True,True,4.949747468305833,0.0,False,-0.021599479166665964,0.3369625491536459,False,False,0.0,0.8775000023888424,0.0,0.0,0.009000003046821803,0.014000004739500582
run_1790716901,758,25.26666666666708,SIMULATION,TRACKING,SEARCHING,,True,962.1872142753417,1143.574793644301,317.79925871978526,243.68858736652578,317.5,243.5,317.5,243.5,0.35372443537397885,0.0,4.301162633521313,0.995604451075672,1,True,-0.22166331597221323,0.8855694853190044,0.0009119618055555797,0.011280696082899307,0.825700000859797,1211.0936162755302,True,True,4.301162633521313,0.0,False,0.02735885416666739,0.3384208824869792,False,False,0.0,0.825700000859797,0.0,0.0,0.008199996955227107,0.011799995263572782
run_1790716901,759,25.300000000000416,SIMULATION,TRACKING,SEARCHING,,True,962.1106058999316,1145.2396938994302,317.5767364554862,243.5485762483911,316.5,242.5,316.5,242.5,1.5029549372030109,0.0,4.301162633521313,0.995604451075672,1,True,-0.22246663194443542,0.8952182369574593,-0.0008033159722221989,0.009648751638454862,0.8754000009503216,1142.3349313621368,True,True,4.301162633521313,0.0,False,-0.024099479166665966,0.2894625491536459,False,False,0.0,0.8754000009503216,0.0,0.0,0.008899995009414852,0.01290000363951549
run_1790716901,760,25.33333333333375,SIMULATION,TRACKING,SEARCHING,,True,962.0201261763065,1146.9038979501179,317.6147872874167,243.6689800369261,317.5,243.5,317.5,243.5,0.2042801366555739,0.0,4.301162633521313,0.995604451075672,1,True,-0.22163800347221316,0.9065822663736919,0.0008286284722222462,0.011364029416232642,0.8709000030648895,1148.2374514648973,True,True,4.301162633521313,0.0,False,0.024858854166667388,0.34092088248697927,False,False,0.0,0.8709000030648895,0.0,0.0,0.009900002623908222,0.012899996363557875
run_1790716901,761,25.366666666667086,SIMULATION,TRACKING,SEARCHING,,True,961.9157813877441,1148.567290227307,317.37786194329874,243.51412760751805,316.5,243.5,316.5,243.5,0.8779756151433956,0.0,4.949747468305833,0.995604451075672,1,True,-0.2225246527777687,0.9179949069010356,-0.0008866493055555323,0.011412640527343754,0.894499993592035,1117.942992916422,True,True,4.949747468305833,0.0,False,-0.026599479166665968,0.3423792158203126,False,False,0.0,0.894499993592035,0.0,0.0,0.00790000194683671,0.011999996786471456
run_1790716901,762,25.40000000000042,SIMULATION,TRACKING,SEARCHING,,True,961.7975787803686,1150.2297552183134,317.4015232248121,243.35057011414938,317.5,242.5,317.5,242.5,0.8562518288070962,0.0,3.5355339059327378,0.995604451075672,1,True,-0.2217793576388798,0.9277756029839349,0.0007452951388889128,0.009780696082899307,0.8851999955368228,1129.6882117510152,True,True,3.5355339059327378,0.0,False,0.022358854166667386,0.29342088248697923,False,False,0.0,0.8851999955368228,0.0,0.0,0.007999995432328433,0.015899997379165143
run_1790716901,763,25.433333333333756,SIMULATION,TRACKING,SEARCHING,,True,961.6655265626465,1151.8911774748476,317.15022378486776,243.4470809974198,316.5,243.5,316.5,243.5,0.6523736592182753,0.0,4.949747468305833,0.995604451075672,1,True,-0.22274934027776866,0.939271576844612,-0.0009699826388888656,0.011495973860677085,0.9216000034939498,1085.069440330753,True,True,4.949747468305833,0.0,False,-0.02909947916666597,0.34487921582031256,False,False,0.0,0.9216000034939498,0.0,0.0,0.00839999847812578,0.013900003978051245
run_1790716901,764,25.46666666666709,SIMULATION,TRACKING,SEARCHING,,True,961.519633904818,1153.5514416210315,317.15952834926145,243.26798932589531,317.5,243.5,317.5,243.5,0.4120071575290215,0.0,4.301162633521313,0.995604451075672,1,True,-0.22208737847221308,0.9508161618164003,0.0006619618055555795,0.011544584971788197,0.8395999975618906,1191.0433574367485,True,True,4.301162633521313,0.0,False,0.019858854166667383,0.3463375491536459,False,False,0.0,0.8395999975618906,0.0,0.0,0.007999995432328433,0.012700002116616815
run_1790716901,765,25.500000000000426,SIMULATION,TRACKING,SEARCHING,,True,961.3599109382587,1155.2104323614114,316.89389149381327,243.0798464707891,316.5,242.5,316.5,242.5,0.7009796277960103,0.0,4.301162633521313,0.995604451075672,1,True,-0.22314069444443527,0.960728802343744,-0.001053315972222199,0.009912640527343752,0.8068999959505163,1239.3109493351958,True,True,4.301162633521313,0.0,False,-0.03159947916666597,0.29737921582031257,False,False,0.0,0.8068999959505163,0.0,0.0,0.007800001185387373,0.011900003300979733
run_1790716901,766,25.53333333333376,SIMULATION,TRACKING,SEARCHING,,True,961.1863687547774,1156.8680344889633,316.8888798658875,243.15142611396595,316.5,242.5,316.5,242.5,0.7586722164739159,0.0,4.301162633521313,0.995604451075672,1,True,-0.22424262152776858,0.97067616509331,-0.0011019270833333105,0.009947362749565975,0.811200006864965,1232.741606924645,True,True,4.301162633521313,0.0,False,-0.03305781249999931,0.29842088248697923,False,False,0.0,0.811200006864965,0.0,0.0,0.007700000423938036,0.01189999602502212
run_1790716901,767,25.566666666667096,SIMULATION,TRACKING,SEARCHING,,True,960.9990194058448,1158.524132893095,316.8778388502882,243.2159464781671,316.5,243.5,316.5,243.5,0.4727035012063829,0.0,4.949747468305833,0.995604451075672,1,True,-0.225393159722213,0.9823388056206538,-0.0011505381944444217,0.011662640527343752,0.8862999966368079,1128.286137644864,True,True,4.949747468305833,0.0,False,-0.03451614583333265,0.34987921582031256,False,False,0.0,0.8862999966368079,0.0,0.0,0.008800001523923129,0.012500000593718141
run_1790716901,768,25.60000000000043,SIMULATION,TRACKING,SEARCHING,,True,960.7978759017569,1160.1786125676379,316.8607814573114,243.00440366833504,316.5,242.5,316.5,242.5,0.620150240320521,0.0,4.301162633521313,0.995604451075672,1,True,-0.22659230902776853,0.9923695017035531,-0.001199149305555533,0.010030696082899308,0.8124000014504418,1230.9207265074115,True,True,4.301162633521313,0.0,False,-0.03597447916666599,0.30092088248697924,False,False,0.0,0.8124000014504418,0.0,0.0,0.008100003469735384,0.012100004823878407
run_1790716901,769,25.633333333333766,SIMULATION,TRACKING,SEARCHING,,True,960.582952210732,1161.831358618835,316.8377216551753,243.0522383462685,316.5,242.5,316.5,242.5,0.6473199421180439,0.0,4.301162633521313,0.995604451075672,1,True,-0.22784006944443516,1.0024349200086746,-0.0012477604166666442,0.01006541830512153,0.8113000003504567,1232.589670366117,True,True,4.301162633521313,0.0,False,-0.03743281249999933,0.3019625491536459,False,False,0.0,0.8113000003504567,0.0,0.0,0.008300004992634058,0.01170000177808106
run_1790716901,770,25.6666666666671,SIMULATION,TRACKING,SEARCHING,,True,960.3542632579397,1163.48225627332,316.80867436904975,243.09266907193387,315.5,242.5,315.5,242.5,1.4366228569233912,0.0,5.1478150704935,0.995604451075672,1,True,-0.23081699652776846,1.0125350605360184,-0.00297692708333331,0.010100140527343753,0.7798000006005168,1282.3800964733382,True,True,5.1478150704935,0.0,False,-0.0893078124999993,0.30300421582031256,False,False,0.0,0.7798000006005168,0.0,0.0,0.007599999662488699,0.011999996786471456
run_1790716901,771,25.700000000000436,SIMULATION,TRACKING,SEARCHING,,True,960.1118249244657,1165.131190886085,317.04254436890915,243.12558120032395,316.5,242.5,316.5,242.5,0.8280738073588486,0.0,4.301162633521313,0.995604451075672,1,True,-0.23217586805554621,1.0226699232855843,-0.0013588715277777553,0.010134862749565973,0.8737999960430898,1144.4266474346457,True,True,4.301162633521313,0.0,False,-0.040766145833332657,0.3040458824869792,False,False,0.0,0.8737999960430898,0.0,0.0,0.008700000762473792,0.013199998647905886
run_1790716901,772,25.73333333333377,SIMULATION,TRACKING,SEARCHING,,True,959.855654046208,1166.778047948445,317.0037929350958,243.1508602227534,316.5,242.5,316.5,242.5,0.8230591418695706,0.0,4.301162633521313,0.995604451075672,1,True,-0.2335833506944351,1.0328395082573725,-0.0014074826388888666,0.010169584971788196,0.8038000014494173,1244.0905675501288,True,True,4.301162633521313,0.0,False,-0.042224479166665996,0.3050875491536459,False,False,0.0,0.8038000014494173,0.0,0.0,0.009200004569720477,0.019999999494757503
run_1790716901,773,25.766666666667106,SIMULATION,TRACKING,SEARCHING,,True,959.5857684127076,1168.422713095988,316.9591045238176,243.1683917748103,316.5,242.5,316.5,242.5,0.8108788617443548,0.0,4.301162633521313,0.995604451075672,1,True,-0.23503944444443506,1.0430438154513828,-0.0014560937499999778,0.010204307194010418,0.8462999976472929,1181.6140881247688,True,True,4.301162633521313,0.0,False,-0.043682812499999335,0.30612921582031255,False,False,0.0,0.8462999976472929,0.0,0.0,0.008000002708286047,0.01170000177808106
run_1790716901,774,25.80000000000044,SIMULATION,TRACKING,SEARCHING,,True,959.3021867659143,1170.0650721165173,316.9084978770243,243.17806164429794,316.5,242.5,316.5,242.5,0.791604768177508,0.0,4.301162633521313,0.995604451075672,1,True,-0.23654414930554615,1.0532828448676155,-0.001504704861111089,0.01023902941623264,0.7996000058483332,1250.6253035091627,True,True,4.301162633521313,0.0,False,-0.045141145833332674,0.3071708824869792,False,False,0.0,0.7996000058483332,0.0,0.0,0.008199996955227107,0.01200000406242907
run_1790716901,775,25.833333333333776,SIMULATION,TRACKING,SEARCHING,,True,959.0049287988837,1171.7050109579834,316.8519926877715,243.17975577916673,316.5,242.5,316.5,242.5,0.7654846644807176,0.0,4.301162633521313,0.995604451075672,1,True,-0.23809746527776834,1.0635565965060703,-0.0015533159722222005,0.010273751638454863,0.8283999995910563,1207.146306728217,True,True,4.301162633521313,0.0,False,-0.046599479166666014,0.3082125491536459,False,False,0.0,0.8283999995910563,0.0,0.0,0.007700000423938036,0.013899996702093631
run_1790716901,776,25.86666666666711,SIMULATION,TRACKING,SEARCHING,,True,958.694015154411,1173.3424157364036,316.7896095988543,243.17336029543412,316.5,242.5,316.5,242.5,0.7329991863676878,0.0,4.301162633521313,0.995604451075672,1,True,-0.23969939236110166,1.0738650703667474,-0.0016019270833333118,0.010308473860677084,0.8050000033108518,1242.2360197355786,True,True,4.301162633521313,0.0,False,-0.04805781249999935,0.30925421582031254,False,False,0.0,0.8050000033108518,0.0,0.0,0.007599999662488699,0.012099997547920793
run_1790716901,777,25.900000000000446,SIMULATION,TRACKING,SEARCHING,,True,958.3694674235965,1174.9771727437706,316.72137020137313,243.15876148509278,315.5,242.5,315.5,242.5,1.387700206472528,0.0,5.1478150704935,0.995604451075672,1,True,-0.24303048611110165,1.0842082664496466,-0.0033310937499999777,0.010343196082899306,0.8124999949359335,1230.7692384402428,True,True,5.1478150704935,0.0,False,-0.09993281249999933,0.3102958824869792,False,False,0.0,0.8124999949359335,0.0,0.0,0.007999995432328433,0.012300006346777081
run_1790716901,778,25.93333333333378,SIMULATION,TRACKING,SEARCHING,,True,958.0313081443466,1176.6091684559492,316.9161859221232,243.13584582400745,316.5,243.5,316.5,243.5,0.5530090285577134,0.0,4.949747468305833,0.995604451075672,1,True,-0.24474352430554608,1.0962667403103237,-0.0017130381944444226,0.012058473860677084,0.8243999982369132,1213.0033990036757,True,True,4.949747468305833,0.0,False,-0.05139114583333268,0.36175421582031253,False,False,0.0,0.8243999982369132,0.0,0.0,0.008000002708286047,0.020200001017656177
run_1790716901,779,25.966666666667116,SIMULATION,TRACKING,SEARCHING,,True,957.6795607998085,1178.23828954056,316.83852468869634,242.83561109090988,316.5,242.5,316.5,242.5,0.4766904332988779,0.0,4.301162633521313,0.995604451075672,1,True,-0.2465051736111016,1.1066932697265564,-0.001761649305555534,0.01042652941623264,0.8250000028056093,1212.1212079991049,True,True,4.301162633521313,0.0,False,-0.05284947916666602,0.3127958824869792,False,False,0.0,0.8250000028056093,0.0,0.0,0.014899997040629387,0.022100000933278352
run_1790716901,780,26.00000000000045,SIMULATION,TRACKING,SEARCHING,,True,957.3142498167401,1179.8644228648486,316.7550775945168,242.7934997086013,315.5,242.5,315.5,242.5,1.2889382635359912,0.0,5.1478150704935,0.995604451075672,1,True,-0.2499959895833238,1.1171545213650111,-0.0034908159722222003,0.010461251638454861,0.8276000007754192,1208.313193647959,True,True,5.1478150704935,0.0,False,-0.10472447916666601,0.31383754915364587,False,False,0.0,0.8276000007754192,0.0,0.0,0.007800001185387373,0.012399999832268804
run_1790716901,781,26.033333333333786,SIMULATION,TRACKING,SEARCHING,,True,956.9354005638128,1181.4874555035433,316.934758897145,242.7427320851432,316.5,241.5,316.5,241.5,1.316585862787185,0.0,3.8078865529319543,0.995604451075672,1,True,-0.2518687499999904,1.1259699396701326,-0.0018727604166666452,0.008815418305121529,0.8563000010326505,1167.8150166928124,True,True,3.8078865529319543,0.0,False,-0.05618281249999936,0.26446254915364587,False,False,0.0,0.8563000010326505,0.0,0.0,0.007800001185387373,0.011800002539530396
run_1790716901,782,26.06666666666712,SIMULATION,TRACKING,SEARCHING,,True,956.54303934985,1183.1072747466967,316.84203934984885,242.95208439947714,316.5,242.5,316.5,242.5,0.5668961290180341,0.0,4.301162633521313,0.995604451075672,1,True,-0.2537901215277682,1.136486746864143,-0.0019213715277777567,0.010516807194010417,0.7795999990776181,1282.7090830979319,True,True,4.301162633521313,0.0,False,-0.0576411458333327,0.3155042158203125,False,False,0.0,0.7795999990776181,0.0,0.0,0.007999995432328433,0.011299998732283711
run_1790716901,783,26.100000000000456,SIMULATION,TRACKING,SEARCHING,,True,956.1371934220008,1184.7237681075123,316.7436128664441,242.8858886092512,316.5,242.5,316.5,242.5,0.4563521090637486,0.0,4.301162633521313,0.995604451075672,1,True,-0.25576010416665707,1.1470382762803757,-0.001969982638888868,0.010551529416232639,0.8707000015419908,1148.5012038922955,True,True,4.301162633521313,0.0,False,-0.05909947916666604,0.3165458824869792,False,False,0.0,0.8707000015419908,0.0,0.0,0.008600000001024455,0.01219999830937013
run_1790716901,784,26.13333333333379,SIMULATION,TRACKING,SEARCHING,,True,955.7178909638469,1186.3368233301562,316.6395076305124,242.8106991252978,316.5,241.5,316.5,241.5,1.3181026424476865,0.0,3.8078865529319543,0.995604451075672,1,True,-0.25777869791665703,1.155943972363275,-0.002018593749999979,0.008905696082899307,0.7799000013619661,1282.215666436294,True,True,3.8078865529319543,0.0,False,-0.06055781249999938,0.2671708824869792,False,False,0.0,0.7799000013619661,0.0,0.0,0.008400005754083395,0.011299998732283711
run_1790716901,785,26.166666666667126,SIMULATION,TRACKING,SEARCHING,,True,955.2851610934463,1187.9463283975526,316.5297527601118,242.99529281943023,315.5,242.5,315.5,242.5,1.1426748111064053,0.0,5.1478150704935,0.995604451075672,1,True,-0.26152645833332366,1.166551057335063,-0.0037477604166666454,0.010607084971788194,0.8172000016202219,1223.6906485772756,True,True,5.1478150704935,0.0,False,-0.11243281249999937,0.31821254915364583,False,False,0.0,0.8172000016202219,0.0,0.0,0.009399998816661537,0.011500000255182385
run_1790716901,786,26.20000000000046,SIMULATION,TRACKING,SEARCHING,,True,954.8390338613102,1189.5521715391637,316.68326719464244,242.90400236555524,316.5,242.5,316.5,242.5,0.44362684319858536,0.0,4.301162633521313,0.995604451075672,1,True,-0.26365616319443475,1.1771928645290735,-0.0021297048611110905,0.010641807194010417,0.8031999968807213,1245.0199251538397,True,True,4.301162633521313,0.0,False,-0.06389114583333272,0.3192542158203125,False,False,0.0,0.8031999968807213,0.0,0.0,0.008400005754083395,0.01960000372491777
run_1790716901,787,26.233333333333796,SIMULATION,TRACKING,SEARCHING,,True,954.3795402483174,1191.1542412387496,316.5645263594274,242.80338291409953,315.5,242.5,315.5,242.5,1.1069135298131085,0.0,5.1478150704935,0.995604451075672,1,True,-0.2675150347222125,1.187869393945306,-0.003858871527777757,0.01067652941623264,0.8201000018743798,1219.3634894701252,True,True,5.1478150704935,0.0,False,-0.11576614583333271,0.32029588248697916,False,False,0.0,0.8201000018743798,0.0,0.0,0.007800001185387373,0.012299999070819467
run_1790716901,788,26.26666666666713,SIMULATION,TRACKING,SEARCHING,,True,953.9067121635618,1192.7524262421139,316.7091177191162,242.69332321086654,316.5,242.5,316.5,242.5,0.2847877882004546,0.0,4.301162633521313,0.995604451075672,1,True,-0.2697558506944347,1.1985806455837609,-0.002240815972222202,0.01071125163845486,0.9036000046762638,1106.684367889389,True,True,4.301162633521313,0.0,False,-0.06722447916666606,0.3213375491536458,False,False,0.0,0.9036000046762638,0.0,0.0,0.008499999239575118,0.012600001355167478
run_1790716901,789,26.300000000000466,SIMULATION,TRACKING,SEARCHING,,True,953.420582442137,1194.3466155648293,316.58151855324695,242.57371227142926,315.5,241.5,315.5,241.5,1.5239883276571233,0.0,4.743416490252569,0.995604451075672,1,True,-0.27372583333332356,1.2076460638888824,-0.003969982638888868,0.009065418305121527,0.850600001285784,1175.6407224175641,True,True,4.743416490252569,0.0,False,-0.11909947916666605,0.2719625491536458,False,False,0.0,0.850600001285784,0.0,0.0,0.009199997293762863,0.013199998647905886
run_1790716901,790,26.3333333333338,SIMULATION,TRACKING,SEARCHING,,True,952.9211848428561,1195.9366984999447,316.7173181761883,242.71332827772517,316.5,242.5,316.5,242.5,0.3045260970409623,0.0,4.301162633521313,0.995604451075672,1,True,-0.2760777604166569,1.2184128710828928,-0.0023519270833333135,0.010766807194010415,0.7979000001796521,1253.2898856684344,True,True,4.301162633521313,0.0,False,-0.0705578124999994,0.32300421582031247,False,False,0.0,0.7979000001796521,0.0,0.0,0.008000002708286047,0.011800002539530396
run_1790716901,791,26.366666666667136,SIMULATION,TRACKING,SEARCHING,,True,952.4085540459073,1197.5225646256729,316.58099571257287,242.5765052524116,315.5,242.5,315.5,242.5,1.0836995821017437,0.0,5.1478150704935,0.995604451075672,1,True,-0.28015885416665687,1.2292144004991254,-0.00408109374999998,0.010801529416232638,0.8230000021285377,1215.0668255330309,True,True,5.1478150704935,0.0,False,-0.12243281249999939,0.32404588248697913,False,False,0.0,0.8230000021285377,0.0,0.0,0.008000002708286047,0.012200005585327744
run_1790716901,792,26.40000000000047,SIMULATION,TRACKING,SEARCHING,,True,951.8827256504454,1199.104103813059,316.70814231711097,242.42979973320053,316.5,241.5,316.5,241.5,0.9528120318468334,0.0,3.8078865529319543,0.995604451075672,1,True,-0.2826218923611013,1.2383700965820248,-0.002463038194444425,0.009155696082899303,0.8240000024670735,1213.5922293761878,True,True,3.8078865529319543,0.0,False,-0.07389114583333274,0.27467088248697913,False,False,0.0,0.8240000024670735,0.0,0.0,0.008400005754083395,0.012399999832268804
run_1790716901,793,26.433333333333806,SIMULATION,TRACKING,SEARCHING,,True,951.34373617212,1200.6812062336287,316.5632389498967,242.54199078050624,315.5,242.5,315.5,242.5,1.0640678033964426,0.0,5.1478150704935,0.995604451075672,1,True,-0.2868140972222124,1.249227181553813,-0.004192204861111091,0.010857084971788193,0.8089000039035454,1236.2467488864565,True,True,5.1478150704935,0.0,False,-0.12576614583333273,0.3257125491536458,False,False,0.0,0.8089000039035454,0.0,0.0,0.008499999239575118,0.01219999830937013
run_1790716901,794,26.46666666666714,SIMULATION,TRACKING,SEARCHING,,True,950.7916230405392,1202.2537623670144,316.6818785960937,242.37741331840584,316.5,241.5,316.5,241.5,0.8960658207034666,0.0,3.8078865529319543,0.995604451075672,1,True,-0.28938824652776796,1.2584384331922678,-0.002574149305555536,0.009211251638454859,0.8318000036524609,1202.2120649302326,True,True,3.8078865529319543,0.0,False,-0.07722447916666608,0.2763375491536458,False,False,0.0,0.8318000036524609,0.0,0.0,0.008299997716676444,0.01219999830937013
run_1790716901,795,26.500000000000476,SIMULATION,TRACKING,SEARCHING,,True,950.226424596671,1203.8216630085606,316.5285440411144,242.4715136977993,315.5,242.5,315.5,242.5,1.0289384402990354,0.0,5.1478150704935,0.995604451075672,1,True,-0.2936915624999902,1.2693510737196114,-0.004303315972222203,0.010912640527343748,0.7914000016171485,1263.5835202888525,True,True,5.1478150704935,0.0,False,-0.1290994791666661,0.32737921582031243,False,False,0.0,0.7914000016171485,0.0,0.0,0.008400005754083395,0.012500000593718141
run_1790716901,796,26.53333333333381,SIMULATION,TRACKING,SEARCHING,,True,949.6481800901801,1205.3847992769088,316.638830090179,242.28862748177244,316.5,241.5,316.5,241.5,0.8007540814418896,0.0,3.8078865529319543,0.995604451075672,1,True,-0.29637682291665685,1.278617880913622,-0.0026852604166666474,0.009266807194010414,0.865500005602371,1155.4014945430529,True,True,3.8078865529319543,0.0,False,-0.08055781249999942,0.27800421582031243,False,False,0.0,0.865500005602371,0.0,0.0,0.008499999239575118,0.012100004823878407
run_1790716901,797,26.566666666667146,SIMULATION,TRACKING,SEARCHING,,True,949.0569296767026,1206.9430626215571,316.4772213433681,242.36420167537904,315.5,241.5,315.5,241.5,1.3045329009504185,0.0,4.743416490252569,0.995604451075672,1,True,-0.3007912499999902,1.2879055214409656,-0.004414427083333314,0.009287640527343747,0.8302999995066784,1204.3839583212678,True,True,4.743416490252569,0.0,False,-0.1324328124999994,0.2786292158203124,False,False,0.0,0.8302999995066784,0.0,0.0,0.00839999847812578,0.012299999070819467
run_1790716901,798,26.60000000000048,SIMULATION,TRACKING,SEARCHING,,True,948.4527144150572,1208.4963448304,316.57931441505616,242.43146139984674,315.5,241.5,315.5,241.5,1.4256717525266707,0.0,4.743416490252569,0.995604451075672,1,True,-0.3052681770833235,1.2972139953016426,-0.004476927083333314,0.00930847386067708,0.8564000017940998,1167.6786523879823,True,True,4.743416490252569,0.0,False,-0.1343078124999994,0.2792542158203124,False,False,0.0,0.8564000017940998,0.0,0.0,0.00839999847812578,0.012599994079209864
run_1790716901,799,26.633333333333816,SIMULATION,TRACKING,SEARCHING,,True,947.8355762643947,1210.0445380372412,316.678484597727,242.49029878897954,316.5,241.5,316.5,241.5,1.0062546611470269,0.0,3.8078865529319543,0.995604451075672,1,True,-0.30812704861110124,1.306543302495653,-0.002858871527777759,0.009329307194010412,0.8650000017951243,1156.0693617626725,True,True,3.8078865529319543,0.0,False,-0.08576614583333277,0.2798792158203124,False,False,0.0,0.8650000017951243,0.0,0.0,0.008600000001024455,0.012500000593718141
run_1790716901,800,26.66666666666715,SIMULATION,TRACKING,SEARCHING,,True,947.2055580812829,1211.5875347292858,316.5058858590596,242.54060632998244,315.5,242.5,315.5,242.5,1.0067051383055254,0.0,5.1478150704935,0.995604451075672,1,True,-0.31271508680554566,1.3175739985785522,-0.004588038194444425,0.011030696082899302,0.9341999975731596,1070.434599226904,True,True,5.1478150704935,0.0,False,-0.13764114583333276,0.33092088248697904,False,False,0.0,0.9341999975731596,0.0,0.0,0.011500000255182385,0.017499995010439306
run_1790716901,801,26.700000000000486,SIMULATION,TRACKING,SEARCHING,,True,946.5627036167311,1213.125227754606,316.59711750561894,242.31338798203865,316.5,241.5,316.5,241.5,0.8191653186155705,0.0,3.8078865529319543,0.995604451075672,1,True,-0.31568506944443453,1.3269588613281182,-0.00296998263888887,0.009384862749565967,0.9197999970638193,1087.192871485317,True,True,3.8078865529319543,0.0,False,-0.0890994791666661,0.28154588248697904,False,False,0.0,0.9197999970638193,0.0,0.0,0.010400006431154907,0.015500001609325409
run_1790716901,802,26.73333333333382,SIMULATION,TRACKING,SEARCHING,,True,945.9070575131525,1214.6575103295818,316.41666862426246,242.34409251708394,316.5,242.5,316.5,242.5,0.17678026307123296,0.0,4.301162633521313,0.995604451075672,1,True,-0.3187036631944345,1.3380451129665731,-0.0030185937499999814,0.011086251638454857,0.9256999983335845,1080.2635862592288,True,True,4.301162633521313,0.0,False,-0.09055781249999945,0.3325875491536457,False,False,0.0,0.9256999983335845,0.0,0.0,0.01049999991664663,0.01599999814061448
run_1790716901,803,26.766666666667156,SIMULATION,TRACKING,SEARCHING,,True,945.2386653012627,1216.1842760463169,316.23125141237267,242.09705797166635,315.5,241.5,315.5,241.5,0.9440375255398257,0.0,4.743416490252569,0.995604451075672,1,True,-0.32345142361110113,1.3474855312716947,-0.004747760416666648,0.009440418305121523,0.818600005004555,1221.59784251948,True,True,4.743416490252569,0.0,False,-0.14243281249999945,0.2832125491536457,False,False,0.0,0.818600005004555,0.0,0.0,0.010099996870849282,0.01460000203223899
run_1790716901,804,26.80000000000049,SIMULATION,TRACKING,SEARCHING,,True,944.557573396919,1217.7054188800278,316.3098011746956,242.10773387655786,316.5,241.5,316.5,241.5,0.6368014273407435,0.0,3.8078865529319543,0.995604451075672,1,True,-0.3265811284722122,1.3569467829101496,-0.0031297048611110927,0.009461251638454855,1.0163999977521598,983.8646224041424,True,True,3.8078865529319543,0.0,False,-0.09389114583333279,0.2838375491536457,False,False,0.0,1.0163999977521598,0.0,0.0,0.011299998732283711,0.017300000763498247
run_1790716901,805,26.833333333333826,SIMULATION,TRACKING,SEARCHING,,True,943.8638290978968,1219.2208331964068,316.1168096534511,242.10934793078422,315.5,241.5,315.5,241.5,0.8670403966030167,0.0,4.743416490252569,0.995604451075672,1,True,-0.33143999999998996,1.3664288678819378,-0.004858871527777759,0.009482084971788188,0.8911000040825456,1122.2085011991164,True,True,4.743416490252569,0.0,False,-0.14576614583333278,0.28446254915364566,False,False,0.0,0.8911000040825456,0.0,0.0,0.0109999964479357,0.015400000847876072
run_1790716901,806,26.86666666666716,SIMULATION,TRACKING,SEARCHING,,True,943.1574805806043,1220.7304137589576,316.1878805806032,242.101794897849,315.5,241.5,315.5,241.5,0.9139676100650712,0.0,4.743416490252569,0.995604451075672,1,True,-0.33636137152776774,1.3759317861870595,-0.004921371527777759,0.009502918305121521,0.9131999977398664,1095.0503750273326,True,True,4.743416490252569,0.0,False,-0.14764114583333277,0.28508754915364565,False,False,0.0,0.9131999977398664,0.0,0.0,0.009699993825051934,0.015199999324977398
run_1790716901,807,26.900000000000496,SIMULATION,TRACKING,SEARCHING,,True,942.4385768967385,1222.2340557363034,316.2563963411818,242.0849699463754,315.5,241.5,315.5,241.5,0.9562035678220747,0.0,4.743416490252569,0.995604451075672,1,True,-0.3413452430555455,1.3854555378255142,-0.004983871527777759,0.009523751638454854,0.8557000037399121,1168.6338619018488,True,True,4.743416490252569,0.0,False,-0.14951614583333278,0.28571254915364563,False,False,0.0,0.8557000037399121,0.0,0.0,0.00979999458650127,0.014499993994832039
run_1790716901,808,26.93333333333383,SIMULATION,TRACKING,SEARCHING,,True,941.7071679698771,1223.7316547094667,316.3224068587649,242.05876865738605,316.5,241.5,316.5,241.5,0.5863119786348909,0.0,3.8078865529319543,0.995604451075672,1,True,-0.34471105902776766,1.3950001227973023,-0.0033658159722222045,0.009544584971788186,0.9321999968960881,1072.7311771397372,True,True,3.8078865529319543,0.0,False,-0.10097447916666613,0.2863375491536456,False,False,0.0,0.9321999968960881,0.0,0.0,0.01049999991664663,0.015300000086426735
run_1790716901,809,26.966666666667166,SIMULATION,TRACKING,SEARCHING,,True,940.9633045920128,1225.2231066791207,316.1170740364562,242.02308703155404,315.5,241.5,315.5,241.5,0.8089501894729685,0.0,4.743416490252569,0.995604451075672,1,True,-0.3498060416666565,1.4045655411024238,-0.005094982638888871,0.009565418305121521,0.8684999993420206,1151.410478707662,True,True,4.743416490252569,0.0,False,-0.15284947916666614,0.2869625491536456,False,False,0.0,0.8684999993420206,0.0,0.0,0.010000003385357559,0.014499993994832039
run_1790716901,810,27.0000000000005,SIMULATION,TRACKING,SEARCHING,,True,940.2070384200258,1226.7083080728112,316.17600508669136,241.97782149642512,315.5,241.5,315.5,241.5,0.8278262255319881,0.0,4.743416490252569,0.995604451075672,1,True,-0.3549635243055454,1.4141517927408787,-0.00515748263888887,0.009586251638454854,1.0016000014729798,998.4025544422656,True,True,4.743416490252569,0.0,False,-0.15472447916666612,0.2875875491536456,False,False,0.0,1.0016000014729798,0.0,0.0,0.009200004569720477,0.014299999747890979
run_1790716901,811,27.033333333333836,SIMULATION,TRACKING,SEARCHING,,True,939.4384219720962,1228.1871557521497,316.23258586098393,241.92286891361096,315.5,241.5,315.5,241.5,0.8458724264403454,0.0,4.743416490252569,0.995604451075672,1,True,-0.36018350694443424,1.4237588777126668,-0.00521998263888887,0.009607084971788186,0.8861000023898669,1128.5407937060577,True,True,4.743416490252569,0.0,False,-0.1565994791666661,0.2882125491536456,False,False,0.0,0.8861000023898669,0.0,0.0,0.009700001101009548,0.01580000389367342
run_1790716901,812,27.06666666666717,SIMULATION,TRACKING,SEARCHING,,True,938.6575086240574,1229.6595470199745,316.28686973516733,241.85812658594978,316.5,241.5,316.5,241.5,0.4167483189548422,0.0,3.8078865529319543,0.995604451075672,1,True,-0.36378543402776753,1.4333867960177884,-0.003601927083333316,0.00962791830512152,0.9735999992699362,1027.115859439051,True,True,3.8078865529319543,0.0,False,-0.10805781249999948,0.28883754915364557,False,False,0.0,0.9735999992699362,0.0,0.0,0.008799994247965515,0.012700002116616815
run_1790716901,813,27.100000000000506,SIMULATION,TRACKING,SEARCHING,,True,937.8643526056892,1231.1253796274843,316.0700220501325,241.78349226464024,315.5,241.5,315.5,241.5,0.6366262653614673,0.0,4.743416490252569,0.995604451075672,1,True,-0.3691165277777675,1.4430355476562433,-0.0053310937499999825,0.009648751638454852,0.8721000049263239,1146.6574869294734,True,True,4.743416490252569,0.0,False,-0.15993281249999947,0.28946254915364555,False,False,0.0,0.8721000049263239,0.0,0.0,0.010900002962443978,0.03319999814266339
run_1790716901,814,27.13333333333384,SIMULATION,TRACKING,SEARCHING,,True,937.0590089969518,1232.5845517813366,316.1176534413951,241.69886415633982,315.5,241.5,315.5,241.5,0.6488780519819823,0.0,4.743416490252569,0.995604451075672,1,True,-0.37451012152776747,1.4527051326280316,-0.005393593749999983,0.009669584971788185,0.8684999993420206,1151.410478707662,True,True,4.743416490252569,0.0,False,-0.16180781249999948,0.29008754915364554,False,False,0.0,0.8684999993420206,0.0,0.0,0.009900002623908222,0.01479999627918005
run_1790716901,815,27.166666666667176,SIMULATION,TRACKING,SEARCHING,,True,936.2415337241612,1234.0369621507186,316.1631531686045,241.60414093023587,315.5,241.5,315.5,241.5,0.6712804617896724,0.0,4.743416490252569,0.995604451075672,1,True,-0.37996621527776747,1.4623955509331532,-0.005456093749999983,0.009690418305121518,1.0019999972428195,998.0039947621528,True,True,4.743416490252569,0.0,False,-0.16368281249999947,0.2907125491536455,False,False,0.0,1.0019999972428195,0.0,0.0,0.008800001523923129,0.012800002878066152
run_1790716901,816,27.20000000000051,SIMULATION,TRACKING,SEARCHING,,True,935.4119835561048,1235.4825098743827,316.2065780005481,241.4992217250806,315.5,240.5,315.5,240.5,1.2238041210633364,0.0,4.527692569068709,0.995604451075672,1,True,-0.38548480902776744,1.4695859692382747,-0.005518593749999982,0.007190418305121517,0.9004000021377578,1110.6175006949898,True,True,4.527692569068709,0.0,False,-0.16555781249999946,0.21571254915364552,False,False,0.0,0.9004000021377578,0.0,0.0,0.010600000678095967,0.015600002370774746
run_1790716901,817,27.233333333333846,SIMULATION,TRACKING,SEARCHING,,True,934.5704161001001,1236.921094567651,316.24798554454344,241.78733948952936,316.5,241.5,316.5,241.5,0.3821979434822473,0.0,3.8078865529319543,0.995604451075672,1,True,-0.38938534722221185,1.4792972208767294,-0.003900538194444427,0.00971125163845485,1.007699996989686,992.3588399199282,True,True,3.8078865529319543,0.0,False,-0.11701614583333281,0.2913375491536455,False,False,0.0,1.007699996989686,0.0,0.0,0.015300000086426735,0.019099999917671084
run_1790716901,818,27.26666666666718,SIMULATION,TRACKING,SEARCHING,,True,933.7168897979932,1238.352616329387,316.01854535354755,241.66506098911282,315.5,240.5,315.5,240.5,1.275247580683175,0.0,4.527692569068709,0.995604451075672,1,True,-0.39501505208332294,1.4865084725151843,-0.005629704861111094,0.00721125163845485,1.0384999986854382,962.9273002078262,True,True,4.527692569068709,0.0,False,-0.1688911458333328,0.2163375491536455,False,False,0.0,1.0384999986854382,0.0,0.0,0.013999997463542968,0.022899999748915434
run_1790716901,819,27.300000000000516,SIMULATION,TRACKING,SEARCHING,,True,932.8514639221008,1239.7769757489327,316.053872255433,241.9356201465057,315.5,241.5,315.5,241.5,0.704655509720961,0.0,4.743416490252569,0.995604451075672,1,True,-0.40070725694443404,1.4962405574869724,-0.005692204861111093,0.009732084971788183,1.207199995405972,828.3631575592475,True,True,4.743416490252569,0.0,False,-0.1707661458333328,0.2919625491536455,False,False,0.0,1.207199995405972,0.0,0.0,0.016000005416572094,0.025200002710334957
run_1790716901,820,27.33333333333385,SIMULATION,TRACKING,SEARCHING,,True,931.9741985710946,1241.1940739130118,316.0873596822046,241.79558471509858,315.5,241.5,315.5,241.5,0.6575421812168211,0.0,4.743416490252569,0.995604451075672,1,True,-0.4064619618055451,1.5059934757920939,-0.005754704861111094,0.009752918305121516,1.1807000046246685,846.9551927527001,True,True,4.743416490252569,0.0,False,-0.17264114583333282,0.2925875491536455,False,False,0.0,1.1807000046246685,0.0,0.0,0.015199999324977398,0.043300002289470285
run_1790716901,821,27.366666666667186,SIMULATION,TRACKING,SEARCHING,,True,931.0851546658266,1242.603812412599,316.11906855471443,241.64485628586613,315.5,241.5,315.5,241.5,0.6357902319091916,0.0,4.743416490252569,0.995604451075672,1,True,-0.4122791666666562,1.5157672274305487,-0.005817204861111093,0.009773751638454849,0.9245999972335994,1081.548781085872,True,True,4.743416490252569,0.0,False,-0.1745161458333328,0.2932125491536455,False,False,0.0,0.9245999972335994,0.0,0.0,0.014299999747890979,0.0259000007645227
run_1790716901,822,27.40000000000052,SIMULATION,TRACKING,SEARCHING,,True,930.1843939450999,1244.0060933497539,316.14906061176555,241.4833369608682,315.5,240.5,315.5,240.5,1.1782322590877308,0.0,4.527692569068709,0.995604451075672,1,True,-0.4181588715277673,1.5230409790690036,-0.005879704861111094,0.007273751638454849,0.8816999979899265,1134.1726236585805,True,True,4.527692569068709,0.0,False,-0.17639114583333282,0.21821254915364546,False,False,0.0,0.8816999979899265,0.0,0.0,0.012600001355167478,0.018200000340584666
run_1790716901,823,27.433333333333856,SIMULATION,TRACKING,SEARCHING,,True,929.2719789613802,1245.4008193444197,316.1773984058236,241.71426269338122,315.5,240.5,315.5,240.5,1.3904324826289804,0.0,4.527692569068709,0.995604451075672,1,True,-0.4241010763888784,1.5303147307074585,-0.005942204861111093,0.007273751638454849,0.8230000021285377,1215.0668255330309,True,True,4.527692569068709,0.0,False,-0.1782661458333328,0.21821254915364546,False,False,0.0,0.8230000021285377,0.0,0.0,0.00839999847812578,0.012299999070819467
run_1790716901,824,27.46666666666719,SIMULATION,TRACKING,SEARCHING,,True,928.3479730764524,1246.7878935411845,316.20414529867355,241.93753662799327,315.5,241.5,315.5,241.5,0.829010797565258,0.0,4.743416490252569,0.995604451075672,1,True,-0.4301057812499895,1.5401093156792467,-0.006004704861111094,0.009794584971788181,1.0133999967365526,986.7771888891805,True,True,4.743416490252569,0.0,False,-0.18014114583333282,0.29383754915364546,False,False,0.0,1.0133999967365526,0.0,0.0,0.008499999239575118,0.012500000593718141
run_1790716901,825,27.500000000000526,SIMULATION,TRACKING,SEARCHING,,True,927.4124404570207,1248.1672196160093,316.22936545701964,241.74972910733186,315.5,241.5,315.5,241.5,0.7709335878934287,0.0,4.743416490252569,0.995604451075672,1,True,-0.4361729861111006,1.5499247339843683,-0.0060672048611110935,0.009815418305121514,0.8591000005253591,1164.0088457554155,True,True,4.743416490252569,0.0,False,-0.1820161458333328,0.29446254915364545,False,False,0.0,0.8591000005253591,0.0,0.0,0.008499999239575118,0.012399999832268804
run_1790716901,826,27.53333333333386,SIMULATION,TRACKING,SEARCHING,,True,926.465446070252,1249.5387017829153,316.25312384802874,241.55074434541825,315.5,241.5,315.5,241.5,0.7548314507633721,0.0,4.743416490252569,0.995604451075672,1,True,-0.4423026909722117,1.5597609856228232,-0.0061297048611110945,0.009836251638454847,0.8447000000160187,1183.852255216096,True,True,4.743416490252569,0.0,False,-0.18389114583333283,0.29508754915364543,False,False,0.0,0.8447000000160187,0.0,0.0,0.008600000001024455,0.03029999788850546
run_1790716901,827,27.566666666667196,SIMULATION,TRACKING,SEARCHING,,True,925.5070556792648,1250.9022448006365,316.27548623481925,241.3404871009866,316.5,240.5,316.5,240.5,0.869956894150786,0.0,3.5355339059327378,0.995604451075672,1,True,-0.44681434027776723,1.567097237261278,-0.004511649305555539,0.007336251638454847,0.8553999941796064,1169.0437301897296,True,True,3.5355339059327378,0.0,False,-0.13534947916666618,0.22008754915364542,False,False,0.0,0.8553999941796064,0.0,0.0,0.008299997716676444,0.011799995263572782
run_1790716901,828,27.60000000000053,SIMULATION,TRACKING,SEARCHING,,True,924.5373358385623,1252.2577539792333,316.0276302830056,241.5221960174306,315.5,240.5,315.5,240.5,1.1503383909074325,0.0,4.527692569068709,0.995604451075672,1,True,-0.45305515624998943,1.5744334888997327,-0.006240815972222205,0.007336251638454847,0.8349999989150092,1197.6047919753175,True,True,4.527692569068709,0.0,False,-0.18722447916666615,0.22008754915364542,False,False,0.0,0.8349999989150092,0.0,0.0,0.00790000194683671,0.01189999602502212
run_1790716901,829,27.633333333333866,SIMULATION,TRACKING,SEARCHING,,True,923.5563538894103,1253.6051351866688,316.04517888940916,241.69577696271335,315.5,241.5,315.5,241.5,0.579265604525824,0.0,4.743416490252569,0.995604451075672,1,True,-0.45935847222221166,1.584290573871521,-0.006303315972222205,0.00985708497178818,0.7990000012796372,1251.5644535650208,True,True,4.743416490252569,0.0,False,-0.18909947916666614,0.2957125491536454,False,False,0.0,0.7990000012796372,0.0,0.0,0.008800001523923129,0.013700002455152571
run_1790716901,830,27.6666666666672,SIMULATION,TRACKING,SEARCHING,,True,922.5641779551612,1254.944294855345,316.06153351071566,241.45780303590345,315.5,241.5,315.5,241.5,0.5631167440554599,0.0,4.743416490252569,0.995604451075672,1,True,-0.46572428819443384,1.5941684921766424,-0.006365815972222205,0.009877918305121514,0.8244000055128708,1213.0033882979974,True,True,4.743416490252569,0.0,False,-0.19097447916666616,0.2963375491536454,False,False,0.0,0.8244000055128708,0.0,0.0,0.007999995432328433,0.012200005585327744
run_1790716901,831,27.700000000000536,SIMULATION,TRACKING,SEARCHING,,True,921.5608769365226,1256.275139988601,316.07676304763265,241.20818124033985,316.5,240.5,316.5,240.5,0.8250152647184745,0.0,3.5355339059327378,0.995604451075672,1,True,-0.4704720486111005,1.6015464104817638,-0.00474776041666665,0.007377918305121513,0.8394000033149496,1191.327133727437,True,True,3.5355339059327378,0.0,False,-0.1424328124999995,0.2213375491536454,False,False,0.0,0.8394000033149496,0.0,0.0,0.007999995432328433,0.011799995263572782
run_1790716901,832,27.73333333333387,SIMULATION,TRACKING,SEARCHING,,True,920.5465205067733,1257.5975781671707,315.82204828454996,241.35015249009007,315.5,241.5,315.5,241.5,0.35520328518720407,0.0,4.743416490252569,0.995604451075672,1,True,-0.4769489756944338,1.6114451621202186,-0.006476927083333316,0.009898751638454847,0.8651000025565736,1155.935726557352,True,True,4.743416490252569,0.0,False,-0.19430781249999948,0.2969625491536454,False,False,0.0,0.8651000025565736,0.0,0.0,0.008200004231184721,0.012099997547920793
run_1790716901,833,27.766666666667206,SIMULATION,TRACKING,SEARCHING,,True,919.5211791069243,1258.9115175556008,315.83301521803423,241.08029161636728,315.5,240.5,315.5,240.5,0.6690571690584702,0.0,4.527692569068709,0.995604451075672,1,True,-0.4834884027777671,1.6188439137586734,-0.006539427083333316,0.007398751638454846,0.7859999968786724,1272.2646360956167,True,True,4.527692569068709,0.0,False,-0.1961828124999995,0.22196254915364538,False,False,0.0,0.7859999968786724,0.0,0.0,0.008100003469735384,0.01189999602502212
run_1790716901,834,27.80000000000054,SIMULATION,TRACKING,SEARCHING,,True,918.4849239408275,1260.2168669086286,315.8430683852707,241.20184070724235,314.5,240.5,314.5,240.5,1.515392050215443,0.0,5.522680508593631,0.995604451075672,1,True,-0.491770885416656,1.6262426653971283,-0.008282482638888873,0.007398751638454846,0.8262000046670437,1210.3606806477776,True,True,5.522680508593631,0.0,False,-0.24847447916666618,0.22196254915364538,False,False,0.0,0.8262000046670437,0.0,0.0,0.008199996955227107,0.012299999070819467
run_1790716901,835,27.833333333333876,SIMULATION,TRACKING,SEARCHING,,True,917.4378269702306,1261.5135355775178,316.1211686368961,241.31470911397878,315.5,241.5,315.5,241.5,0.6482153869709159,0.0,4.743416490252569,0.995604451075672,1,True,-0.49844920138887816,1.6361622503689164,-0.006678315972222205,0.00991958497178818,0.7599000018672086,1315.96262342785,True,True,4.743416490252569,0.0,False,-0.20034947916666615,0.2975875491536454,False,False,0.0,0.7599000018672086,0.0,0.0,0.01630000042496249,0.01080000220099464
run_1790716901,836,27.86666666666721,SIMULATION,TRACKING,SEARCHING,,True,916.3799609097804,1262.8014335163546,316.13183313200136,241.01547345732934,315.5,240.5,315.5,240.5,0.81542994297837,0.0,4.527692569068709,0.995604451075672,1,True,-0.5051900173611004,1.6435818353407046,-0.006740815972222205,0.0074195849717881785,0.9149000034085475,1093.0156260513766,True,True,4.527692569068709,0.0,False,-0.20222447916666617,0.22258754915364537,False,False,0.0,0.9149000034085475,0.0,0.0,0.008499999239575118,0.013800003216601908
run_1790716901,837,27.900000000000546,SIMULATION,TRACKING,SEARCHING,,True,915.3113992219725,1264.0804712882996,316.14180199974896,241.10737763378825,315.5,240.5,315.5,240.5,0.8836387253329145,0.0,4.527692569068709,0.995604451075672,1,True,-0.5119933333333225,1.6510014203124928,-0.006803315972222205,0.0074195849717881785,0.7575000054202974,1320.132003755105,True,True,4.527692569068709,0.0,False,-0.20409947916666615,0.22258754915364537,False,False,0.0,0.7575000054202974,0.0,0.0,0.008100003469735384,0.01189999602502212
run_1790716901,838,27.93333333333388,SIMULATION,TRACKING,SEARCHING,,True,914.2322161120503,1265.3505600717988,316.1511494453823,241.19033282180135,315.5,240.5,315.5,240.5,0.9489757663280503,0.0,4.527692569068709,0.995604451075672,1,True,-0.5188591493055448,1.658421005284281,-0.0068658159722222055,0.0074195849717881785,0.8331999997608364,1200.1920310694218,True,True,4.527692569068709,0.0,False,-0.20597447916666617,0.22258754915364537,False,False,0.0,0.8331999997608364,0.0,0.0,0.007499998901039362,0.012399999832268804
run_1790716901,839,27.966666666667216,SIMULATION,TRACKING,SEARCHING,,True,913.1424865228516,1266.6116116667533,316.15995041173915,241.2642508212698,315.5,241.5,315.5,241.5,0.700793993429334,0.0,4.743416490252569,0.995604451075672,1,True,-0.525787465277767,1.6683614235894024,-0.0069283159722222055,0.009940418305121513,0.8044999995036051,1243.0080803194815,True,True,4.743416490252569,0.0,False,-0.20784947916666616,0.29821254915364537,False,False,0.0,0.8044999995036051,0.0,0.0,0.007899994670879096,0.011799995263572782
run_1790716901,840,28.00000000000055,SIMULATION,TRACKING,SEARCHING,,True,912.0422861296043,1267.8635385006423,316.16828057404746,240.92571072633928,315.5,240.5,315.5,240.5,0.792356326515737,0.0,4.527692569068709,0.995604451075672,1,True,-0.5327782812499892,1.675801841894524,-0.006990815972222206,0.007440418305121512,0.8424999978160486,1186.9436232548692,True,True,4.527692569068709,0.0,False,-0.20972447916666617,0.22321254915364536,False,False,0.0,0.8424999978160486,0.0,0.0,0.00839999847812578,0.02119999408023432
run_1790716901,841,28.033333333333886,SIMULATION,TRACKING,SEARCHING,,True,910.9316913346715,1269.1062536346053,316.17621633467024,240.97795893148282,315.5,240.5,315.5,240.5,0.8280780587958211,0.0,4.527692569068709,0.995604451075672,1,True,-0.5398315972222114,1.6832422601996455,-0.007053315972222206,0.007440418305121512,0.7990000012796372,1251.5644535650208,True,True,4.527692569068709,0.0,False,-0.21159947916666616,0.22321254915364536,False,False,0.0,0.7990000012796372,0.0,0.0,0.011800002539530396,0.01750000228639692
run_1790716901,842,28.06666666666722,SIMULATION,TRACKING,SEARCHING,,True,909.8107792622454,1270.3396707694797,316.1838348177997,241.02090913753773,315.5,240.5,315.5,240.5,0.8596373581955805,0.0,4.527692569068709,0.995604451075672,1,True,-0.5469474131944336,1.690682678504767,-0.007115815972222206,0.007440418305121512,0.8386999979848042,1192.3214527277466,True,True,4.527692569068709,0.0,False,-0.21347447916666618,0.22321254915364536,False,False,0.0,0.8386999979848042,0.0,0.0,0.008300004992634058,0.012299999070819467
run_1790716901,843,28.100000000000556,SIMULATION,TRACKING,SEARCHING,,True,908.6796277529917,1271.5637042517933,316.19121386410154,241.05447569103194,316.5,240.5,316.5,240.5,0.6346590972076644,0.0,3.5355339059327378,0.995604451075672,1,True,-0.5524451736111002,1.6981230968098886,-0.00549776041666665,0.007440418305121512,0.78189999476308,1278.935933876052,True,True,3.5355339059327378,0.0,False,-0.1649328124999995,0.22321254915364536,False,False,0.0,0.78189999476308,0.0,0.0,0.007700000423938036,0.01189999602502212
run_1790716901,844,28.13333333333389,SIMULATION,TRACKING,SEARCHING,,True,907.5383153586437,1272.7782690797133,315.9295431364202,241.07857359013246,315.5,240.5,315.5,240.5,0.7205933008601075,0.0,4.527692569068709,0.995604451075672,1,True,-0.5596721006944335,1.7055635151150101,-0.007226927083333317,0.007440418305121512,0.814300001366064,1228.048628665611,True,True,4.527692569068709,0.0,False,-0.2168078124999995,0.22321254915364536,False,False,0.0,0.814300001366064,0.0,0.0,0.008299997716676444,0.011300006008241326
run_1790716901,845,28.166666666667226,SIMULATION,TRACKING,SEARCHING,,True,906.3869213365481,1273.9832809089478,315.9344574476579,241.09311849054757,315.5,240.5,315.5,240.5,0.7352161706973308,0.0,4.527692569068709,0.995604451075672,1,True,-0.5669615277777669,1.7130039334201317,-0.007289427083333316,0.007440418305121512,0.8044999995036051,1243.0080803194815,True,True,4.527692569068709,0.0,False,-0.2186828124999995,0.22321254915364536,False,False,0.0,0.8044999995036051,0.0,0.0,0.007800001185387373,0.011600001016631722
run_1790716901,846,28.20000000000056,SIMULATION,TRACKING,SEARCHING,,True,905.2255256441604,1275.178656058604,315.9393700886035,241.09802671138436,315.5,240.5,315.5,240.5,0.7420795255824196,0.0,4.527692569068709,0.995604451075672,1,True,-0.5743134548611002,1.7204443517252532,-0.007351927083333317,0.007440418305121512,0.82230000407435,1216.1011735925795,True,True,4.527692569068709,0.0,False,-0.2205578124999995,0.22321254915364536,False,False,0.0,0.82230000407435,0.0,0.0,0.00790000194683671,0.015600002370774746
run_1790716901,847,28.233333333333896,SIMULATION,TRACKING,SEARCHING,,True,904.0542089334924,1276.3643115169991,315.9443617112688,241.09321524096003,315.5,240.5,315.5,240.5,0.7411893499970293,0.0,4.527692569068709,0.995604451075672,1,True,-0.5817278819444335,1.7278847700303748,-0.007414427083333316,0.007440418305121512,0.7862999991630204,1271.779220481309,True,True,4.527692569068709,0.0,False,-0.2224328124999995,0.22321254915364536,False,False,0.0,0.7862999991630204,0.0,0.0,0.01170000177808106,0.017300000763498247
run_1790716901,848,28.26666666666723,SIMULATION,TRACKING,SEARCHING,,True,902.8730525455117,1277.5401649474252,315.94951365662143,241.07860174256666,315.5,241.5,315.5,241.5,0.6161485363587476,0.0,4.743416490252569,0.995604451075672,1,True,-0.5892048090277668,1.7378460216688296,-0.007476927083333317,0.009961251638454845,0.7790999952703714,1283.5322886287138,True,True,4.743416490252569,0.0,False,-0.2243078124999995,0.29883754915364535,False,False,0.0,0.7790999952703714,0.0,0.0,0.008700000762473792,0.012500000593718141
run_1790716901,849,28.300000000000566,SIMULATION,TRACKING,SEARCHING,,True,901.6821385044927,1278.7061346938665,315.9549079489359,240.6507712268551,315.5,240.5,315.5,240.5,0.4792423237282586,0.0,4.527692569068709,0.995604451075672,1,True,-0.5967442361111002,1.7453072733072845,-0.007539427083333316,0.007461251638454845,0.7654000000911765,1306.5064017257348,True,True,4.527692569068709,0.0,False,-0.2261828124999995,0.22383754915364534,False,False,0.0,0.7654000000911765,0.0,0.0,0.008600000001024455,0.012800002878066152
run_1790716901,850,28.3333333333339,SIMULATION,TRACKING,SEARCHING,,True,900.4815495123208,1279.8621397866702,315.96062729009736,240.6129760575061,314.5,240.5,314.5,240.5,1.4649899897769916,0.0,5.522680508593631,0.995604451075672,1,True,-0.606026718749989,1.7527685249457394,-0.009282482638888872,0.007461251638454845,0.7702000002609566,1298.3640608428764,True,True,5.522680508593631,0.0,False,-0.2784744791666662,0.22383754915364534,False,False,0.0,0.7702000002609566,0.0,0.0,0.008100003469735384,0.01219999830937013
run_1790716901,851,28.366666666667236,SIMULATION,TRACKING,SEARCHING,,True,899.2713689427492,1281.0080999481695,316.23564394274797,240.5651359568526,315.5,240.5,315.5,240.5,0.7385219721693339,0.0,4.527692569068709,0.995604451075672,1,True,-0.6137050347222113,1.7602297765841943,-0.007678315972222206,0.007461251638454845,0.8252000043285079,1211.8274294166206,True,True,4.527692569068709,0.0,False,-0.23034947916666618,0.22383754915364534,False,False,0.0,0.8252000043285079,0.0,0.0,0.008499999239575118,0.012200005585327744
run_1790716901,852,28.40000000000057,SIMULATION,TRACKING,SEARCHING,,True,898.0516808356087,1282.1439355982582,316.24448639116315,240.5071713447885,315.5,239.5,315.5,239.5,1.2524592226456768,0.0,4.527692569068709,0.995604451075672,1,True,-0.6214458506944335,1.7676910282226492,-0.007740815972222205,0.007461251638454845,0.8581000001868233,1165.3653417810076,True,True,4.527692569068709,0.0,False,-0.23222447916666616,0.22383754915364534,False,False,0.0,0.8581000001868233,0.0,0.0,0.01340000017080456,0.012500000593718141
run_1790716901,853,28.433333333333906,SIMULATION,TRACKING,SEARCHING,,True,896.8225698909723,1283.269567859917,316.2539060020823,240.43900334429463,315.5,239.5,315.5,239.5,1.204201619568853,0.0,4.527692569068709,0.995604451075672,1,True,-0.6292491666666556,1.7751522798611041,-0.0078033159722222046,0.007461251638454845,0.7730999932391569,1293.4937378671689,True,True,4.527692569068709,0.0,False,-0.23409947916666615,0.22383754915364534,False,False,0.0,0.7730999932391569,0.0,0.0,0.008499999239575118,0.012099997547920793
run_1790716901,854,28.46666666666724,SIMULATION,TRACKING,SEARCHING,,True,895.5841214632726,1284.3849185646914,316.2639881299382,240.36055378691617,316.5,239.5,316.5,239.5,0.8923308932149765,0.0,3.5355339059327378,0.995604451075672,1,True,-0.6354344270833223,1.782613531499559,-0.00618526041666665,0.007461251638454845,0.7888000036473386,1267.7484728398733,True,True,3.5355339059327378,0.0,False,-0.1855578124999995,0.22383754915364534,False,False,0.0,0.7888000036473386,0.0,0.0,0.008499999239575118,0.011800002539530396
run_1790716901,855,28.500000000000576,SIMULATION,TRACKING,SEARCHING,,True,894.336421555375,1285.4899102581194,316.0059298887072,240.27174521819143,315.5,239.5,315.5,239.5,0.9227977752945807,0.0,4.527692569068709,0.995604451075672,1,True,-0.6433488541666557,1.790074783138014,-0.007914427083333318,0.007461251638454845,0.796600004832726,1255.335166875859,True,True,4.527692569068709,0.0,False,-0.2374328124999995,0.22383754915364534,False,False,0.0,0.796600004832726,0.0,0.0,0.008499999239575118,0.011199997970834374
run_1790716901,856,28.53333333333391,SIMULATION,TRACKING,SEARCHING,,True,893.079556812605,1286.5844662051109,316.0153734792706,240.17250090303014,315.5,240.5,315.5,240.5,0.6106271216147668,0.0,4.527692569068709,0.995604451075672,1,True,-0.651325781249989,1.7975360347764688,-0.007976927083333316,0.007461251638454845,1.051000006555114,951.4747799838005,True,True,4.527692569068709,0.0,False,-0.2393078124999995,0.22383754915364534,False,False,0.0,1.051000006555114,0.0,0.0,0.016600002709310502,0.01599999814061448
run_1790716901,857,28.566666666667246,SIMULATION,TRACKING,SEARCHING,,True,891.8136145167314,1287.6685103952757,316.02573951673025,240.0627448310422,315.5,239.5,315.5,239.5,0.7701193312185372,0.0,4.527692569068709,0.995604451075672,1,True,-0.6593652083333222,1.8049972864149237,-0.008039427083333318,0.007461251638454845,0.8486000006087124,1178.411500450962,True,True,4.527692569068709,0.0,False,-0.2411828124999995,0.22383754915364534,False,False,0.0,0.8486000006087124,0.0,0.0,0.009499999578110874,0.02050000330200419
run_1790716901,858,28.60000000000058,SIMULATION,TRACKING,SEARCHING,,True,890.5386825799047,1288.7419675482035,316.0371159132369,239.9424017218173,315.5,239.5,315.5,239.5,0.6958539988526532,0.0,4.527692569068709,0.995604451075672,1,True,-0.6674671354166556,1.8124585380533786,-0.008101927083333316,0.007461251638454845,0.8502999990014359,1176.0555112011841,True,True,4.527692569068709,0.0,False,-0.2430578124999995,0.22383754915364534,False,False,0.0,0.8502999990014359,0.0,0.0,0.0092999980552122,0.012899996363557875
run_1790716901,859,28.633333333333916,SIMULATION,TRACKING,SEARCHING,,True,889.2548495385528,1289.8047631186898,316.04959120521823,239.81139703015083,315.5,239.5,315.5,239.5,0.6316791932935484,0.0,4.527692569068709,0.995604451075672,1,True,-0.6756315624999889,1.8199197896918335,-0.008164427083333316,0.007461251638454845,0.8124000014504418,1230.9207265074115,True,True,4.527692569068709,0.0,False,-0.24493281249999949,0.22383754915364534,False,False,0.0,0.8124000014504418,0.0,0.0,0.008199996955227107,0.012399999832268804
run_1790716901,860,28.66666666666725,SIMULATION,TRACKING,SEARCHING,,True,887.9622045472319,1290.856823301914,316.0632545472306,239.66965695122212,315.5,239.5,315.5,239.5,0.5882509380136449,0.0,4.527692569068709,0.995604451075672,1,True,-0.6838584895833222,1.8273810413302884,-0.008226927083333316,0.007461251638454845,0.8296000014524907,1205.400190753577,True,True,4.527692569068709,0.0,False,-0.2468078124999995,0.22383754915364534,False,False,0.0,0.8296000014524907,0.0,0.0,0.00809999619377777,0.012500000593718141
run_1790716901,861,28.700000000000585,SIMULATION,TRACKING,SEARCHING,,True,886.6608373724359,1291.8980750385635,316.07819570576805,239.51710842571902,315.5,239.5,315.5,239.5,0.5784487638496602,0.0,4.527692569068709,0.995604451075672,1,True,-0.6921479166666555,1.8348422929687433,-0.008289427083333318,0.007461251638454845,0.7858000026317313,1272.5884406348805,True,True,4.527692569068709,0.0,False,-0.24868281249999952,0.22383754915364534,False,False,0.0,0.7858000026317313,0.0,0.0,0.00790000194683671,0.01219999830937013
run_1790716901,862,28.73333333333392,SIMULATION,TRACKING,SEARCHING,,True,885.3508383863622,1292.9284460199087,316.09450505302766,239.35367914491144,315.5,238.5,315.5,238.5,1.0402905077583602,0.0,4.743416490252569,0.995604451075672,1,True,-0.7004998437499889,1.839782711273865,-0.008351927083333318,0.004940418305121512,0.8053000055951998,1241.773243576345,True,True,4.743416490252569,0.0,False,-0.25055781249999953,0.14821254915364535,False,False,0.0,0.8053000055951998,0.0,0.0,0.009000003046821803,0.016500001947861165
run_1790716901,863,28.766666666667255,SIMULATION,TRACKING,SEARCHING,,True,884.0322985606363,1293.9478646928233,316.1122735606351,239.58263088900662,315.5,239.5,315.5,239.5,0.6178242281351786,0.0,4.527692569068709,0.995604451075672,1,True,-0.7089142708333221,1.8472231295789865,-0.008414427083333316,0.007440418305121512,0.7849999965401366,1273.8853559330819,True,True,4.527692569068709,0.0,False,-0.2524328124999995,0.22321254915364536,False,False,0.0,0.7849999965401366,0.0,0.0,0.008299997716676444,0.011900003300979733
run_1790716901,864,28.80000000000059,SIMULATION,TRACKING,SEARCHING,,True,882.7053094599937,1294.9562602647536,316.1315927933259,239.40055953211754,315.5,238.5,315.5,238.5,1.0999622391105088,0.0,4.743416490252569,0.995604451075672,1,True,-0.7173911979166555,1.8521427145507747,-0.008476927083333316,0.004919584971788179,0.796199994510971,1255.9658463878836,True,True,4.743416490252569,0.0,False,-0.2543078124999995,0.14758754915364536,False,False,0.0,0.796199994510971,0.0,0.0,0.00839999847812578,0.012799995602108538
run_1790716901,865,28.833333333333925,SIMULATION,TRACKING,SEARCHING,,True,881.3699632359223,1295.9535627086343,316.1525549025879,239.61072838051223,315.5,239.5,315.5,239.5,0.6618826747561514,0.0,4.527692569068709,0.995604451075672,1,True,-0.7259306249999888,1.859562299522563,-0.008539427083333318,0.0074195849717881785,0.7929999992484227,1261.0340491144573,True,True,4.527692569068709,0.0,False,-0.2561828124999995,0.22258754915364537,False,False,0.0,0.7929999992484227,0.0,0.0,0.015899997379165143,0.012999997125007212
run_1790716901,866,28.86666666666726,SIMULATION,TRACKING,SEARCHING,,True,880.0263526202621,1296.9397027677524,316.17525262026095,239.40973484414417,315.5,238.5,315.5,238.5,1.1329534799890466,0.0,4.743416490252569,0.995604451075672,1,True,-0.7345325520833221,1.8644610511610178,-0.008601927083333316,0.004898751638454846,0.7886999956099316,1267.9092247574592,True,True,4.743416490252569,0.0,False,-0.2580578124999995,0.14696254915364537,False,False,0.0,0.7886999956099316,0.0,0.0,0.008199996955227107,0.012600001355167478
run_1790716901,867,28.900000000000595,SIMULATION,TRACKING,SEARCHING,,True,878.6745709187657,1297.9146119605555,316.19977925209787,239.6008437747946,316.5,239.5,316.5,239.5,0.31670485374515683,0.0,3.5355339059327378,0.995604451075672,1,True,-0.7415164236110999,1.8718598027994726,-0.006983871527777762,0.007398751638454846,0.8001000023796223,1249.8437658115784,True,True,3.5355339059327378,0.0,False,-0.20951614583333286,0.22196254915364538,False,False,0.0,0.8001000023796223,0.0,0.0,0.009099996532313526,0.013999997463542968
run_1790716901,868,28.93333333333393,SIMULATION,TRACKING,SEARCHING,,True,877.3147120046192,1298.8782225854081,315.9573397823958,239.3806541374945,315.5,239.5,315.5,239.5,0.47265538340215413,0.0,4.527692569068709,0.995604451075672,1,True,-0.7502294618055444,1.8792585544379274,-0.008713038194444429,0.007398751638454846,0.8541999995941296,1170.6860225651449,True,True,4.527692569068709,0.0,False,-0.26139114583333284,0.22196254915364538,False,False,0.0,0.8541999995941296,0.0,0.0,0.008899995009414852,0.012699994840659201
run_1790716901,869,28.966666666667265,SIMULATION,TRACKING,SEARCHING,,True,875.946870311923,1299.830467725293,315.9835842008108,239.1490990152265,315.5,238.5,315.5,238.5,0.8094338829341509,0.0,4.743416490252569,0.995604451075672,1,True,-0.7590049999999888,1.884136472743049,-0.008775538194444429,0.0048779183051215124,0.7924000019556843,1261.9888913830744,True,True,4.743416490252569,0.0,False,-0.26326614583333285,0.14633754915364539,False,False,0.0,0.7924000019556843,0.0,0.0,0.008299997716676444,0.012099997547920793
run_1790716901,870,29.0000000000006,SIMULATION,TRACKING,SEARCHING,,True,874.5711408291337,1300.771281252458,316.01194082913264,239.30944561357228,315.5,239.5,315.5,239.5,0.5462548734060511,0.0,4.527692569068709,0.995604451075672,1,True,-0.7678430381944332,1.8915143910481704,-0.008838038194444429,0.007377918305121513,0.8316000021295622,1202.5011994218362,True,True,4.527692569068709,0.0,False,-0.26514114583333287,0.2213375491536454,False,False,0.0,0.8316000021295622,0.0,0.0,0.017099999240599573,0.01200000406242907
run_1790716901,871,29.033333333333935,SIMULATION,TRACKING,SEARCHING,,True,873.1876190924683,1301.7005978330087,316.04250520357834,239.0582952653035,315.5,238.5,315.5,238.5,0.7784635503155564,0.0,4.743416490252569,0.995604451075672,1,True,-0.7767435763888777,1.8963714760199586,-0.008900538194444427,0.00485708497178818,0.7976000051712617,1253.7612757227587,True,True,4.743416490252569,0.0,False,-0.26701614583333283,0.1457125491536454,False,False,0.0,0.7976000051712617,0.0,0.0,0.008199996955227107,0.011500000255182385
run_1790716901,872,29.06666666666727,SIMULATION,TRACKING,SEARCHING,,True,871.7964011792689,1302.6183529314449,316.0753734014901,239.19891676825364,315.5,239.5,315.5,239.5,0.6493886845188335,0.0,4.527692569068709,0.995604451075672,1,True,-0.7857066145833221,1.9037285609917467,-0.008963038194444429,0.00735708497178818,0.7929999992484227,1261.0340491144573,True,True,4.527692569068709,0.0,False,-0.26889114583333285,0.2207125491536454,False,False,0.0,0.7929999992484227,0.0,0.0,0.008299997716676444,0.011799995263572782
run_1790716901,873,29.100000000000605,SIMULATION,TRACKING,SEARCHING,,True,870.3975837013315,1303.5244828151422,316.1106420346639,238.92791305646483,315.5,238.5,315.5,238.5,0.7456495680891513,0.0,4.743416490252569,0.995604451075672,1,True,-0.7947321527777665,1.9085648126302015,-0.009025538194444429,0.004836251638454847,0.9571999980835244,1044.7137505246221,True,True,4.743416490252569,0.0,False,-0.27076614583333286,0.1450875491536454,False,False,0.0,0.9571999980835244,0.0,0.0,0.008299997716676444,0.019999999494757503
run_1790716901,874,29.13333333333394,SIMULATION,TRACKING,SEARCHING,,True,868.9912637981968,1304.4189245587786,316.14840824264024,239.04855453794858,315.5,238.5,315.5,238.5,0.849320510895495,0.0,4.743416490252569,0.995604451075672,1,True,-0.803820190972211,1.913380230935323,-0.009088038194444429,0.004815418305121514,0.7808999944245443,1280.5737061592804,True,True,4.743416490252569,0.0,False,-0.2726411458333329,0.14446254915364543,False,False,0.0,0.7808999944245443,0.0,0.0,0.007499998901039362,0.011500000255182385
run_1790716901,875,29.166666666667275,SIMULATION,TRACKING,SEARCHING,,True,867.5775391304038,1305.3016160487036,316.1887696859584,239.16077909905425,316.5,238.5,316.5,238.5,0.7304062747029136,0.0,3.8078865529319543,0.995604451075672,1,True,-0.8112901736110999,1.918174815907111,-0.007469982638888873,0.004794584971788181,0.800199995865114,1249.6875845630038,True,True,3.8078865529319543,0.0,False,-0.2240994791666662,0.14383754915364544,False,False,0.0,0.800199995865114,0.0,0.0,0.007800001185387373,0.011399999493733048
run_1790716901,876,29.20000000000061,SIMULATION,TRACKING,SEARCHING,,True,866.1565078727087,1306.172495987252,315.9629356504855,239.26452544211656,315.5,238.5,315.5,238.5,0.8937609121761702,0.0,4.743416490252569,0.995604451075672,1,True,-0.8204893229166554,1.922948567545566,-0.00919914930555554,0.004773751638454849,0.8870000019669533,1127.3957133962406,True,True,4.743416490252569,0.0,False,-0.2759744791666662,0.14321254915364545,False,False,0.0,0.8870000019669533,0.0,0.0,0.0092999980552122,0.012399999832268804
run_1790716901,877,29.233333333333945,SIMULATION,TRACKING,SEARCHING,,True,864.7282687072665,1307.0315038969998,316.0065603739321,239.35973308971165,315.5,238.5,315.5,238.5,0.9978699303934104,0.0,4.743416490252569,0.995604451075672,1,True,-0.829750972222211,1.9277014858506876,-0.00926164930555554,0.004752918305121516,0.8076000012806617,1238.2367489032165,True,True,4.743416490252569,0.0,False,-0.2778494791666662,0.14258754915364547,False,False,0.0,0.8076000012806617,0.0,0.0,0.007599999662488699,0.01170000177808106
run_1790716901,878,29.26666666666728,SIMULATION,TRACKING,SEARCHING,,True,863.2929208167787,1307.8785801249655,316.0530763723333,239.44634238885806,315.5,239.5,315.5,239.5,0.5556731169193057,0.0,4.527692569068709,0.995604451075672,1,True,-0.8390751215277665,1.934954404155809,-0.00932414930555554,0.007252918305121515,0.9066999991773628,1102.9006296540058,True,True,4.527692569068709,0.0,False,-0.2797244791666662,0.21758754915364548,False,False,0.0,0.9066999991773628,0.0,0.0,0.012500000593718141,0.028299997211433947
run_1790716901,879,29.300000000000615,SIMULATION,TRACKING,SEARCHING,,True,861.8505638776053,1308.7136658467514,316.10258332204876,239.12096118182444,315.5,238.5,315.5,238.5,0.8652742047143924,0.0,4.743416490252569,0.995604451075672,1,True,-0.8484617708333221,1.9396864891275973,-0.00938664930555554,0.004732084971788182,0.8107000030577183,1233.5019072755626,True,True,4.743416490252569,0.0,False,-0.28159947916666617,0.14196254915364548,False,False,0.0,0.8107000030577183,0.0,0.0,0.007999995432328433,0.01200000406242907
run_1790716901,880,29.33333333333395,SIMULATION,TRACKING,SEARCHING,,True,860.4012980528428,1309.5367030706288,316.1551813861752,239.18686481021587,315.5,239.5,315.5,239.5,0.7261654741665747,0.0,4.527692569068709,0.995604451075672,1,True,-0.8579109201388776,1.9469185740993855,-0.00944914930555554,0.007232084971788183,0.7999000008567236,1250.1562681947264,True,True,4.527692569068709,0.0,False,-0.2834744791666662,0.2169625491536455,False,False,0.0,0.7999000008567236,0.0,0.0,0.007399998139590025,0.011299998732283711
run_1790716901,881,29.366666666667285,SIMULATION,TRACKING,SEARCHING,,True,858.9452239853691,1310.3476346415662,316.21097120759043,238.84066278566706,315.5,237.5,315.5,237.5,1.517516643366777,0.0,5.1478150704935,0.995604451075672,1,True,-0.8674225694444332,1.9499492701822847,-0.00951164930555554,0.003030696082899294,0.8557999972254038,1168.497316244576,True,True,5.1478150704935,0.0,False,-0.2853494791666662,0.09092088248697883,False,False,0.0,0.8557999972254038,0.0,0.0,0.009700001101009548,0.01569999585626647
run_1790716901,882,29.40000000000062,SIMULATION,TRACKING,SEARCHING,,True,857.4824427908535,1311.1464042451967,316.2700539019637,239.15452101603364,315.5,238.5,315.5,238.5,1.0106338468304132,0.0,4.743416490252569,0.995604451075672,1,True,-0.8769967187499887,1.9546257995985172,-0.00957414930555554,0.004676529416232628,0.8096000019577332,1235.1778626258044,True,True,4.743416490252569,0.0,False,-0.2872244791666662,0.14029588248697883,False,False,0.0,0.8096000019577332,0.0,0.0,0.00790000194683671,0.011199997970834374
run_1790716901,883,29.433333333333955,SIMULATION,TRACKING,SEARCHING,,True,856.0130560507357,1311.9329564117302,316.3325310507348,239.19282847596992,315.5,238.5,315.5,238.5,1.0831062955926414,0.0,4.743416490252569,0.995604451075672,1,True,-0.8866333680555443,1.9592814956814166,-0.009636649305555542,0.004655696082899295,0.8299999972223304,1204.8192811404697,True,True,4.743416490252569,0.0,False,-0.28909947916666623,0.13967088248697884,False,False,0.0,0.8299999972223304,0.0,0.0,0.007599999662488699,0.011299998732283711
run_1790716901,884,29.46666666666729,SIMULATION,TRACKING,SEARCHING,,True,854.537165805171,1312.7072365198042,316.39850469405894,239.22219721078,316.5,239.5,316.5,239.5,0.29576288953565993,0.0,3.5355339059327378,0.995604451075672,1,True,-0.8946519618055443,1.966437191764316,-0.008018593749999985,0.007155696082899295,0.8974000011221506,1114.330286103804,True,True,3.5355339059327378,0.0,False,-0.24055781249999955,0.21467088248697885,False,False,0.0,0.8974000011221506,0.0,0.0,0.009499999578110874,0.013900003978051245
run_1790716901,885,29.500000000000625,SIMULATION,TRACKING,SEARCHING,,True,853.0548745459444,1313.4691908002783,316.1991884348323,238.83924011799013,315.5,237.5,315.5,237.5,1.510770849942992,0.0,5.1478150704935,0.995604451075672,1,True,-0.904399722222211,1.9693914989583263,-0.00974776041666665,0.0029543071940104065,0.9566999942762777,1045.2597533006967,True,True,5.1478150704935,0.0,False,-0.29243281249999953,0.08862921582031219,False,False,0.0,0.9566999942762777,0.0,0.0,0.014400000509340316,0.020799998310394585
run_1790716901,886,29.53333333333396,SIMULATION,TRACKING,SEARCHING,,True,851.566285209353,1314.2187663399668,316.2702407649076,239.11612650663687,316.5,238.5,316.5,238.5,0.6575721848518209,0.0,3.8078865529319543,0.995604451075672,1,True,-0.9125294270833221,1.97399163948567,-0.008129704861111095,0.00460014052734374,0.9864000021480024,1013.7875079302332,True,True,3.8078865529319543,0.0,False,-0.24389114583333288,0.1380042158203122,False,False,0.0,0.9864000021480024,0.0,0.0,0.014199998986441642,0.020300001779105514
run_1790716901,887,29.566666666667295,SIMULATION,TRACKING,SEARCHING,,True,850.0715011690586,1314.955911085314,316.07620950239095,239.117248767609,315.5,238.5,315.5,238.5,0.8444012267639457,0.0,4.743416490252569,0.995604451075672,1,True,-0.9223882986110998,1.9785709466796804,-0.009858871527777762,0.004579307194010407,0.8485000071232207,1178.5503731348563,True,True,4.743416490252569,0.0,False,-0.2957661458333329,0.1373792158203122,False,False,0.0,0.8485000071232207,0.0,0.0,0.008900002285372466,0.013600001693703234
run_1790716901,888,29.60000000000063,SIMULATION,TRACKING,SEARCHING,,True,848.5706262289071,1315.6805738460089,316.15275400668395,239.10922237726209,316.5,238.5,316.5,238.5,0.7012358268306873,0.0,3.8078865529319543,0.995604451075672,1,True,-0.9306291145833221,1.9831294205403573,-0.008240815972222208,0.004558473860677074,0.8875000057742,1126.760556049419,True,True,3.8078865529319543,0.0,False,-0.24722447916666623,0.13675421582031222,False,False,0.0,0.8875000057742,0.0,0.0,0.009399998816661537,0.014199998986441642
run_1790716901,889,29.633333333333965,SIMULATION,TRACKING,SEARCHING,,True,847.0637646157222,1316.39270429854,315.96442294905455,239.09199701208468,315.5,238.5,315.5,238.5,0.7524288258205621,0.0,4.743416490252569,0.995604451075672,1,True,-0.9405990972222109,1.9876670610677012,-0.009969982638888875,0.004537640527343741,1.6381999957957305,610.4260789686215,True,True,4.743416490252569,0.0,False,-0.29909947916666624,0.13612921582031223,False,False,0.0,1.6381999957957305,0.0,0.0,0.015200006600935012,0.023200002033263445
run_1790716901,890,29.6666666666673,SIMULATION,TRACKING,SEARCHING,,True,845.5510209720657,1317.0922529896895,316.04687652762016,239.0655232188592,315.5,238.5,315.5,238.5,0.7866959053730662,0.0,4.743416490252569,0.995604451075672,1,True,-0.9506315798610998,1.9921838682617117,-0.010032482638888873,0.004516807194010408,1.302399999985937,767.8132678215585,True,True,4.743416490252569,0.0,False,-0.3009744791666662,0.13550421582031225,False,False,0.0,1.302399999985937,0.0,0.0,0.017799997294787318,0.023699998564552516
run_1790716901,891,29.700000000000635,SIMULATION,TRACKING,SEARCHING,,True,844.0325003489716,1317.7791713399686,316.1335531267483,239.02975241809645,315.5,238.5,315.5,238.5,0.8258493742151863,0.0,4.743416490252569,0.995604451075672,1,True,-0.9607265624999887,1.9966798421223888,-0.010094982638888873,0.004495973860677075,1.1250000025029294,888.8888869112657,True,True,4.743416490252569,0.0,False,-0.3028494791666662,0.13487921582031226,False,False,0.0,1.1250000025029294,0.0,0.0,0.017700003809295595,0.02630000381032005
run_1790716901,892,29.73333333333397,SIMULATION,TRACKING,SEARCHING,,True,842.5083081986506,1318.4534116469902,316.2245581986497,238.98463690740982,316.5,238.5,316.5,238.5,0.557441582549121,0.0,3.8078865529319543,0.995604451075672,1,True,-0.969203489583322,2.0011549826497324,-0.008476927083333318,0.004475140527343742,1.2413000004016794,805.6070246325661,True,True,3.8078865529319543,0.0,False,-0.25430781249999956,0.13425421582031227,False,False,0.0,1.2413000004016794,0.0,0.0,0.015600002370774746,0.022400003217626363
run_1790716901,893,29.766666666667305,SIMULATION,TRACKING,SEARCHING,,True,840.9785503671675,1319.1149270887815,316.05110870049987,238.9301298648263,315.5,238.5,315.5,238.5,0.6990940568923143,0.0,4.743416490252569,0.995604451075672,1,True,-0.9794095833333221,2.0056092898437425,-0.010206093749999985,0.0044543071940104095,1.2112000040360726,825.6274741311985,True,True,4.743416490252569,0.0,False,-0.30618281249999957,0.13362921582031229,False,False,0.0,1.2112000040360726,0.0,0.0,0.015099998563528061,0.021899999410379678
run_1790716901,894,29.80000000000064,SIMULATION,TRACKING,SEARCHING,,True,839.4433330870901,1319.7636717270361,316.14886642042245,238.86618535203934,315.5,238.5,315.5,238.5,0.7450633151618848,0.0,4.743416490252569,0.995604451075672,1,True,-0.9896781770833221,2.0100427637044196,-0.010268593749999985,0.004433473860677077,1.279799995245412,781.3720922918443,True,True,4.743416490252569,0.0,False,-0.3080578124999996,0.1330042158203123,False,False,0.0,1.279799995245412,0.0,0.0,0.01580000389367342,0.022599997464567423
run_1790716901,895,29.833333333333975,SIMULATION,TRACKING,SEARCHING,,True,837.9027629701126,1320.3996005103038,316.2512713034449,238.79275831759878,315.5,237.5,315.5,237.5,1.4952032099686876,0.0,5.1478150704935,0.995604451075672,1,True,-1.0000092708333221,2.012774848676208,-0.010331093749999987,0.002732084971788188,1.2303999974392354,812.7438248384635,True,True,5.1478150704935,0.0,False,-0.3099328124999996,0.08196254915364565,False,False,0.0,1.2303999974392354,0.0,0.0,0.015000005078036338,0.021899999410379678
run_1790716901,896,29.86666666666731,SIMULATION,TRACKING,SEARCHING,,True,836.3569469996518,1321.022669277119,316.3584303329841,238.97869348892777,315.5,238.5,315.5,238.5,0.9828784731232099,0.0,4.743416490252569,0.995604451075672,1,True,-1.010402864583322,2.0171527669813294,-0.010393593749999985,0.0043779183051215215,1.2986000001546927,770.0600645933139,True,True,4.743416490252569,0.0,False,-0.31180781249999956,0.13133754915364565,False,False,0.0,1.2986000001546927,0.0,0.0,0.01580000389367342,0.023299995518755168
run_1790716901,897,29.900000000000645,SIMULATION,TRACKING,SEARCHING,,True,834.8059925234177,1321.6328347590677,316.47045085674995,238.88839204205715,316.5,238.5,316.5,238.5,0.38951448009045037,0.0,3.8078865529319543,0.995604451075672,1,True,-1.0191784027777664,2.0215098519531174,-0.00877553819444443,0.004357084971788189,1.2820999982068315,779.970362217158,True,True,3.8078865529319543,0.0,False,-0.2632661458333329,0.13071254915364566,False,False,0.0,1.2820999982068315,0.0,0.0,0.011100004485342652,0.015799996617715806
run_1790716901,898,29.93333333333398,SIMULATION,TRACKING,SEARCHING,,True,833.2500072459588,1322.2300545837923,316.3185516904023,238.78847827129562,315.5,238.5,315.5,238.5,0.8678977951752883,0.0,4.743416490252569,0.995604451075672,1,True,-1.0296831076388775,2.0258461035915722,-0.010504704861111097,0.004336251638454856,1.0815999994520098,924.5562134861758,True,True,4.743416490252569,0.0,False,-0.3151411458333329,0.13008754915364568,False,False,0.0,1.0815999994520098,0.0,0.0,0.015099998563528061,0.022100000933278352
run_1790716901,899,29.966666666667315,SIMULATION,TRACKING,SEARCHING,,True,831.6890992211834,1322.8142872779338,316.4383964434046,238.67891070328437,316.5,238.5,316.5,238.5,0.18921954955794532,0.0,3.8078865529319543,0.995604451075672,1,True,-1.038569756944433,2.030161521896694,-0.008886649305555543,0.004315418305121523,1.2231000000610948,817.5946365383446,True,True,3.8078865529319543,0.0,False,-0.26659947916666626,0.1294625491536457,False,False,0.0,1.2231000000610948,0.0,0.0,0.018399994587525725,0.024900000425986946
